Predictor,Coefficient,AbsCoef,Dataset,Repeat,Fold
Total_PAD_RelZ0.55_1.00,0.012895421,0.012895421,SF_bio,1,1
Total_PAD_RelZ0.30_0.50,0.007397851,0.007397851,SF_bio,1,1
PC_Density_m3,0,0,SF_bio,1,1
cHull_vol,0,0,SF_bio,1,1
Alpha_Vol_m3,0,0,SF_bio,1,1
horizontalRumpel,0,0,SF_bio,1,1
mean_vox_ht,0,0,SF_bio,1,1
sd_vox_ht,0,0,SF_bio,1,1
zmax,0,0,SF_bio,1,1
zmean,0,0,SF_bio,1,1
PC_Density_m3,0,0,SF_bio,1,2
cHull_vol,0,0,SF_bio,1,2
Alpha_Vol_m3,0,0,SF_bio,1,2
horizontalRumpel,0,0,SF_bio,1,2
mean_vox_ht,0,0,SF_bio,1,2
sd_vox_ht,0,0,SF_bio,1,2
zmax,0,0,SF_bio,1,2
zmean,0,0,SF_bio,1,2
zsd,0,0,SF_bio,1,2
zskew,0,0,SF_bio,1,2
lad_max,0.018966225,0.018966225,SF_bio,1,3
Percent.Below.40th.Quantile,0.017520135,0.017520135,SF_bio,1,3
lad_sum,0.017133992,0.017133992,SF_bio,1,3
Percent.Below.30th.Quantile,0.015342985,0.015342985,SF_bio,1,3
lad_mean,0.01482262,0.01482262,SF_bio,1,3
Ny_mean,0.014559655,0.014559655,SF_bio,1,3
ipcumzq90,0.012077134,0.012077134,SF_bio,1,3
PCA1_mean,0.011418528,0.011418528,SF_bio,1,3
Percent.Below.10th.Quantile,-0.011079856,0.011079856,SF_bio,1,3
ipcumzq70,0.010749697,0.010749697,SF_bio,1,3
lad_max,0.183258291,0.183258291,SF_bio,1,4
Ny_mean,0.145472643,0.145472643,SF_bio,1,4
Percent.Below.30th.Quantile,0.132540887,0.132540887,SF_bio,1,4
lad_sum,0.085568268,0.085568268,SF_bio,1,4
Linearity_mean,0.033840192,0.033840192,SF_bio,1,4
lad_mean,0.017200626,0.017200626,SF_bio,1,4
PC_Density_m3,0,0,SF_bio,1,4
cHull_vol,0,0,SF_bio,1,4
Alpha_Vol_m3,0,0,SF_bio,1,4
horizontalRumpel,0,0,SF_bio,1,4
PC_Density_m3,0,0,SF_bio,1,5
cHull_vol,0,0,SF_bio,1,5
Alpha_Vol_m3,0,0,SF_bio,1,5
horizontalRumpel,0,0,SF_bio,1,5
mean_vox_ht,0,0,SF_bio,1,5
sd_vox_ht,0,0,SF_bio,1,5
zmax,0,0,SF_bio,1,5
zmean,0,0,SF_bio,1,5
zsd,0,0,SF_bio,1,5
zskew,0,0,SF_bio,1,5
lad_max,0.019523911,0.019523911,SF_bio,2,1
lad_sum,0.016657959,0.016657959,SF_bio,2,1
Percent.Below.40th.Quantile,0.015364064,0.015364064,SF_bio,2,1
lad_mean,0.015331578,0.015331578,SF_bio,2,1
Percent.Below.30th.Quantile,0.013686522,0.013686522,SF_bio,2,1
Ny_mean,0.013576105,0.013576105,SF_bio,2,1
PCA1_mean,0.012319121,0.012319121,SF_bio,2,1
PCA2_mean,0.01216658,0.01216658,SF_bio,2,1
ipcumzq70,0.012158628,0.012158628,SF_bio,2,1
ipcumzq90,0.010772767,0.010772767,SF_bio,2,1
lad_max,0.03571986,0.03571986,SF_bio,2,2
Percent.Below.30th.Quantile,0.032992919,0.032992919,SF_bio,2,2
lad_mean,0.030446506,0.030446506,SF_bio,2,2
lad_sum,0.029969515,0.029969515,SF_bio,2,2
Ny_mean,0.028747145,0.028747145,SF_bio,2,2
Percent.Below.40th.Quantile,0.025578489,0.025578489,SF_bio,2,2
Percent.Below.10th.Quantile,-0.022545669,0.022545669,SF_bio,2,2
PCA2_mean,0.021721736,0.021721736,SF_bio,2,2
Linearity_mean,0.021191588,0.021191588,SF_bio,2,2
zpcum1,-0.020840922,0.020840922,SF_bio,2,2
Total_PAD_RelZ0.30_0.50,0.117725,0.117725,SF_bio,2,3
Ny_mean,0.109146736,0.109146736,SF_bio,2,3
SD_PropOcc_RelZ0.55_1.00,0.105210653,0.105210653,SF_bio,2,3
Linearity_mean,0.089834596,0.089834596,SF_bio,2,3
Mean_PAD_RelZ0.30_0.50,0.083442066,0.083442066,SF_bio,2,3
Total_PAD_RelZ0.55_1.00,0.063957912,0.063957912,SF_bio,2,3
Mean_PAD_RelZ0.55_1.00,0.021582554,0.021582554,SF_bio,2,3
SD_PropOcc_RelZ0.30_0.50,0.02052119,0.02052119,SF_bio,2,3
PC_Density_m3,0,0,SF_bio,2,3
cHull_vol,0,0,SF_bio,2,3
PC_Density_m3,0,0,SF_bio,2,4
cHull_vol,0,0,SF_bio,2,4
Alpha_Vol_m3,0,0,SF_bio,2,4
horizontalRumpel,0,0,SF_bio,2,4
mean_vox_ht,0,0,SF_bio,2,4
sd_vox_ht,0,0,SF_bio,2,4
zmax,0,0,SF_bio,2,4
zmean,0,0,SF_bio,2,4
zsd,0,0,SF_bio,2,4
zskew,0,0,SF_bio,2,4
lad_max,0.027656423,0.027656423,SF_bio,2,5
Percent.Below.30th.Quantile,0.02490746,0.02490746,SF_bio,2,5
lad_mean,0.023471307,0.023471307,SF_bio,2,5
lad_sum,0.022569259,0.022569259,SF_bio,2,5
Ny_mean,0.022382383,0.022382383,SF_bio,2,5
Percent.Below.40th.Quantile,0.020853038,0.020853038,SF_bio,2,5
Percent.Below.20th.Quantile,0.015922873,0.015922873,SF_bio,2,5
Linearity_mean,0.015825717,0.015825717,SF_bio,2,5
Percent.Below.10th.Quantile,-0.015801214,0.015801214,SF_bio,2,5
zpcum1,-0.014227916,0.014227916,SF_bio,2,5
lad_max,0.060746495,0.060746495,SF_bio,3,1
Ny_mean,0.012924455,0.012924455,SF_bio,3,1
lad_sum,0.003918769,0.003918769,SF_bio,3,1
PC_Density_m3,0,0,SF_bio,3,1
cHull_vol,0,0,SF_bio,3,1
Alpha_Vol_m3,0,0,SF_bio,3,1
horizontalRumpel,0,0,SF_bio,3,1
mean_vox_ht,0,0,SF_bio,3,1
sd_vox_ht,0,0,SF_bio,3,1
zmax,0,0,SF_bio,3,1
lad_max,0.019521819,0.019521819,SF_bio,3,2
lad_sum,0.016332104,0.016332104,SF_bio,3,2
lad_mean,0.014999823,0.014999823,SF_bio,3,2
Percent.Below.40th.Quantile,0.014999309,0.014999309,SF_bio,3,2
Ny_mean,0.014471667,0.014471667,SF_bio,3,2
Percent.Below.30th.Quantile,0.014416126,0.014416126,SF_bio,3,2
ipcumzq70,0.011441975,0.011441975,SF_bio,3,2
ipcumzq90,0.01123305,0.01123305,SF_bio,3,2
PCA1_mean,0.01042203,0.01042203,SF_bio,3,2
Percent.Below.10th.Quantile,-0.009829841,0.009829841,SF_bio,3,2
lad_max,0.028283471,0.028283471,SF_bio,3,3
Ny_mean,0.017148213,0.017148213,SF_bio,3,3
PC_Density_m3,0,0,SF_bio,3,3
cHull_vol,0,0,SF_bio,3,3
Alpha_Vol_m3,0,0,SF_bio,3,3
horizontalRumpel,0,0,SF_bio,3,3
mean_vox_ht,0,0,SF_bio,3,3
sd_vox_ht,0,0,SF_bio,3,3
zmax,0,0,SF_bio,3,3
zmean,0,0,SF_bio,3,3
Percent.Below.30th.Quantile,0.433750061,0.433750061,SF_bio,3,4
lad_max,0.325112593,0.325112593,SF_bio,3,4
Ny_mean,0.311893178,0.311893178,SF_bio,3,4
Linearity_mean,0.172764759,0.172764759,SF_bio,3,4
PCA2_mean,0.132995957,0.132995957,SF_bio,3,4
PCA1_mean,0.108653688,0.108653688,SF_bio,3,4
Percent.Below.40th.Quantile,0.102145194,0.102145194,SF_bio,3,4
lad_mean,0.089788422,0.089788422,SF_bio,3,4
lad_sum,0.087413727,0.087413727,SF_bio,3,4
Percent.Below.20th.Quantile,0.052352165,0.052352165,SF_bio,3,4
Total_PAD_RelZ0.30_0.50,0.010933355,0.010933355,SF_bio,3,5
Linearity_mean,0.01084616,0.01084616,SF_bio,3,5
Ny_mean,0.010449863,0.010449863,SF_bio,3,5
Total_PAD_RelZ0.55_1.00,0.01026344,0.01026344,SF_bio,3,5
SD_PropOcc_RelZ0.55_1.00,0.009887915,0.009887915,SF_bio,3,5
lad_max,0.009786587,0.009786587,SF_bio,3,5
Mean_PAD_RelZ0.30_0.50,0.00923315,0.00923315,SF_bio,3,5
lad_sum,0.009221406,0.009221406,SF_bio,3,5
eSum_mean,-0.009052079,0.009052079,SF_bio,3,5
eMedium_mean,-0.008987681,0.008987681,SF_bio,3,5
Total_PAD_RelZ0.30_0.50,0.015909032,0.015909032,SF_bio,4,1
Mean_PAD_RelZ0.30_0.50,0.014816943,0.014816943,SF_bio,4,1
Linearity_mean,0.014603642,0.014603642,SF_bio,4,1
Ny_mean,0.013968735,0.013968735,SF_bio,4,1
SD_PropOcc_RelZ0.55_1.00,0.013689762,0.013689762,SF_bio,4,1
Total_PAD_RelZ0.55_1.00,0.013456038,0.013456038,SF_bio,4,1
lad_max,0.013417206,0.013417206,SF_bio,4,1
lad_sum,0.012657169,0.012657169,SF_bio,4,1
eSum_mean,-0.012220572,0.012220572,SF_bio,4,1
eMedium_mean,-0.012143134,0.012143134,SF_bio,4,1
PC_Density_m3,0,0,SF_bio,4,2
cHull_vol,0,0,SF_bio,4,2
Alpha_Vol_m3,0,0,SF_bio,4,2
horizontalRumpel,0,0,SF_bio,4,2
mean_vox_ht,0,0,SF_bio,4,2
sd_vox_ht,0,0,SF_bio,4,2
zmax,0,0,SF_bio,4,2
zmean,0,0,SF_bio,4,2
zsd,0,0,SF_bio,4,2
zskew,0,0,SF_bio,4,2
Ny_mean,0.187217438,0.187217438,SF_bio,4,3
lad_max,0.155887447,0.155887447,SF_bio,4,3
Percent.Below.30th.Quantile,0.104753783,0.104753783,SF_bio,4,3
PC_Density_m3,0,0,SF_bio,4,3
cHull_vol,0,0,SF_bio,4,3
Alpha_Vol_m3,0,0,SF_bio,4,3
horizontalRumpel,0,0,SF_bio,4,3
mean_vox_ht,0,0,SF_bio,4,3
sd_vox_ht,0,0,SF_bio,4,3
zmax,0,0,SF_bio,4,3
PC_Density_m3,0,0,SF_bio,4,4
cHull_vol,0,0,SF_bio,4,4
Alpha_Vol_m3,0,0,SF_bio,4,4
horizontalRumpel,0,0,SF_bio,4,4
mean_vox_ht,0,0,SF_bio,4,4
sd_vox_ht,0,0,SF_bio,4,4
zmax,0,0,SF_bio,4,4
zmean,0,0,SF_bio,4,4
zsd,0,0,SF_bio,4,4
zskew,0,0,SF_bio,4,4
PC_Density_m3,0,0,SF_bio,4,5
cHull_vol,0,0,SF_bio,4,5
Alpha_Vol_m3,0,0,SF_bio,4,5
horizontalRumpel,0,0,SF_bio,4,5
mean_vox_ht,0,0,SF_bio,4,5
sd_vox_ht,0,0,SF_bio,4,5
zmax,0,0,SF_bio,4,5
zmean,0,0,SF_bio,4,5
zsd,0,0,SF_bio,4,5
zskew,0,0,SF_bio,4,5
lad_max,1.626599632,1.626599632,SF_bio,5,1
PC_Density_m3,0,0,SF_bio,5,1
cHull_vol,0,0,SF_bio,5,1
Alpha_Vol_m3,0,0,SF_bio,5,1
horizontalRumpel,0,0,SF_bio,5,1
mean_vox_ht,0,0,SF_bio,5,1
sd_vox_ht,0,0,SF_bio,5,1
zmax,0,0,SF_bio,5,1
zmean,0,0,SF_bio,5,1
zsd,0,0,SF_bio,5,1
Total_PAD_RelZ0.30_0.50,0.032330631,0.032330631,SF_bio,5,2
Total_PAD_RelZ0.55_1.00,0.0295231,0.0295231,SF_bio,5,2
Mean_PAD_RelZ0.30_0.50,0.028797124,0.028797124,SF_bio,5,2
lad_max,0.027304404,0.027304404,SF_bio,5,2
SD_PropOcc_RelZ0.55_1.00,0.025539997,0.025539997,SF_bio,5,2
Linearity_mean,0.025401804,0.025401804,SF_bio,5,2
Mean_PAD_RelZ0.55_1.00,0.025337586,0.025337586,SF_bio,5,2
Ny_mean,0.024108893,0.024108893,SF_bio,5,2
lad_sum,0.023185084,0.023185084,SF_bio,5,2
lad_mean,0.023087263,0.023087263,SF_bio,5,2
Ny_mean,0.284767782,0.284767782,SF_bio,5,3
Percent.Below.30th.Quantile,0.283216155,0.283216155,SF_bio,5,3
lad_max,0.241216746,0.241216746,SF_bio,5,3
PCA2_mean,0.215228035,0.215228035,SF_bio,5,3
Percent.Below.40th.Quantile,0.199534213,0.199534213,SF_bio,5,3
PCA1_mean,0.186660019,0.186660019,SF_bio,5,3
Percent.Below.20th.Quantile,0.180015644,0.180015644,SF_bio,5,3
lad_sum,0.169263579,0.169263579,SF_bio,5,3
lad_mean,0.156829138,0.156829138,SF_bio,5,3
PCA2_sd,-0.15235359,0.15235359,SF_bio,5,3
Percent.Below.30th.Quantile,0.175681143,0.175681143,SF_bio,5,4
lad_max,0.166949031,0.166949031,SF_bio,5,4
Ny_mean,0.106049088,0.106049088,SF_bio,5,4
lad_sum,0.055256348,0.055256348,SF_bio,5,4
lad_mean,0.046680738,0.046680738,SF_bio,5,4
Percent.Below.40th.Quantile,0.034093028,0.034093028,SF_bio,5,4
PC_Density_m3,0,0,SF_bio,5,4
cHull_vol,0,0,SF_bio,5,4
Alpha_Vol_m3,0,0,SF_bio,5,4
horizontalRumpel,0,0,SF_bio,5,4
lad_max,0.018411185,0.018411185,SF_bio,5,5
Percent.Below.40th.Quantile,0.016896501,0.016896501,SF_bio,5,5
lad_sum,0.015787643,0.015787643,SF_bio,5,5
Percent.Below.30th.Quantile,0.015083684,0.015083684,SF_bio,5,5
Ny_mean,0.014752152,0.014752152,SF_bio,5,5
lad_mean,0.014019536,0.014019536,SF_bio,5,5
ipcumzq90,0.012771906,0.012771906,SF_bio,5,5
PCA1_mean,0.012504125,0.012504125,SF_bio,5,5
ipcumzq70,0.011723978,0.011723978,SF_bio,5,5
PCA2_mean,0.010924916,0.010924916,SF_bio,5,5
lad_max,0.028094062,0.028094062,SF_bio,6,1
Percent.Below.30th.Quantile,0.025387054,0.025387054,SF_bio,6,1
lad_sum,0.023329525,0.023329525,SF_bio,6,1
lad_mean,0.023183221,0.023183221,SF_bio,6,1
Ny_mean,0.021852803,0.021852803,SF_bio,6,1
Percent.Below.40th.Quantile,0.018339349,0.018339349,SF_bio,6,1
Percent.Below.20th.Quantile,0.016561923,0.016561923,SF_bio,6,1
Linearity_mean,0.016096221,0.016096221,SF_bio,6,1
Percent.Below.10th.Quantile,-0.015269318,0.015269318,SF_bio,6,1
PCA1_mean,0.014309363,0.014309363,SF_bio,6,1
Percent.Below.30th.Quantile,0.323600147,0.323600147,SF_bio,6,2
lad_max,0.273862736,0.273862736,SF_bio,6,2
PCA2_mean,0.247073784,0.247073784,SF_bio,6,2
Ny_mean,0.243928043,0.243928043,SF_bio,6,2
Percent.Below.40th.Quantile,0.228570746,0.228570746,SF_bio,6,2
PCA1_mean,0.217143574,0.217143574,SF_bio,6,2
lad_sum,0.19902104,0.19902104,SF_bio,6,2
lad_mean,0.196872159,0.196872159,SF_bio,6,2
Percent.Below.20th.Quantile,0.184256649,0.184256649,SF_bio,6,2
zq5,-0.181122933,0.181122933,SF_bio,6,2
lad_max,0.01807254,0.01807254,SF_bio,6,3
Percent.Below.40th.Quantile,0.016895966,0.016895966,SF_bio,6,3
lad_sum,0.014744696,0.014744696,SF_bio,6,3
lad_mean,0.014611559,0.014611559,SF_bio,6,3
Percent.Below.30th.Quantile,0.014130908,0.014130908,SF_bio,6,3
Ny_mean,0.013802591,0.013802591,SF_bio,6,3
PCA1_mean,0.009340604,0.009340604,SF_bio,6,3
ipcumzq90,0.009152348,0.009152348,SF_bio,6,3
PCA2_mean,0.008937672,0.008937672,SF_bio,6,3
Percent.Below.10th.Quantile,-0.008840858,0.008840858,SF_bio,6,3
Total_PAD_RelZ0.30_0.50,0.052814296,0.052814296,SF_bio,6,4
Mean_PAD_RelZ0.30_0.50,0.048329572,0.048329572,SF_bio,6,4
Ny_mean,0.047850883,0.047850883,SF_bio,6,4
lad_max,0.046304631,0.046304631,SF_bio,6,4
Total_PAD_RelZ0.55_1.00,0.039986222,0.039986222,SF_bio,6,4
lad_mean,0.038298866,0.038298866,SF_bio,6,4
Linearity_mean,0.037361543,0.037361543,SF_bio,6,4
SD_PropOcc_RelZ0.55_1.00,0.037192027,0.037192027,SF_bio,6,4
lad_sum,0.036786737,0.036786737,SF_bio,6,4
PCA2_sd,-0.034831306,0.034831306,SF_bio,6,4
lad_max,0.027998462,0.027998462,SF_bio,6,5
Percent.Below.30th.Quantile,0.026017555,0.026017555,SF_bio,6,5
lad_sum,0.023305821,0.023305821,SF_bio,6,5
lad_mean,0.023085523,0.023085523,SF_bio,6,5
Ny_mean,0.022988175,0.022988175,SF_bio,6,5
Percent.Below.40th.Quantile,0.019945237,0.019945237,SF_bio,6,5
PCA2_mean,0.017013251,0.017013251,SF_bio,6,5
Percent.Below.10th.Quantile,-0.016452397,0.016452397,SF_bio,6,5
Percent.Below.20th.Quantile,0.016365444,0.016365444,SF_bio,6,5
Linearity_mean,0.016342796,0.016342796,SF_bio,6,5
Percent.Below.30th.Quantile,0.321578283,0.321578283,SF_bio,7,1
Ny_mean,0.291020598,0.291020598,SF_bio,7,1
lad_max,0.275785825,0.275785825,SF_bio,7,1
PCA2_mean,0.251439486,0.251439486,SF_bio,7,1
Percent.Below.40th.Quantile,0.234778573,0.234778573,SF_bio,7,1
zq5,-0.213634534,0.213634534,SF_bio,7,1
PCA1_mean,0.208263921,0.208263921,SF_bio,7,1
lad_sum,0.202959745,0.202959745,SF_bio,7,1
Percent.Below.20th.Quantile,0.196219033,0.196219033,SF_bio,7,1
Oligophotic,-0.189779649,0.189779649,SF_bio,7,1
Total_PAD_RelZ0.30_0.50,0.012009715,0.012009715,SF_bio,7,2
Mean_PAD_RelZ0.30_0.50,0.011256761,0.011256761,SF_bio,7,2
Ny_mean,0.010907289,0.010907289,SF_bio,7,2
lad_max,0.010712324,0.010712324,SF_bio,7,2
Linearity_mean,0.010381727,0.010381727,SF_bio,7,2
lad_sum,0.009634725,0.009634725,SF_bio,7,2
SD_PropOcc_RelZ0.55_1.00,0.008809356,0.008809356,SF_bio,7,2
lad_mean,0.008723991,0.008723991,SF_bio,7,2
eMedium_mean,-0.008671817,0.008671817,SF_bio,7,2
Total_PAD_RelZ0.55_1.00,0.008410751,0.008410751,SF_bio,7,2
PC_Density_m3,0,0,SF_bio,7,3
cHull_vol,0,0,SF_bio,7,3
Alpha_Vol_m3,0,0,SF_bio,7,3
horizontalRumpel,0,0,SF_bio,7,3
mean_vox_ht,0,0,SF_bio,7,3
sd_vox_ht,0,0,SF_bio,7,3
zmax,0,0,SF_bio,7,3
zmean,0,0,SF_bio,7,3
zsd,0,0,SF_bio,7,3
zskew,0,0,SF_bio,7,3
lad_max,0.089988179,0.089988179,SF_bio,7,4
Percent.Below.30th.Quantile,0.088499135,0.088499135,SF_bio,7,4
Ny_mean,0.074839935,0.074839935,SF_bio,7,4
lad_mean,0.07281542,0.07281542,SF_bio,7,4
lad_sum,0.069693612,0.069693612,SF_bio,7,4
PCA2_mean,0.065774425,0.065774425,SF_bio,7,4
Percent.Below.40th.Quantile,0.065232134,0.065232134,SF_bio,7,4
PCA1_mean,0.058767561,0.058767561,SF_bio,7,4
Percent.Below.20th.Quantile,0.055160012,0.055160012,SF_bio,7,4
Percent.Below.10th.Quantile,-0.047618301,0.047618301,SF_bio,7,4
Percent.Below.30th.Quantile,0.28744875,0.28744875,SF_bio,7,5
Ny_mean,0.273807991,0.273807991,SF_bio,7,5
lad_max,0.249760189,0.249760189,SF_bio,7,5
Percent.Below.40th.Quantile,0.222199627,0.222199627,SF_bio,7,5
PCA2_mean,0.220156684,0.220156684,SF_bio,7,5
lad_mean,0.174344163,0.174344163,SF_bio,7,5
lad_sum,0.171588754,0.171588754,SF_bio,7,5
PCA2_sd,-0.170121845,0.170121845,SF_bio,7,5
PCA1_mean,0.160907505,0.160907505,SF_bio,7,5
Oligophotic,-0.160598628,0.160598628,SF_bio,7,5
lad_max,0.0302361,0.0302361,SF_bio,8,1
lad_sum,0.025718234,0.025718234,SF_bio,8,1
lad_mean,0.025273955,0.025273955,SF_bio,8,1
Ny_mean,0.024649968,0.024649968,SF_bio,8,1
Percent.Below.30th.Quantile,0.024239417,0.024239417,SF_bio,8,1
Percent.Below.40th.Quantile,0.019645784,0.019645784,SF_bio,8,1
Percent.Below.10th.Quantile,-0.017207273,0.017207273,SF_bio,8,1
Linearity_mean,0.016325015,0.016325015,SF_bio,8,1
PCA2_mean,0.015775116,0.015775116,SF_bio,8,1
Percent.Below.20th.Quantile,0.015598466,0.015598466,SF_bio,8,1
Total_PAD_RelZ0.30_0.50,0.011949385,0.011949385,SF_bio,8,2
Mean_PAD_RelZ0.30_0.50,0.011155144,0.011155144,SF_bio,8,2
Linearity_mean,0.011065525,0.011065525,SF_bio,8,2
Ny_mean,0.011026723,0.011026723,SF_bio,8,2
lad_max,0.010304669,0.010304669,SF_bio,8,2
SD_PropOcc_RelZ0.55_1.00,0.010284618,0.010284618,SF_bio,8,2
Total_PAD_RelZ0.55_1.00,0.009526606,0.009526606,SF_bio,8,2
lad_sum,0.009311432,0.009311432,SF_bio,8,2
eMedium_mean,-0.009292744,0.009292744,SF_bio,8,2
SD_PropOcc_RelZ0.30_0.50,0.009199357,0.009199357,SF_bio,8,2
PC_Density_m3,0,0,SF_bio,8,3
cHull_vol,0,0,SF_bio,8,3
Alpha_Vol_m3,0,0,SF_bio,8,3
horizontalRumpel,0,0,SF_bio,8,3
mean_vox_ht,0,0,SF_bio,8,3
sd_vox_ht,0,0,SF_bio,8,3
zmax,0,0,SF_bio,8,3
zmean,0,0,SF_bio,8,3
zsd,0,0,SF_bio,8,3
zskew,0,0,SF_bio,8,3
lad_max,0.163313968,0.163313968,SF_bio,8,4
Ny_mean,0.125363737,0.125363737,SF_bio,8,4
Percent.Below.30th.Quantile,0.123791265,0.123791265,SF_bio,8,4
lad_sum,0.080195808,0.080195808,SF_bio,8,4
Percent.Below.40th.Quantile,0.035980075,0.035980075,SF_bio,8,4
lad_mean,0.017213886,0.017213886,SF_bio,8,4
Linearity_mean,0.00513303,0.00513303,SF_bio,8,4
PC_Density_m3,0,0,SF_bio,8,4
cHull_vol,0,0,SF_bio,8,4
Alpha_Vol_m3,0,0,SF_bio,8,4
Percent.Below.40th.Quantile,0.015862234,0.015862234,SF_bio,8,5
lad_max,0.015518991,0.015518991,SF_bio,8,5
Percent.Below.30th.Quantile,0.014955215,0.014955215,SF_bio,8,5
Ny_mean,0.014153548,0.014153548,SF_bio,8,5
PCA1_mean,0.014035894,0.014035894,SF_bio,8,5
lad_sum,0.013085315,0.013085315,SF_bio,8,5
ipcumzq90,0.012573029,0.012573029,SF_bio,8,5
ipcumzq70,0.012329705,0.012329705,SF_bio,8,5
PCA2_mean,0.011799471,0.011799471,SF_bio,8,5
lad_mean,0.011401481,0.011401481,SF_bio,8,5
lad_max,0.028615799,0.028615799,SF_bio,9,1
Percent.Below.30th.Quantile,0.025089854,0.025089854,SF_bio,9,1
lad_sum,0.024694649,0.024694649,SF_bio,9,1
lad_mean,0.023970733,0.023970733,SF_bio,9,1
Ny_mean,0.023674343,0.023674343,SF_bio,9,1
Percent.Below.40th.Quantile,0.020723569,0.020723569,SF_bio,9,1
Percent.Below.10th.Quantile,-0.017833948,0.017833948,SF_bio,9,1
Linearity_mean,0.016460301,0.016460301,SF_bio,9,1
PCA2_mean,0.016425731,0.016425731,SF_bio,9,1
zpcum1,-0.016283618,0.016283618,SF_bio,9,1
lad_max,0.028727472,0.028727472,SF_bio,9,2
Percent.Below.30th.Quantile,0.026750696,0.026750696,SF_bio,9,2
lad_mean,0.024280989,0.024280989,SF_bio,9,2
lad_sum,0.023492206,0.023492206,SF_bio,9,2
Ny_mean,0.022825666,0.022825666,SF_bio,9,2
Percent.Below.40th.Quantile,0.021733008,0.021733008,SF_bio,9,2
Percent.Below.20th.Quantile,0.017468368,0.017468368,SF_bio,9,2
PCA2_mean,0.016095436,0.016095436,SF_bio,9,2
PCA1_mean,0.01592041,0.01592041,SF_bio,9,2
Percent.Below.10th.Quantile,-0.01560223,0.01560223,SF_bio,9,2
Percent.Below.30th.Quantile,1.15241374,1.15241374,SF_bio,9,3
Ny_mean,0.850960569,0.850960569,SF_bio,9,3
Oligophotic,-0.828278057,0.828278057,SF_bio,9,3
lad_max,0.698535794,0.698535794,SF_bio,9,3
PCA2_mean,0.493767003,0.493767003,SF_bio,9,3
PCA2_sd,-0.398803133,0.398803133,SF_bio,9,3
Total_PAD_RelZ0.55_1.00,0.377340251,0.377340251,SF_bio,9,3
ipcumzq70,0.324720144,0.324720144,SF_bio,9,3
PCA1_mean,0.235411869,0.235411869,SF_bio,9,3
Linearity_mean,0.233275283,0.233275283,SF_bio,9,3
lad_max,0.016082375,0.016082375,SF_bio,9,4
Percent.Below.40th.Quantile,0.015591612,0.015591612,SF_bio,9,4
Ny_mean,0.0146153,0.0146153,SF_bio,9,4
lad_sum,0.014213519,0.014213519,SF_bio,9,4
Percent.Below.30th.Quantile,0.013666507,0.013666507,SF_bio,9,4
PCA1_mean,0.012985845,0.012985845,SF_bio,9,4
ipcumzq90,0.01228339,0.01228339,SF_bio,9,4
lad_mean,0.012112101,0.012112101,SF_bio,9,4
ipcumzq70,0.011540295,0.011540295,SF_bio,9,4
PCA2_mean,0.011328747,0.011328747,SF_bio,9,4
Total_PAD_RelZ0.30_0.50,0.008654178,0.008654178,SF_bio,9,5
Linearity_mean,0.008622339,0.008622339,SF_bio,9,5
Ny_mean,0.008333065,0.008333065,SF_bio,9,5
lad_max,0.008163937,0.008163937,SF_bio,9,5
Mean_PAD_RelZ0.30_0.50,0.007507007,0.007507007,SF_bio,9,5
lad_sum,0.007355665,0.007355665,SF_bio,9,5
SD_PropOcc_RelZ0.30_0.50,0.007226727,0.007226727,SF_bio,9,5
eMedium_mean,-0.007097811,0.007097811,SF_bio,9,5
eSum_mean,-0.007093942,0.007093942,SF_bio,9,5
lad_mean,0.007033563,0.007033563,SF_bio,9,5
lad_max,0.019630875,0.019630875,SF_bio,10,1
lad_sum,0.017361594,0.017361594,SF_bio,10,1
Percent.Below.40th.Quantile,0.016055851,0.016055851,SF_bio,10,1
Ny_mean,0.015659899,0.015659899,SF_bio,10,1
lad_mean,0.015644705,0.015644705,SF_bio,10,1
Percent.Below.30th.Quantile,0.014286142,0.014286142,SF_bio,10,1
PCA1_mean,0.014215924,0.014215924,SF_bio,10,1
PCA2_mean,0.012233568,0.012233568,SF_bio,10,1
Percent.Below.10th.Quantile,-0.011502591,0.011502591,SF_bio,10,1
ipcumzq90,0.011286111,0.011286111,SF_bio,10,1
Total_PAD_RelZ0.30_0.50,0.063360908,0.063360908,SF_bio,10,2
PC_Density_m3,0,0,SF_bio,10,2
cHull_vol,0,0,SF_bio,10,2
Alpha_Vol_m3,0,0,SF_bio,10,2
horizontalRumpel,0,0,SF_bio,10,2
mean_vox_ht,0,0,SF_bio,10,2
sd_vox_ht,0,0,SF_bio,10,2
zmax,0,0,SF_bio,10,2
zmean,0,0,SF_bio,10,2
zsd,0,0,SF_bio,10,2
PC_Density_m3,0,0,SF_bio,10,3
cHull_vol,0,0,SF_bio,10,3
Alpha_Vol_m3,0,0,SF_bio,10,3
horizontalRumpel,0,0,SF_bio,10,3
mean_vox_ht,0,0,SF_bio,10,3
sd_vox_ht,0,0,SF_bio,10,3
zmax,0,0,SF_bio,10,3
zmean,0,0,SF_bio,10,3
zsd,0,0,SF_bio,10,3
zskew,0,0,SF_bio,10,3
Percent.Below.30th.Quantile,0.335204178,0.335204178,SF_bio,10,4
Ny_mean,0.32015068,0.32015068,SF_bio,10,4
lad_max,0.319784977,0.319784977,SF_bio,10,4
PCA2_mean,0.245061263,0.245061263,SF_bio,10,4
Percent.Below.40th.Quantile,0.235403011,0.235403011,SF_bio,10,4
lad_sum,0.22432059,0.22432059,SF_bio,10,4
lad_mean,0.218359861,0.218359861,SF_bio,10,4
PCA1_mean,0.212970985,0.212970985,SF_bio,10,4
Oligophotic,-0.191312988,0.191312988,SF_bio,10,4
zq5,-0.177785725,0.177785725,SF_bio,10,4
PC_Density_m3,0,0,SF_bio,10,5
cHull_vol,0,0,SF_bio,10,5
Alpha_Vol_m3,0,0,SF_bio,10,5
horizontalRumpel,0,0,SF_bio,10,5
mean_vox_ht,0,0,SF_bio,10,5
sd_vox_ht,0,0,SF_bio,10,5
zmax,0,0,SF_bio,10,5
zmean,0,0,SF_bio,10,5
zsd,0,0,SF_bio,10,5
zskew,0,0,SF_bio,10,5
imean,0.002290044,0.002290044,Herb,1,1
eSmallest_mean,0.001147336,0.001147336,Herb,1,1
Anisotropy_mean,-0.001117785,0.001117785,Herb,1,1
Omnivariance_mean,0.001115921,0.001115921,Herb,1,1
Percent.Below.20th.Quantile,0.001098815,0.001098815,Herb,1,1
lad_min,-0.001079318,0.001079318,Herb,1,1
vzrumple,-0.001060985,0.001060985,Herb,1,1
Sphericity_mean,0.001040513,0.001040513,Herb,1,1
SD_PropOcc_FullROI,-0.000983527,0.000983527,Herb,1,1
Mean_PropOcc_RelZ0_0.25,-0.000971727,0.000971727,Herb,1,1
eSmallest_mean,0.019513581,0.019513581,Herb,1,2
imean,0.009785146,0.009785146,Herb,1,2
Total_PAD_FullROI,-0.007082191,0.007082191,Herb,1,2
Percent.Below.20th.Quantile,0.004135907,0.004135907,Herb,1,2
Skew_PropOcc_RelZ0_0.25,0.002427973,0.002427973,Herb,1,2
Total_PAD_RelZ0.55_1.00,-0.001970172,0.001970172,Herb,1,2
iskew,-0.001822776,0.001822776,Herb,1,2
Skew_PropOcc_RelZ1.05_2.00,0.000848872,0.000848872,Herb,1,2
lad_min,-0.000832455,0.000832455,Herb,1,2
SD_PropOcc_RelZ1.05_2.00,-0.000571249,0.000571249,Herb,1,2
imean,0.005148387,0.005148387,Herb,1,3
eSmallest_mean,0.003402978,0.003402978,Herb,1,3
Anisotropy_mean,-0.002430565,0.002430565,Herb,1,3
Sphericity_mean,0.002240566,0.002240566,Herb,1,3
Omnivariance_mean,0.002231709,0.002231709,Herb,1,3
iskew,-0.002113002,0.002113002,Herb,1,3
Total_PAD_FullROI,-0.002038015,0.002038015,Herb,1,3
Percent.Below.20th.Quantile,0.001683154,0.001683154,Herb,1,3
PC_Strata_0.25.0.50,0.001635011,0.001635011,Herb,1,3
SD_PropOcc_RelZ1.05_2.00,-0.001616355,0.001616355,Herb,1,3
imean,0.014165239,0.014165239,Herb,1,4
eSmallest_mean,0.013971873,0.013971873,Herb,1,4
PC_Strata_0.25.0.50,0.006704071,0.006704071,Herb,1,4
Linearity_mean,-0.006190583,0.006190583,Herb,1,4
Percent.Below.20th.Quantile,0.003468064,0.003468064,Herb,1,4
Total_PAD_FullROI,-0.002316837,0.002316837,Herb,1,4
lad_min,-0.00225123,0.00225123,Herb,1,4
PCA1_mean,0.002100454,0.002100454,Herb,1,4
Ny_mean,-0.001407295,0.001407295,Herb,1,4
area,0.001307466,0.001307466,Herb,1,4
imean,0.002636319,0.002636319,Herb,1,5
Percent.Below.20th.Quantile,0.001597687,0.001597687,Herb,1,5
eSmallest_mean,0.001506704,0.001506704,Herb,1,5
Anisotropy_mean,-0.001401058,0.001401058,Herb,1,5
Sphericity_mean,0.001387848,0.001387848,Herb,1,5
lad_min,-0.001383166,0.001383166,Herb,1,5
Omnivariance_mean,0.001233086,0.001233086,Herb,1,5
Nx_mean,0.001229859,0.001229859,Herb,1,5
ChangeCurvature_mean,0.001179214,0.001179214,Herb,1,5
Curvature_mean,0.001162392,0.001162392,Herb,1,5
imean,0.002568639,0.002568639,Herb,2,1
lad_min,-0.001448932,0.001448932,Herb,2,1
eSmallest_mean,0.001343016,0.001343016,Herb,2,1
Percent.Below.20th.Quantile,0.001297727,0.001297727,Herb,2,1
ipcumzq90,0.001275454,0.001275454,Herb,2,1
Anisotropy_mean,-0.001271376,0.001271376,Herb,2,1
Sphericity_mean,0.0012072,0.0012072,Herb,2,1
Omnivariance_mean,0.001207083,0.001207083,Herb,2,1
iskew,-0.001153346,0.001153346,Herb,2,1
PCA1_mean,0.001100954,0.001100954,Herb,2,1
eSmallest_mean,0.016089341,0.016089341,Herb,2,2
imean,0.010169514,0.010169514,Herb,2,2
Total_PAD_FullROI,-0.004478598,0.004478598,Herb,2,2
Percent.Below.20th.Quantile,0.004387548,0.004387548,Herb,2,2
Skew_PropOcc_RelZ0_0.25,0.002784183,0.002784183,Herb,2,2
SD_PropOcc_RelZ1.05_2.00,-0.002298433,0.002298433,Herb,2,2
lad_min,-0.001867177,0.001867177,Herb,2,2
Total_PAD_RelZ0.55_1.00,-0.001361538,0.001361538,Herb,2,2
iskew,-0.000605068,0.000605068,Herb,2,2
PC_Density_m3,0,0,Herb,2,2
Nx_mean,0.005821245,0.005821245,Herb,2,3
imean,0.005274429,0.005274429,Herb,2,3
PC_Strata_0.25.0.50,0.005002641,0.005002641,Herb,2,3
eSmallest_mean,0.004434739,0.004434739,Herb,2,3
Anisotropy_mean,-0.003662154,0.003662154,Herb,2,3
MomentOrder1_mean,-0.003536144,0.003536144,Herb,2,3
Anisotropy_sd,0.003334564,0.003334564,Herb,2,3
Total_PAD_FullROI,-0.002986876,0.002986876,Herb,2,3
Linearity_mean,-0.002915579,0.002915579,Herb,2,3
eLargest_sd,-0.002862278,0.002862278,Herb,2,3
eSmallest_mean,0.015498561,0.015498561,Herb,2,4
imean,0.013610777,0.013610777,Herb,2,4
Total_PAD_FullROI,-0.007310951,0.007310951,Herb,2,4
lad_min,-0.002849631,0.002849631,Herb,2,4
SD_PropOcc_FullROI,-0.002528792,0.002528792,Herb,2,4
Percent_EmptySpace_RelZ1.05_2.00,0.002038536,0.002038536,Herb,2,4
Percent.Below.20th.Quantile,0.001850684,0.001850684,Herb,2,4
MomentOrder1_mean,-0.000413741,0.000413741,Herb,2,4
Ny_mean,-0.000356416,0.000356416,Herb,2,4
Total_PAD_RelZ0.55_1.00,-0.000333555,0.000333555,Herb,2,4
imean,0.00852223,0.00852223,Herb,2,5
PC_Strata_0.25.0.50,0.003914829,0.003914829,Herb,2,5
eSmallest_mean,0.003516891,0.003516891,Herb,2,5
Percent.Below.20th.Quantile,0.003215967,0.003215967,Herb,2,5
Anisotropy_mean,-0.002917825,0.002917825,Herb,2,5
Total_PAD_FullROI,-0.002766349,0.002766349,Herb,2,5
Skew_PropOcc_RelZ0_0.25,0.002737584,0.002737584,Herb,2,5
NormalChangeRate_sd,-0.002708022,0.002708022,Herb,2,5
Planarity_sd,-0.002703316,0.002703316,Herb,2,5
PCA1_mean,0.002222744,0.002222744,Herb,2,5
imean,0.009174483,0.009174483,Herb,3,1
eSmallest_mean,0.006762676,0.006762676,Herb,3,1
Anisotropy_mean,-0.004845179,0.004845179,Herb,3,1
Percent.Below.20th.Quantile,0.001501969,0.001501969,Herb,3,1
Total_PAD_RelZ0.55_1.00,-0.001043621,0.001043621,Herb,3,1
iskew,-0.000845129,0.000845129,Herb,3,1
zpcum7,0.000281254,0.000281254,Herb,3,1
PC_Density_m3,0,0,Herb,3,1
cHull_vol,0,0,Herb,3,1
Alpha_Vol_m3,0,0,Herb,3,1
imean,0.005325012,0.005325012,Herb,3,2
eSmallest_mean,0.00382927,0.00382927,Herb,3,2
Percent.Below.20th.Quantile,0.003414165,0.003414165,Herb,3,2
Total_PAD_FullROI,-0.003164638,0.003164638,Herb,3,2
PC_Strata_0.25.0.50,0.003017261,0.003017261,Herb,3,2
Omnivariance_mean,0.002694933,0.002694933,Herb,3,2
Sphericity_mean,0.002553291,0.002553291,Herb,3,2
lad_min,-0.002425776,0.002425776,Herb,3,2
Anisotropy_mean,-0.002311195,0.002311195,Herb,3,2
eLargest_sd,-0.001759491,0.001759491,Herb,3,2
eSmallest_mean,0.010131319,0.010131319,Herb,3,3
imean,0.009710594,0.009710594,Herb,3,3
Percent.Below.20th.Quantile,0.006101437,0.006101437,Herb,3,3
Mean_PropOcc_RelZ0_0.25,-0.003708567,0.003708567,Herb,3,3
Total_PAD_FullROI,-0.003190232,0.003190232,Herb,3,3
Anisotropy_mean,-0.002381215,0.002381215,Herb,3,3
iskew,-0.000784485,0.000784485,Herb,3,3
PC_Density_m3,0,0,Herb,3,3
cHull_vol,0,0,Herb,3,3
Alpha_Vol_m3,0,0,Herb,3,3
imean,0.015684158,0.015684158,Herb,3,4
eSmallest_mean,0.015627147,0.015627147,Herb,3,4
Total_PAD_FullROI,-0.00505288,0.00505288,Herb,3,4
SD_PropOcc_RelZ1.05_2.00,-0.003431395,0.003431395,Herb,3,4
PCA1_mean,0.003307336,0.003307336,Herb,3,4
lad_min,-0.001245413,0.001245413,Herb,3,4
Anisotropy_mean,-0.001048299,0.001048299,Herb,3,4
Percent.Below.20th.Quantile,0.000825564,0.000825564,Herb,3,4
Total_PAD_RelZ0.55_1.00,-0.000646945,0.000646945,Herb,3,4
Mean_PAD_RelZ1.05_2.00,-0.000301241,0.000301241,Herb,3,4
imean,0.005909907,0.005909907,Herb,3,5
Total_PAD_FullROI,-0.003645778,0.003645778,Herb,3,5
Percent.Below.20th.Quantile,0.003526279,0.003526279,Herb,3,5
eSmallest_mean,0.003479427,0.003479427,Herb,3,5
Anisotropy_mean,-0.00277948,0.00277948,Herb,3,5
Linearity_mean,-0.002770276,0.002770276,Herb,3,5
PC_Strata_0.25.0.50,0.002741357,0.002741357,Herb,3,5
lad_min,-0.002687537,0.002687537,Herb,3,5
Nx_mean,0.002586427,0.002586427,Herb,3,5
Anisotropy_sd,0.002106891,0.002106891,Herb,3,5
eSmallest_mean,0.012294853,0.012294853,Herb,4,1
imean,0.010437725,0.010437725,Herb,4,1
Percent.Below.20th.Quantile,0.004526446,0.004526446,Herb,4,1
SD_PropOcc_RelZ1.05_2.00,-0.002183208,0.002183208,Herb,4,1
Total_PAD_FullROI,-0.000862817,0.000862817,Herb,4,1
Total_PAD_RelZ0.55_1.00,-0.000756698,0.000756698,Herb,4,1
eLargest_sd,-0.000162274,0.000162274,Herb,4,1
PC_Density_m3,0,0,Herb,4,1
cHull_vol,0,0,Herb,4,1
Alpha_Vol_m3,0,0,Herb,4,1
eSmallest_mean,0.019649714,0.019649714,Herb,4,2
imean,0.011850724,0.011850724,Herb,4,2
Total_PAD_FullROI,-0.006062546,0.006062546,Herb,4,2
Skew_PropOcc_RelZ0_0.25,0.003500232,0.003500232,Herb,4,2
lad_min,-0.003386397,0.003386397,Herb,4,2
Mean_PAD_RelZ0.55_1.00,-0.001374487,0.001374487,Herb,4,2
Mean_PAD_RelZ1.05_2.00,-0.001255758,0.001255758,Herb,4,2
PCA1_mean,0.000995399,0.000995399,Herb,4,2
zpcum7,0.000812629,0.000812629,Herb,4,2
Percent.Below.20th.Quantile,0.000566952,0.000566952,Herb,4,2
imean,0.013162282,0.013162282,Herb,4,3
eSmallest_mean,0.012222521,0.012222521,Herb,4,3
Total_PAD_FullROI,-0.004336138,0.004336138,Herb,4,3
Percent.Below.20th.Quantile,0.002233171,0.002233171,Herb,4,3
PCA1_mean,0.001548626,0.001548626,Herb,4,3
zpcum5,0.001047651,0.001047651,Herb,4,3
Linearity_mean,-0.00087809,0.00087809,Herb,4,3
PC_Density_m3,0,0,Herb,4,3
cHull_vol,0,0,Herb,4,3
Alpha_Vol_m3,0,0,Herb,4,3
imean,0.001529804,0.001529804,Herb,4,4
iskew,-0.00117385,0.00117385,Herb,4,4
Nx_mean,0.001166428,0.001166428,Herb,4,4
eSmallest_mean,0.001155115,0.001155115,Herb,4,4
Anisotropy_mean,-0.001130589,0.001130589,Herb,4,4
Omnivariance_mean,0.001093219,0.001093219,Herb,4,4
Sphericity_mean,0.001083965,0.001083965,Herb,4,4
NormalChangeRate_sd,-0.001004328,0.001004328,Herb,4,4
Planarity_sd,-0.000996409,0.000996409,Herb,4,4
ChangeCurvature_mean,0.000955607,0.000955607,Herb,4,4
eSmallest_mean,0.015523514,0.015523514,Herb,4,5
imean,0.012164521,0.012164521,Herb,4,5
Total_PAD_FullROI,-0.006618034,0.006618034,Herb,4,5
Percent.Below.20th.Quantile,0.004560097,0.004560097,Herb,4,5
lad_min,-0.003077159,0.003077159,Herb,4,5
SD_PropOcc_RelZ1.05_2.00,-0.002952145,0.002952145,Herb,4,5
iskew,-0.000774236,0.000774236,Herb,4,5
zq90,-0.000549249,0.000549249,Herb,4,5
PC_Strata_0.25.0.50,0.000147211,0.000147211,Herb,4,5
PC_Density_m3,0,0,Herb,4,5
imean,0.011328547,0.011328547,Herb,5,1
eSmallest_mean,0.008402181,0.008402181,Herb,5,1
Anisotropy_mean,-0.004395344,0.004395344,Herb,5,1
Percent.Below.20th.Quantile,0.003546418,0.003546418,Herb,5,1
Total_PAD_FullROI,-0.003340262,0.003340262,Herb,5,1
iskew,-0.002960343,0.002960343,Herb,5,1
SD_PropOcc_RelZ1.05_2.00,-0.00254509,0.00254509,Herb,5,1
Sphericity_mean,0.000596728,0.000596728,Herb,5,1
PCA1_mean,0.000370898,0.000370898,Herb,5,1
lad_min,-0.00016902,0.00016902,Herb,5,1
eSmallest_mean,0.015948458,0.015948458,Herb,5,2
imean,0.00725627,0.00725627,Herb,5,2
Percent.Below.20th.Quantile,0.006613767,0.006613767,Herb,5,2
Total_PAD_FullROI,-0.005466408,0.005466408,Herb,5,2
lad_min,-0.003796416,0.003796416,Herb,5,2
Skew_PropOcc_RelZ0_0.25,0.002424432,0.002424432,Herb,5,2
SD_PropOcc_RelZ1.05_2.00,-0.002349297,0.002349297,Herb,5,2
Linearity_mean,-0.00180412,0.00180412,Herb,5,2
Percent_EmptySpace_RelZ1.05_2.00,0.001646052,0.001646052,Herb,5,2
Mean_PropOcc_RelZ0_0.25,-0.00113382,0.00113382,Herb,5,2
imean,0.00795422,0.00795422,Herb,5,3
eSmallest_mean,0.003804479,0.003804479,Herb,5,3
Anisotropy_mean,-0.003333365,0.003333365,Herb,5,3
Omnivariance_mean,0.002727882,0.002727882,Herb,5,3
Sphericity_mean,0.002667858,0.002667858,Herb,5,3
lad_min,-0.002057645,0.002057645,Herb,5,3
Percent_EmptySpace_RelZ1.05_2.00,0.002018595,0.002018595,Herb,5,3
Total_PAD_FullROI,-0.00196112,0.00196112,Herb,5,3
PC_Strata_0.25.0.50,0.001901723,0.001901723,Herb,5,3
PCA1_mean,0.001636949,0.001636949,Herb,5,3
imean,0.013147968,0.013147968,Herb,5,4
eSmallest_mean,0.012503312,0.012503312,Herb,5,4
Total_PAD_FullROI,-0.00423673,0.00423673,Herb,5,4
Percent.Below.20th.Quantile,0.00201908,0.00201908,Herb,5,4
PC_Strata_0.50.1.00,-0.001479255,0.001479255,Herb,5,4
Total_PAD_RelZ0.55_1.00,-0.001151075,0.001151075,Herb,5,4
PCA2_mean,0.00013913,0.00013913,Herb,5,4
PC_Density_m3,0,0,Herb,5,4
cHull_vol,0,0,Herb,5,4
Alpha_Vol_m3,0,0,Herb,5,4
eSmallest_mean,0.015641258,0.015641258,Herb,5,5
imean,0.008460936,0.008460936,Herb,5,5
Total_PAD_FullROI,-0.008180892,0.008180892,Herb,5,5
PC_Strata_0.25.0.50,0.005875177,0.005875177,Herb,5,5
lad_min,-0.004204526,0.004204526,Herb,5,5
Percent.Below.20th.Quantile,0.003932021,0.003932021,Herb,5,5
Linearity_mean,-0.003831656,0.003831656,Herb,5,5
Skew_PropOcc_RelZ0_0.25,0.00292297,0.00292297,Herb,5,5
PCA1_mean,0.002475179,0.002475179,Herb,5,5
MomentOrder1_mean,-0.001872146,0.001872146,Herb,5,5
eSmallest_mean,0.017200972,0.017200972,Herb,6,1
imean,0.010690569,0.010690569,Herb,6,1
Total_PAD_FullROI,-0.006138041,0.006138041,Herb,6,1
lad_min,-0.003137655,0.003137655,Herb,6,1
Percent.Below.20th.Quantile,0.002838109,0.002838109,Herb,6,1
SD_PropOcc_RelZ1.05_2.00,-0.002402583,0.002402583,Herb,6,1
Skew_PropOcc_RelZ0_0.25,0.001896749,0.001896749,Herb,6,1
Mean_PropOcc_RelZ0_0.25,-0.001202226,0.001202226,Herb,6,1
PCA1_mean,0.000770584,0.000770584,Herb,6,1
Total_PAD_RelZ0.55_1.00,-0.000606348,0.000606348,Herb,6,1
eSmallest_mean,0.013501604,0.013501604,Herb,6,2
imean,0.009294036,0.009294036,Herb,6,2
Total_PAD_FullROI,-0.006869313,0.006869313,Herb,6,2
PCA1_mean,0.004162729,0.004162729,Herb,6,2
Linearity_mean,-0.003602302,0.003602302,Herb,6,2
Percent.Below.20th.Quantile,0.00227879,0.00227879,Herb,6,2
Nx_mean,0.002092559,0.002092559,Herb,6,2
lad_min,-0.001587506,0.001587506,Herb,6,2
SD_PropOcc_RelZ1.05_2.00,-0.001187402,0.001187402,Herb,6,2
PC_Strata_0.25.0.50,0.001013839,0.001013839,Herb,6,2
imean,0.005214599,0.005214599,Herb,6,3
eSmallest_mean,0.002257653,0.002257653,Herb,6,3
iskew,-0.002211446,0.002211446,Herb,6,3
Omnivariance_mean,0.002085418,0.002085418,Herb,6,3
Anisotropy_mean,-0.001999183,0.001999183,Herb,6,3
Sphericity_mean,0.001884698,0.001884698,Herb,6,3
Percent.Below.20th.Quantile,0.001659609,0.001659609,Herb,6,3
Percent_EmptySpace_RelZ1.05_2.00,0.00138337,0.00138337,Herb,6,3
ChangeCurvature_mean,0.001289541,0.001289541,Herb,6,3
Curvature_mean,0.001286664,0.001286664,Herb,6,3
imean,0.009305793,0.009305793,Herb,6,4
eSmallest_mean,0.006934141,0.006934141,Herb,6,4
Anisotropy_mean,-0.004841281,0.004841281,Herb,6,4
lad_min,-0.003813976,0.003813976,Herb,6,4
Percent.Below.20th.Quantile,0.003435018,0.003435018,Herb,6,4
MomentOrder1_mean,-0.003347983,0.003347983,Herb,6,4
Total_PAD_FullROI,-0.003334849,0.003334849,Herb,6,4
Sphericity_mean,0.003223667,0.003223667,Herb,6,4
Omnivariance_mean,0.002439559,0.002439559,Herb,6,4
Percent_EmptySpace_RelZ1.05_2.00,0.002340423,0.002340423,Herb,6,4
eSmallest_mean,0.013788359,0.013788359,Herb,6,5
imean,0.013391824,0.013391824,Herb,6,5
Percent.Below.20th.Quantile,0.00587656,0.00587656,Herb,6,5
Total_PAD_FullROI,-0.002919096,0.002919096,Herb,6,5
SD_PropOcc_FullROI,-0.002710866,0.002710866,Herb,6,5
Total_PAD_RelZ0.55_1.00,-0.001623121,0.001623121,Herb,6,5
Mean_PAD_RelZ0.55_1.00,-0.000883885,0.000883885,Herb,6,5
Percent.Below.90th.Quantile,-0.000156276,0.000156276,Herb,6,5
PC_Density_m3,0,0,Herb,6,5
cHull_vol,0,0,Herb,6,5
imean,0.000942405,0.000942405,Herb,7,1
eSmallest_mean,0.000753874,0.000753874,Herb,7,1
Omnivariance_mean,0.000720279,0.000720279,Herb,7,1
Sphericity_mean,0.000702133,0.000702133,Herb,7,1
Anisotropy_mean,-0.000697547,0.000697547,Herb,7,1
Curvature_mean,0.000638965,0.000638965,Herb,7,1
ChangeCurvature_mean,0.000635467,0.000635467,Herb,7,1
eSmallest_sd,0.00062985,0.00062985,Herb,7,1
Sphericity_sd,0.000604671,0.000604671,Herb,7,1
Planarity_sd,-0.000564304,0.000564304,Herb,7,1
imean,0.012540081,0.012540081,Herb,7,2
eSmallest_mean,0.009828013,0.009828013,Herb,7,2
Total_PAD_FullROI,-0.007854012,0.007854012,Herb,7,2
Anisotropy_mean,-0.004279245,0.004279245,Herb,7,2
Percent.Below.20th.Quantile,0.003591338,0.003591338,Herb,7,2
PCA2_mean,0.003009623,0.003009623,Herb,7,2
SD_PropOcc_RelZ1.05_2.00,-0.002575919,0.002575919,Herb,7,2
Planarity_sd,-0.001405226,0.001405226,Herb,7,2
NormalChangeRate_sd,-0.001389834,0.001389834,Herb,7,2
lad_min,-0.00081971,0.00081971,Herb,7,2
imean,0.007724262,0.007724262,Herb,7,3
Percent.Below.20th.Quantile,0.006255192,0.006255192,Herb,7,3
eSmallest_mean,0.004479946,0.004479946,Herb,7,3
Omnivariance_mean,0.00281222,0.00281222,Herb,7,3
Anisotropy_mean,-0.002720302,0.002720302,Herb,7,3
Skew_PropOcc_RelZ0_0.25,0.002069881,0.002069881,Herb,7,3
lad_min,-0.001866507,0.001866507,Herb,7,3
Sphericity_mean,0.001745158,0.001745158,Herb,7,3
Linearity_mean,-0.001662573,0.001662573,Herb,7,3
Total_PAD_FullROI,-0.001439565,0.001439565,Herb,7,3
eSmallest_mean,0.0164778,0.0164778,Herb,7,4
imean,0.010945824,0.010945824,Herb,7,4
SD_PropOcc_RelZ1.05_2.00,-0.003126567,0.003126567,Herb,7,4
Total_PAD_FullROI,-0.002316493,0.002316493,Herb,7,4
Mean_PAD_RelZ0.55_1.00,-0.001781777,0.001781777,Herb,7,4
iskew,-0.001273087,0.001273087,Herb,7,4
PC_Strata_0.50.1.00,-0.00113221,0.00113221,Herb,7,4
lad_min,-0.00100949,0.00100949,Herb,7,4
zpcum6,0.000277332,0.000277332,Herb,7,4
PC_Density_m3,0,0,Herb,7,4
imean,0.008076161,0.008076161,Herb,7,5
eSmallest_mean,0.003976189,0.003976189,Herb,7,5
Anisotropy_mean,-0.003579374,0.003579374,Herb,7,5
PCA1_mean,0.003358173,0.003358173,Herb,7,5
Percent.Below.20th.Quantile,0.003019477,0.003019477,Herb,7,5
Percent_EmptySpace_RelZ1.05_2.00,0.002801483,0.002801483,Herb,7,5
lad_min,-0.002798849,0.002798849,Herb,7,5
Omnivariance_mean,0.002759166,0.002759166,Herb,7,5
Sphericity_mean,0.002437487,0.002437487,Herb,7,5
SD_PropOcc_RelZ0_0.25,-0.002310403,0.002310403,Herb,7,5
eSmallest_mean,0.015058719,0.015058719,Herb,8,1
imean,0.01256197,0.01256197,Herb,8,1
Total_PAD_FullROI,-0.005179191,0.005179191,Herb,8,1
Percent.Below.20th.Quantile,0.003207112,0.003207112,Herb,8,1
lad_min,-0.001433093,0.001433093,Herb,8,1
PC_Strata_0.50.1.00,-0.000815942,0.000815942,Herb,8,1
Linearity_mean,-0.000509755,0.000509755,Herb,8,1
Total_PAD_RelZ0.55_1.00,-0.000385541,0.000385541,Herb,8,1
SD_PropOcc_FullROI,-0.00033519,0.00033519,Herb,8,1
Nx_mean,0.000287931,0.000287931,Herb,8,1
imean,0.001793143,0.001793143,Herb,8,2
eSmallest_mean,0.001373276,0.001373276,Herb,8,2
Anisotropy_mean,-0.001266353,0.001266353,Herb,8,2
Omnivariance_mean,0.001241469,0.001241469,Herb,8,2
Sphericity_mean,0.001240108,0.001240108,Herb,8,2
PCA1_mean,0.00116722,0.00116722,Herb,8,2
Planarity_sd,-0.00108919,0.00108919,Herb,8,2
NormalChangeRate_sd,-0.001085269,0.001085269,Herb,8,2
Linearity_mean,-0.001067926,0.001067926,Herb,8,2
ChangeCurvature_mean,0.001047985,0.001047985,Herb,8,2
eSmallest_mean,0.020516934,0.020516934,Herb,8,3
imean,0.011298111,0.011298111,Herb,8,3
Total_PAD_FullROI,-0.007609994,0.007609994,Herb,8,3
Percent_EmptySpace_RelZ1.05_2.00,0.004278298,0.004278298,Herb,8,3
lad_min,-0.004147346,0.004147346,Herb,8,3
Ny_mean,-0.002007167,0.002007167,Herb,8,3
PCA2_mean,0.001068095,0.001068095,Herb,8,3
Total_PAD_RelZ0.55_1.00,-0.000590622,0.000590622,Herb,8,3
Percent.Below.20th.Quantile,0.000133613,0.000133613,Herb,8,3
PC_Density_m3,0,0,Herb,8,3
imean,0.002390333,0.002390333,Herb,8,4
Percent.Below.20th.Quantile,0.001459099,0.001459099,Herb,8,4
ipcumzq90,0.001230597,0.001230597,Herb,8,4
eSmallest_mean,0.001207872,0.001207872,Herb,8,4
Anisotropy_mean,-0.001166407,0.001166407,Herb,8,4
iskew,-0.001164213,0.001164213,Herb,8,4
X.Occlusion_RelZ0_0.25,-0.001145604,0.001145604,Herb,8,4
Omnivariance_mean,0.001142483,0.001142483,Herb,8,4
Mean_PropOcc_RelZ0_0.25,-0.001131622,0.001131622,Herb,8,4
Sphericity_mean,0.001120291,0.001120291,Herb,8,4
imean,0.002148083,0.002148083,Herb,8,5
eSmallest_mean,0.001320257,0.001320257,Herb,8,5
lad_min,-0.001315256,0.001315256,Herb,8,5
Anisotropy_mean,-0.001247329,0.001247329,Herb,8,5
Sphericity_mean,0.001201514,0.001201514,Herb,8,5
Omnivariance_mean,0.001192731,0.001192731,Herb,8,5
ChangeCurvature_mean,0.001054964,0.001054964,Herb,8,5
Curvature_mean,0.001053997,0.001053997,Herb,8,5
iskew,-0.000951839,0.000951839,Herb,8,5
Percent.Below.20th.Quantile,0.000915683,0.000915683,Herb,8,5
eSmallest_mean,0.014648635,0.014648635,Herb,9,1
imean,0.010694711,0.010694711,Herb,9,1
PCA1_mean,0.008760772,0.008760772,Herb,9,1
Total_PAD_FullROI,-0.008661897,0.008661897,Herb,9,1
lad_min,-0.00562978,0.00562978,Herb,9,1
SD_PropOcc_FullROI,-0.004737763,0.004737763,Herb,9,1
eLargest_sd,-0.004160725,0.004160725,Herb,9,1
PC_Strata_0.25.0.50,0.004149346,0.004149346,Herb,9,1
iskew,-0.002576546,0.002576546,Herb,9,1
Percent.Below.20th.Quantile,0.002502518,0.002502518,Herb,9,1
imean,0.004974745,0.004974745,Herb,9,2
eSmallest_mean,0.002959393,0.002959393,Herb,9,2
Anisotropy_mean,-0.002333312,0.002333312,Herb,9,2
Percent.Below.20th.Quantile,0.002272159,0.002272159,Herb,9,2
Sphericity_mean,0.002206173,0.002206173,Herb,9,2
Percent_EmptySpace_RelZ1.05_2.00,0.002010865,0.002010865,Herb,9,2
Omnivariance_mean,0.002009291,0.002009291,Herb,9,2
iskew,-0.001936606,0.001936606,Herb,9,2
eSmallest_sd,0.001729325,0.001729325,Herb,9,2
SD_PropOcc_RelZ1.05_2.00,-0.00159467,0.00159467,Herb,9,2
eSmallest_mean,0.011127491,0.011127491,Herb,9,3
imean,0.010594929,0.010594929,Herb,9,3
Total_PAD_FullROI,-0.001623325,0.001623325,Herb,9,3
Omnivariance_mean,0.001474529,0.001474529,Herb,9,3
Mean_PAD_RelZ1.05_2.00,-0.001090269,0.001090269,Herb,9,3
Percent.Below.20th.Quantile,0.001038534,0.001038534,Herb,9,3
SD_PropOcc_RelZ1.05_2.00,-0.000567965,0.000567965,Herb,9,3
zpcum8,0.000552796,0.000552796,Herb,9,3
PC_Density_m3,0,0,Herb,9,3
cHull_vol,0,0,Herb,9,3
eSmallest_mean,0.013198918,0.013198918,Herb,9,4
imean,0.012055349,0.012055349,Herb,9,4
Total_PAD_FullROI,-0.006257017,0.006257017,Herb,9,4
Percent.Below.20th.Quantile,0.005828697,0.005828697,Herb,9,4
Skew_PropOcc_RelZ0_0.25,0.001688504,0.001688504,Herb,9,4
PC_Density_m3,0,0,Herb,9,4
cHull_vol,0,0,Herb,9,4
Alpha_Vol_m3,0,0,Herb,9,4
horizontalRumpel,0,0,Herb,9,4
mean_vox_ht,0,0,Herb,9,4
imean,0.002170756,0.002170756,Herb,9,5
eSmallest_mean,0.001511851,0.001511851,Herb,9,5
Anisotropy_mean,-0.001452348,0.001452348,Herb,9,5
Sphericity_mean,0.001391893,0.001391893,Herb,9,5
Omnivariance_mean,0.001353844,0.001353844,Herb,9,5
Percent.Below.20th.Quantile,0.001247117,0.001247117,Herb,9,5
ChangeCurvature_mean,0.00121362,0.00121362,Herb,9,5
Curvature_mean,0.001202115,0.001202115,Herb,9,5
lad_min,-0.001169224,0.001169224,Herb,9,5
NormalChangeRate_sd,-0.001063577,0.001063577,Herb,9,5
imean,0.002781516,0.002781516,Herb,10,1
eSmallest_mean,0.00156153,0.00156153,Herb,10,1
Omnivariance_mean,0.001456398,0.001456398,Herb,10,1
Anisotropy_mean,-0.001444069,0.001444069,Herb,10,1
Sphericity_mean,0.001398674,0.001398674,Herb,10,1
SD_PropOcc_FullROI,-0.00132386,0.00132386,Herb,10,1
SD_PropOcc_RelZ0_0.25,-0.001252578,0.001252578,Herb,10,1
ChangeCurvature_mean,0.001224241,0.001224241,Herb,10,1
Curvature_mean,0.001217857,0.001217857,Herb,10,1
Percent.Below.20th.Quantile,0.001176424,0.001176424,Herb,10,1
eSmallest_mean,0.013146999,0.013146999,Herb,10,2
imean,0.011478751,0.011478751,Herb,10,2
Total_PAD_FullROI,-0.006458242,0.006458242,Herb,10,2
Percent.Below.20th.Quantile,0.002987662,0.002987662,Herb,10,2
Mean_PropOcc_RelZ0_0.25,-0.002421078,0.002421078,Herb,10,2
SD_PropOcc_FullROI,-0.001803024,0.001803024,Herb,10,2
SD_PropOcc_RelZ0.30_0.50,-0.000109963,0.000109963,Herb,10,2
PC_Density_m3,0,0,Herb,10,2
cHull_vol,0,0,Herb,10,2
Alpha_Vol_m3,0,0,Herb,10,2
imean,0.001956345,0.001956345,Herb,10,3
eSmallest_mean,0.001169618,0.001169618,Herb,10,3
Anisotropy_mean,-0.001131769,0.001131769,Herb,10,3
Sphericity_mean,0.001074836,0.001074836,Herb,10,3
Omnivariance_mean,0.001036448,0.001036448,Herb,10,3
iskew,-0.00103206,0.00103206,Herb,10,3
lad_min,-0.000983449,0.000983449,Herb,10,3
Percent.Below.20th.Quantile,0.000950719,0.000950719,Herb,10,3
ChangeCurvature_mean,0.000950219,0.000950219,Herb,10,3
Curvature_mean,0.000948981,0.000948981,Herb,10,3
eSmallest_mean,0.014468384,0.014468384,Herb,10,4
imean,0.00459896,0.00459896,Herb,10,4
Percent.Below.20th.Quantile,0.002882034,0.002882034,Herb,10,4
Percent_EmptySpace_RelZ1.05_2.00,0.000951592,0.000951592,Herb,10,4
Linearity_mean,-0.000414439,0.000414439,Herb,10,4
zpcum7,0.000284024,0.000284024,Herb,10,4
zpcum8,4.17E-05,4.17E-05,Herb,10,4
PC_Density_m3,0,0,Herb,10,4
cHull_vol,0,0,Herb,10,4
Alpha_Vol_m3,0,0,Herb,10,4
eSmallest_mean,0.017785045,0.017785045,Herb,10,5
imean,0.012490687,0.012490687,Herb,10,5
Total_PAD_FullROI,-0.006325694,0.006325694,Herb,10,5
SD_PropOcc_RelZ1.05_2.00,-0.004498137,0.004498137,Herb,10,5
lad_min,-0.003050211,0.003050211,Herb,10,5
Percent.Below.20th.Quantile,0.002439887,0.002439887,Herb,10,5
PC_Strata_0.25.0.50,0.001133079,0.001133079,Herb,10,5
Skew_PropOcc_RelZ0_0.25,0.001100484,0.001100484,Herb,10,5
PCA2_mean,0.000819417,0.000819417,Herb,10,5
zq90,-0.000714338,0.000714338,Herb,10,5
Total_PAD_RelZ0.55_1.00,0.007284247,0.007284247,Shrub,1,1
Mean_PAD_RelZ0.55_1.00,0.007071255,0.007071255,Shrub,1,1
zq75,0.006626348,0.006626348,Shrub,1,1
zq70,0.006480096,0.006480096,Shrub,1,1
horizontalRumpel,0.006298717,0.006298717,Shrub,1,1
Percent.Below.90th.Quantile,0.006288642,0.006288642,Shrub,1,1
zq65,0.006277524,0.006277524,Shrub,1,1
zq55,0.006277163,0.006277163,Shrub,1,1
zq50,0.006208529,0.006208529,Shrub,1,1
zq45,0.00619509,0.00619509,Shrub,1,1
zq45,0.007283966,0.007283966,Shrub,1,2
zq50,0.007264404,0.007264404,Shrub,1,2
zq55,0.007032115,0.007032115,Shrub,1,2
Total_PAD_RelZ0.55_1.00,0.00613744,0.00613744,Shrub,1,2
Total_PAD_RelZ1.05_2.00,0.006068208,0.006068208,Shrub,1,2
zq60,0.00604038,0.00604038,Shrub,1,2
Mean_PAD_RelZ1.05_2.00,0.005957377,0.005957377,Shrub,1,2
zq65,0.005701002,0.005701002,Shrub,1,2
zq75,0.005634637,0.005634637,Shrub,1,2
Mean_PAD_RelZ0.55_1.00,0.00562074,0.00562074,Shrub,1,2
Total_PAD_RelZ0.55_1.00,0.023634413,0.023634413,Shrub,1,3
Mean_PAD_RelZ0.55_1.00,0.022729372,0.022729372,Shrub,1,3
Total_PAD_RelZ1.05_2.00,0.019799414,0.019799414,Shrub,1,3
PC_Strata_1.00.2.00,0.01842715,0.01842715,Shrub,1,3
Percent.Below.90th.Quantile,0.018371542,0.018371542,Shrub,1,3
n,0.017901546,0.017901546,Shrub,1,3
Total_PAD_FullROI,0.017562569,0.017562569,Shrub,1,3
horizontalRumpel,0.017387858,0.017387858,Shrub,1,3
zq75,0.017246955,0.017246955,Shrub,1,3
zq70,0.01633227,0.01633227,Shrub,1,3
Total_PAD_RelZ0.55_1.00,0.008131266,0.008131266,Shrub,1,4
Mean_PAD_RelZ0.55_1.00,0.007870541,0.007870541,Shrub,1,4
zq75,0.007411701,0.007411701,Shrub,1,4
zq70,0.007209619,0.007209619,Shrub,1,4
Percent.Below.90th.Quantile,0.007204255,0.007204255,Shrub,1,4
zq55,0.007056651,0.007056651,Shrub,1,4
zq45,0.007052682,0.007052682,Shrub,1,4
zq50,0.007019654,0.007019654,Shrub,1,4
zq65,0.007016639,0.007016639,Shrub,1,4
horizontalRumpel,0.006989376,0.006989376,Shrub,1,4
horizontalRumpel,0.005145045,0.005145045,Shrub,1,5
Percent.Below.80th.Quantile,0.004814781,0.004814781,Shrub,1,5
zq70,0.004766958,0.004766958,Shrub,1,5
zq75,0.004650559,0.004650559,Shrub,1,5
zq65,0.004479403,0.004479403,Shrub,1,5
mean_vox_ht,0.004456345,0.004456345,Shrub,1,5
PC_Strata_1.00.2.00,0.004233034,0.004233034,Shrub,1,5
n,0.004131723,0.004131723,Shrub,1,5
Mean_PAD_RelZ0.30_0.50,0.004098035,0.004098035,Shrub,1,5
zq80,0.00408268,0.00408268,Shrub,1,5
Total_PAD_RelZ0.55_1.00,0.012097672,0.012097672,Shrub,2,1
Mean_PAD_RelZ0.55_1.00,0.011684427,0.011684427,Shrub,2,1
zq75,0.009845833,0.009845833,Shrub,2,1
Percent.Below.90th.Quantile,0.009587559,0.009587559,Shrub,2,1
zq70,0.009576038,0.009576038,Shrub,2,1
horizontalRumpel,0.00957122,0.00957122,Shrub,2,1
zq65,0.009317455,0.009317455,Shrub,2,1
zq55,0.009306021,0.009306021,Shrub,2,1
zq45,0.009299284,0.009299284,Shrub,2,1
PC_Strata_1.00.2.00,0.009288595,0.009288595,Shrub,2,1
Percent.Below.90th.Quantile,0.013102934,0.013102934,Shrub,2,2
PC_Strata_1.00.2.00,0.012828974,0.012828974,Shrub,2,2
zq75,0.012432767,0.012432767,Shrub,2,2
zq70,0.012226883,0.012226883,Shrub,2,2
zq45,0.012174878,0.012174878,Shrub,2,2
Total_PAD_RelZ0.55_1.00,0.012007731,0.012007731,Shrub,2,2
zq50,0.011991759,0.011991759,Shrub,2,2
zq55,0.011957404,0.011957404,Shrub,2,2
zq65,0.011855248,0.011855248,Shrub,2,2
Mean_PAD_RelZ0.55_1.00,0.011590288,0.011590288,Shrub,2,2
horizontalRumpel,0.004059145,0.004059145,Shrub,2,3
Mean_PAD_RelZ0.55_1.00,0.003795328,0.003795328,Shrub,2,3
zq75,0.003734187,0.003734187,Shrub,2,3
Total_PAD_RelZ0.55_1.00,0.003613569,0.003613569,Shrub,2,3
zq70,0.003595632,0.003595632,Shrub,2,3
n,0.003579837,0.003579837,Shrub,2,3
zq85,0.003435803,0.003435803,Shrub,2,3
zq65,0.003418706,0.003418706,Shrub,2,3
zq80,0.003341892,0.003341892,Shrub,2,3
mean_vox_ht,0.003281722,0.003281722,Shrub,2,3
Total_PAD_RelZ0.55_1.00,0.007991562,0.007991562,Shrub,2,4
Mean_PAD_RelZ0.55_1.00,0.007532871,0.007532871,Shrub,2,4
Percent.Below.80th.Quantile,0.007389211,0.007389211,Shrub,2,4
horizontalRumpel,0.007376395,0.007376395,Shrub,2,4
n,0.00726322,0.00726322,Shrub,2,4
zq70,0.0068632,0.0068632,Shrub,2,4
zq75,0.006753723,0.006753723,Shrub,2,4
zq65,0.006497063,0.006497063,Shrub,2,4
Mean_PAD_RelZ0.30_0.50,0.006495351,0.006495351,Shrub,2,4
vn,0.006431461,0.006431461,Shrub,2,4
zq50,0.003540311,0.003540311,Shrub,2,5
zq45,0.00353631,0.00353631,Shrub,2,5
zq55,0.003446915,0.003446915,Shrub,2,5
zq60,0.003051884,0.003051884,Shrub,2,5
zq65,0.002911076,0.002911076,Shrub,2,5
zq75,0.002899389,0.002899389,Shrub,2,5
zmean,0.002896535,0.002896535,Shrub,2,5
Total_PAD_RelZ1.05_2.00,0.002827763,0.002827763,Shrub,2,5
PC_Strata_1.00.2.00,0.002822413,0.002822413,Shrub,2,5
mean_vox_ht,0.002804239,0.002804239,Shrub,2,5
zq75,0.205502929,0.205502929,Shrub,3,1
Total_PAD_RelZ0.55_1.00,0.121404651,0.121404651,Shrub,3,1
zq45,0.007351221,0.007351221,Shrub,3,1
PC_Density_m3,0,0,Shrub,3,1
cHull_vol,0,0,Shrub,3,1
Alpha_Vol_m3,0,0,Shrub,3,1
horizontalRumpel,0,0,Shrub,3,1
mean_vox_ht,0,0,Shrub,3,1
sd_vox_ht,0,0,Shrub,3,1
zmax,0,0,Shrub,3,1
Percent.Below.90th.Quantile,0.028388093,0.028388093,Shrub,3,2
PC_Strata_1.00.2.00,0.02586007,0.02586007,Shrub,3,2
zq75,0.023628452,0.023628452,Shrub,3,2
zq70,0.022298587,0.022298587,Shrub,3,2
horizontalRumpel,0.02194186,0.02194186,Shrub,3,2
zq65,0.02184944,0.02184944,Shrub,3,2
Mean_PAD_RelZ0.30_0.50,0.02124959,0.02124959,Shrub,3,2
zq55,0.020535728,0.020535728,Shrub,3,2
mean_vox_ht,0.020287022,0.020287022,Shrub,3,2
zq85,0.019920871,0.019920871,Shrub,3,2
Total_PAD_RelZ0.55_1.00,0.013013674,0.013013674,Shrub,3,3
Mean_PAD_RelZ0.55_1.00,0.012529855,0.012529855,Shrub,3,3
Percent.Below.90th.Quantile,0.010738123,0.010738123,Shrub,3,3
zq75,0.01065125,0.01065125,Shrub,3,3
zq70,0.010347247,0.010347247,Shrub,3,3
horizontalRumpel,0.010111985,0.010111985,Shrub,3,3
zq65,0.010041804,0.010041804,Shrub,3,3
zq55,0.010004975,0.010004975,Shrub,3,3
zq45,0.009935474,0.009935474,Shrub,3,3
PC_Strata_1.00.2.00,0.009930559,0.009930559,Shrub,3,3
Total_PAD_RelZ0.55_1.00,0.002712331,0.002712331,Shrub,3,4
Mean_PAD_RelZ0.55_1.00,0.002603661,0.002603661,Shrub,3,4
n,0.002601451,0.002601451,Shrub,3,4
horizontalRumpel,0.002546115,0.002546115,Shrub,3,4
vn,0.002484939,0.002484939,Shrub,3,4
Alpha_Vol_m3,0.002464115,0.002464115,Shrub,3,4
Mean_PAD_RelZ0.30_0.50,0.00233664,0.00233664,Shrub,3,4
itot,0.002261319,0.002261319,Shrub,3,4
Total_PAD_RelZ0.30_0.50,0.002174698,0.002174698,Shrub,3,4
zq70,0.002037903,0.002037903,Shrub,3,4
zq45,0.011485017,0.011485017,Shrub,3,5
zq50,0.011293441,0.011293441,Shrub,3,5
zq55,0.01064119,0.01064119,Shrub,3,5
Total_PAD_RelZ0.55_1.00,0.009603904,0.009603904,Shrub,3,5
zq60,0.008742479,0.008742479,Shrub,3,5
Total_PAD_RelZ1.05_2.00,0.00869996,0.00869996,Shrub,3,5
Mean_PAD_RelZ0.55_1.00,0.00865052,0.00865052,Shrub,3,5
Mean_PAD_RelZ1.05_2.00,0.008195494,0.008195494,Shrub,3,5
zpcum3,-0.00818455,0.00818455,Shrub,3,5
zq65,0.008175513,0.008175513,Shrub,3,5
Percent.Below.90th.Quantile,0.057850895,0.057850895,Shrub,4,1
Total_PAD_RelZ0.55_1.00,0.052831274,0.052831274,Shrub,4,1
zq75,0.050338125,0.050338125,Shrub,4,1
PC_Strata_1.00.2.00,0.049935584,0.049935584,Shrub,4,1
zq70,0.044464468,0.044464468,Shrub,4,1
Mean_PAD_RelZ0.55_1.00,0.041594903,0.041594903,Shrub,4,1
horizontalRumpel,0.040840385,0.040840385,Shrub,4,1
Mean_PAD_RelZ0.30_0.50,0.038857789,0.038857789,Shrub,4,1
zq65,0.035717643,0.035717643,Shrub,4,1
mean_vox_ht,0.026960244,0.026960244,Shrub,4,1
zq45,0.006477257,0.006477257,Shrub,4,2
zq50,0.00646497,0.00646497,Shrub,4,2
zq55,0.006219748,0.006219748,Shrub,4,2
Total_PAD_RelZ0.55_1.00,0.005702873,0.005702873,Shrub,4,2
Total_PAD_RelZ1.05_2.00,0.005561549,0.005561549,Shrub,4,2
Mean_PAD_RelZ1.05_2.00,0.005469722,0.005469722,Shrub,4,2
zq60,0.005351828,0.005351828,Shrub,4,2
Mean_PAD_RelZ0.55_1.00,0.005239714,0.005239714,Shrub,4,2
zq65,0.005059847,0.005059847,Shrub,4,2
zq75,0.005052409,0.005052409,Shrub,4,2
Total_PAD_RelZ0.55_1.00,0.004688534,0.004688534,Shrub,4,3
zq75,0.004592228,0.004592228,Shrub,4,3
Mean_PAD_RelZ0.55_1.00,0.004571869,0.004571869,Shrub,4,3
zq70,0.004500065,0.004500065,Shrub,4,3
zq55,0.004461799,0.004461799,Shrub,4,3
zq45,0.00444091,0.00444091,Shrub,4,3
zq50,0.004437873,0.004437873,Shrub,4,3
zq65,0.004417497,0.004417497,Shrub,4,3
Percent.Below.90th.Quantile,0.004409529,0.004409529,Shrub,4,3
PC_Strata_1.00.2.00,0.004342702,0.004342702,Shrub,4,3
horizontalRumpel,0.005948816,0.005948816,Shrub,4,4
Mean_PAD_RelZ0.30_0.50,0.005805615,0.005805615,Shrub,4,4
n,0.005557966,0.005557966,Shrub,4,4
Total_PAD_RelZ0.30_0.50,0.004999434,0.004999434,Shrub,4,4
Mean_PAD_RelZ0.55_1.00,0.004865651,0.004865651,Shrub,4,4
itot,0.004749286,0.004749286,Shrub,4,4
Total_PAD_RelZ0.55_1.00,0.004661591,0.004661591,Shrub,4,4
Alpha_Vol_m3,0.004503796,0.004503796,Shrub,4,4
vn,0.004499537,0.004499537,Shrub,4,4
zq70,0.00435614,0.00435614,Shrub,4,4
Total_PAD_RelZ0.55_1.00,0.014489642,0.014489642,Shrub,4,5
Mean_PAD_RelZ0.55_1.00,0.013863511,0.013863511,Shrub,4,5
Percent.Below.90th.Quantile,0.013171613,0.013171613,Shrub,4,5
zq75,0.012808368,0.012808368,Shrub,4,5
zq70,0.012395641,0.012395641,Shrub,4,5
zq55,0.012042659,0.012042659,Shrub,4,5
zq65,0.01201948,0.01201948,Shrub,4,5
PC_Strata_1.00.2.00,0.011892168,0.011892168,Shrub,4,5
zq45,0.011839327,0.011839327,Shrub,4,5
zq50,0.011741563,0.011741563,Shrub,4,5
Percent.Below.90th.Quantile,0.01096769,0.01096769,Shrub,5,1
zq75,0.010446031,0.010446031,Shrub,5,1
zq70,0.010202999,0.010202999,Shrub,5,1
PC_Strata_1.00.2.00,0.0101399,0.0101399,Shrub,5,1
zq65,0.009944292,0.009944292,Shrub,5,1
zq55,0.009860598,0.009860598,Shrub,5,1
zq50,0.009751558,0.009751558,Shrub,5,1
zq45,0.009748477,0.009748477,Shrub,5,1
horizontalRumpel,0.009497131,0.009497131,Shrub,5,1
mean_vox_ht,0.009267839,0.009267839,Shrub,5,1
Total_PAD_RelZ0.55_1.00,0.023629845,0.023629845,Shrub,5,2
Mean_PAD_RelZ0.55_1.00,0.022484295,0.022484295,Shrub,5,2
Percent.Below.90th.Quantile,0.018924962,0.018924962,Shrub,5,2
zq75,0.018703969,0.018703969,Shrub,5,2
zq70,0.017954586,0.017954586,Shrub,5,2
PC_Strata_1.00.2.00,0.017866531,0.017866531,Shrub,5,2
horizontalRumpel,0.017850751,0.017850751,Shrub,5,2
Total_PAD_FullROI,0.017727629,0.017727629,Shrub,5,2
zq65,0.017390884,0.017390884,Shrub,5,2
Mean_PAD_RelZ0.30_0.50,0.016336276,0.016336276,Shrub,5,2
Total_PAD_RelZ0.55_1.00,0.007599034,0.007599034,Shrub,5,3
Mean_PAD_RelZ0.55_1.00,0.007205952,0.007205952,Shrub,5,3
n,0.006988389,0.006988389,Shrub,5,3
horizontalRumpel,0.006964799,0.006964799,Shrub,5,3
Mean_PAD_RelZ0.30_0.50,0.006496696,0.006496696,Shrub,5,3
vn,0.006463498,0.006463498,Shrub,5,3
Alpha_Vol_m3,0.00644971,0.00644971,Shrub,5,3
itot,0.006030436,0.006030436,Shrub,5,3
Total_PAD_RelZ0.30_0.50,0.005949882,0.005949882,Shrub,5,3
zq70,0.004900527,0.004900527,Shrub,5,3
zq45,0.011290138,0.011290138,Shrub,5,4
zq50,0.010981546,0.010981546,Shrub,5,4
zq55,0.010426228,0.010426228,Shrub,5,4
Total_PAD_RelZ0.55_1.00,0.009734796,0.009734796,Shrub,5,4
Mean_PAD_RelZ0.55_1.00,0.008771163,0.008771163,Shrub,5,4
Total_PAD_RelZ1.05_2.00,0.008635311,0.008635311,Shrub,5,4
Mean_PAD_RelZ1.05_2.00,0.008467939,0.008467939,Shrub,5,4
zq60,0.008442296,0.008442296,Shrub,5,4
Percent.Below.90th.Quantile,0.008138745,0.008138745,Shrub,5,4
zpcum3,-0.007877007,0.007877007,Shrub,5,4
Total_PAD_RelZ0.55_1.00,0.222989686,0.222989686,Shrub,5,5
zq75,0.208228844,0.208228844,Shrub,5,5
PC_Strata_1.00.2.00,0.04811476,0.04811476,Shrub,5,5
PC_Density_m3,0,0,Shrub,5,5
cHull_vol,0,0,Shrub,5,5
Alpha_Vol_m3,0,0,Shrub,5,5
horizontalRumpel,0,0,Shrub,5,5
mean_vox_ht,0,0,Shrub,5,5
sd_vox_ht,0,0,Shrub,5,5
zmax,0,0,Shrub,5,5
Total_PAD_RelZ0.55_1.00,0.045968258,0.045968258,Shrub,6,1
Mean_PAD_RelZ0.55_1.00,0.041829743,0.041829743,Shrub,6,1
Percent.Below.80th.Quantile,0.03565389,0.03565389,Shrub,6,1
Mean_PAD_RelZ0.30_0.50,0.034902966,0.034902966,Shrub,6,1
n,0.032964953,0.032964953,Shrub,6,1
horizontalRumpel,0.031100562,0.031100562,Shrub,6,1
Total_PAD_RelZ0.30_0.50,0.029423591,0.029423591,Shrub,6,1
Total_PAD_FullROI,0.027850346,0.027850346,Shrub,6,1
ipcumzq70,0.027805965,0.027805965,Shrub,6,1
Alpha_Vol_m3,0.026938415,0.026938415,Shrub,6,1
Total_PAD_RelZ0.55_1.00,0.038718591,0.038718591,Shrub,6,2
Mean_PAD_RelZ0.55_1.00,0.035837547,0.035837547,Shrub,6,2
Percent.Below.90th.Quantile,0.031263466,0.031263466,Shrub,6,2
Mean_PAD_RelZ0.30_0.50,0.026352491,0.026352491,Shrub,6,2
zq75,0.025195564,0.025195564,Shrub,6,2
PC_Strata_1.00.2.00,0.024814172,0.024814172,Shrub,6,2
zq45,0.024239935,0.024239935,Shrub,6,2
zq5,-0.024064724,0.024064724,Shrub,6,2
PCA2_mean,0.023986445,0.023986445,Shrub,6,2
Total_PAD_FullROI,0.023796036,0.023796036,Shrub,6,2
Total_PAD_RelZ1.05_2.00,0.007459295,0.007459295,Shrub,6,3
Mean_PAD_RelZ1.05_2.00,0.00697536,0.00697536,Shrub,6,3
Percent.Below.50th.Quantile,0.006070672,0.006070672,Shrub,6,3
zq40,0.006018845,0.006018845,Shrub,6,3
zq35,0.005891767,0.005891767,Shrub,6,3
Mean_PAD_RelZ0.55_1.00,0.005830998,0.005830998,Shrub,6,3
Percent.Below.40th.Quantile,0.005807362,0.005807362,Shrub,6,3
Percent.Below.60th.Quantile,0.005768414,0.005768414,Shrub,6,3
zq55,0.00566999,0.00566999,Shrub,6,3
Total_PAD_RelZ0.55_1.00,0.005657237,0.005657237,Shrub,6,3
Percent.Below.90th.Quantile,0.014432152,0.014432152,Shrub,6,4
zq75,0.013708584,0.013708584,Shrub,6,4
PC_Strata_1.00.2.00,0.013533473,0.013533473,Shrub,6,4
Total_PAD_RelZ0.55_1.00,0.013380053,0.013380053,Shrub,6,4
zq70,0.013357512,0.013357512,Shrub,6,4
zq65,0.013109883,0.013109883,Shrub,6,4
Mean_PAD_RelZ0.55_1.00,0.012732236,0.012732236,Shrub,6,4
horizontalRumpel,0.012618038,0.012618038,Shrub,6,4
zq55,0.012529491,0.012529491,Shrub,6,4
zq50,0.012253752,0.012253752,Shrub,6,4
Total_PAD_RelZ0.55_1.00,0.018386411,0.018386411,Shrub,6,5
Mean_PAD_RelZ0.55_1.00,0.01762047,0.01762047,Shrub,6,5
Percent.Below.90th.Quantile,0.014663072,0.014663072,Shrub,6,5
zq75,0.013639531,0.013639531,Shrub,6,5
PC_Strata_1.00.2.00,0.01325976,0.01325976,Shrub,6,5
horizontalRumpel,0.01315003,0.01315003,Shrub,6,5
zq70,0.013105712,0.013105712,Shrub,6,5
zq45,0.013074819,0.013074819,Shrub,6,5
Total_PAD_FullROI,0.012959104,0.012959104,Shrub,6,5
zq50,0.012833126,0.012833126,Shrub,6,5
Total_PAD_RelZ0.55_1.00,0.011470856,0.011470856,Shrub,7,1
Mean_PAD_RelZ0.55_1.00,0.011171903,0.011171903,Shrub,7,1
n,0.009086189,0.009086189,Shrub,7,1
horizontalRumpel,0.008778191,0.008778191,Shrub,7,1
Total_PAD_RelZ1.05_2.00,0.008626701,0.008626701,Shrub,7,1
zq75,0.008566876,0.008566876,Shrub,7,1
Total_PAD_FullROI,0.008412491,0.008412491,Shrub,7,1
itot,0.008405731,0.008405731,Shrub,7,1
zq70,0.008198672,0.008198672,Shrub,7,1
vn,0.007930198,0.007930198,Shrub,7,1
horizontalRumpel,0.004637018,0.004637018,Shrub,7,2
zq70,0.004314027,0.004314027,Shrub,7,2
Percent.Below.80th.Quantile,0.004245785,0.004245785,Shrub,7,2
zq75,0.004227339,0.004227339,Shrub,7,2
zq65,0.004094839,0.004094839,Shrub,7,2
mean_vox_ht,0.004038114,0.004038114,Shrub,7,2
n,0.003978832,0.003978832,Shrub,7,2
zq80,0.003756399,0.003756399,Shrub,7,2
Mean_PAD_RelZ0.30_0.50,0.003721388,0.003721388,Shrub,7,2
PC_Strata_1.00.2.00,0.003654604,0.003654604,Shrub,7,2
Total_PAD_RelZ0.55_1.00,0.053224927,0.053224927,Shrub,7,3
Mean_PAD_RelZ0.55_1.00,0.049179187,0.049179187,Shrub,7,3
PCA2_mean,0.042264435,0.042264435,Shrub,7,3
Mean_PAD_RelZ0.30_0.50,0.03834707,0.03834707,Shrub,7,3
Percent.Below.90th.Quantile,0.036692097,0.036692097,Shrub,7,3
Total_PAD_FullROI,0.032658716,0.032658716,Shrub,7,3
Total_PAD_RelZ0.30_0.50,0.030090179,0.030090179,Shrub,7,3
zq10,-0.028588567,0.028588567,Shrub,7,3
zq5,-0.028419789,0.028419789,Shrub,7,3
zq75,0.027529918,0.027529918,Shrub,7,3
Total_PAD_RelZ0.55_1.00,0.015458251,0.015458251,Shrub,7,4
Percent.Below.90th.Quantile,0.015398046,0.015398046,Shrub,7,4
Mean_PAD_RelZ0.55_1.00,0.014737251,0.014737251,Shrub,7,4
zq45,0.014051981,0.014051981,Shrub,7,4
zq50,0.01376693,0.01376693,Shrub,7,4
zq55,0.013635517,0.013635517,Shrub,7,4
zq75,0.01353801,0.01353801,Shrub,7,4
PC_Strata_1.00.2.00,0.013472312,0.013472312,Shrub,7,4
zq70,0.013231039,0.013231039,Shrub,7,4
zq65,0.013009777,0.013009777,Shrub,7,4
Total_PAD_RelZ0.55_1.00,0.029898235,0.029898235,Shrub,7,5
zq45,0.028216438,0.028216438,Shrub,7,5
zq50,0.02745464,0.02745464,Shrub,7,5
Total_PAD_RelZ1.05_2.00,0.027190181,0.027190181,Shrub,7,5
Mean_PAD_RelZ1.05_2.00,0.026906412,0.026906412,Shrub,7,5
Mean_PAD_RelZ0.55_1.00,0.024961324,0.024961324,Shrub,7,5
zq55,0.02455175,0.02455175,Shrub,7,5
zq10,-0.021704029,0.021704029,Shrub,7,5
zq15,-0.020434861,0.020434861,Shrub,7,5
PCA2_mean,0.019650854,0.019650854,Shrub,7,5
Percent.Below.90th.Quantile,0.011905636,0.011905636,Shrub,8,1
Total_PAD_RelZ0.55_1.00,0.011309478,0.011309478,Shrub,8,1
zq75,0.010957775,0.010957775,Shrub,8,1
Mean_PAD_RelZ0.55_1.00,0.010875631,0.010875631,Shrub,8,1
zq55,0.010874479,0.010874479,Shrub,8,1
zq45,0.010784966,0.010784966,Shrub,8,1
zq70,0.010773093,0.010773093,Shrub,8,1
zq50,0.010711723,0.010711723,Shrub,8,1
zq65,0.010637937,0.010637937,Shrub,8,1
PC_Strata_1.00.2.00,0.010493265,0.010493265,Shrub,8,1
Percent.Below.90th.Quantile,0.013820977,0.013820977,Shrub,8,2
zq75,0.013664449,0.013664449,Shrub,8,2
zq70,0.013182516,0.013182516,Shrub,8,2
PC_Strata_1.00.2.00,0.012817541,0.012817541,Shrub,8,2
zq65,0.012689873,0.012689873,Shrub,8,2
horizontalRumpel,0.012049911,0.012049911,Shrub,8,2
Mean_PAD_RelZ0.55_1.00,0.011685084,0.011685084,Shrub,8,2
mean_vox_ht,0.0116262,0.0116262,Shrub,8,2
zq85,0.011515557,0.011515557,Shrub,8,2
zq55,0.011474775,0.011474775,Shrub,8,2
Total_PAD_RelZ0.55_1.00,0.116557087,0.116557087,Shrub,8,3
vn,0.082709981,0.082709981,Shrub,8,3
PC_Density_m3,0,0,Shrub,8,3
cHull_vol,0,0,Shrub,8,3
Alpha_Vol_m3,0,0,Shrub,8,3
horizontalRumpel,0,0,Shrub,8,3
mean_vox_ht,0,0,Shrub,8,3
sd_vox_ht,0,0,Shrub,8,3
zmax,0,0,Shrub,8,3
zmean,0,0,Shrub,8,3
Total_PAD_RelZ0.55_1.00,0.027170513,0.027170513,Shrub,8,4
Mean_PAD_RelZ0.55_1.00,0.025805234,0.025805234,Shrub,8,4
Total_PAD_RelZ1.05_2.00,0.022918807,0.022918807,Shrub,8,4
PC_Strata_1.00.2.00,0.021516199,0.021516199,Shrub,8,4
Total_PAD_FullROI,0.020327294,0.020327294,Shrub,8,4
n,0.020246442,0.020246442,Shrub,8,4
zq45,0.019748165,0.019748165,Shrub,8,4
Percent.Below.90th.Quantile,0.019494532,0.019494532,Shrub,8,4
horizontalRumpel,0.019457016,0.019457016,Shrub,8,4
zq75,0.019407793,0.019407793,Shrub,8,4
Total_PAD_RelZ0.55_1.00,0.157472753,0.157472753,Shrub,8,5
Mean_PAD_RelZ0.55_1.00,0.096119776,0.096119776,Shrub,8,5
Percent.Below.90th.Quantile,0.074629783,0.074629783,Shrub,8,5
zq75,0.070708672,0.070708672,Shrub,8,5
PC_Strata_1.00.2.00,0.068230714,0.068230714,Shrub,8,5
Mean_PAD_RelZ0.30_0.50,0.067947449,0.067947449,Shrub,8,5
horizontalRumpel,0.035870476,0.035870476,Shrub,8,5
zq70,0.024320031,0.024320031,Shrub,8,5
mean_vox_ht,0.011295593,0.011295593,Shrub,8,5
zq45,0.011079837,0.011079837,Shrub,8,5
Percent.Below.90th.Quantile,0.299967851,0.299967851,Shrub,9,1
Total_PAD_RelZ0.55_1.00,0.211732101,0.211732101,Shrub,9,1
PC_Strata_1.00.2.00,0.145105541,0.145105541,Shrub,9,1
Total_PAD_RelZ1.05_2.00,0.13537989,0.13537989,Shrub,9,1
Mean_PAD_RelZ0.55_1.00,0.101926591,0.101926591,Shrub,9,1
zq75,0.08810285,0.08810285,Shrub,9,1
Mean_PAD_RelZ0.30_0.50,0.055985892,0.055985892,Shrub,9,1
SD_PropOcc_RelZ1.05_2.00,-0.04938555,0.04938555,Shrub,9,1
ipcumzq70,0.047449642,0.047449642,Shrub,9,1
zq5,-0.046555857,0.046555857,Shrub,9,1
Total_PAD_RelZ0.55_1.00,0.005851056,0.005851056,Shrub,9,2
Mean_PAD_RelZ0.55_1.00,0.005569429,0.005569429,Shrub,9,2
n,0.005548166,0.005548166,Shrub,9,2
horizontalRumpel,0.005434691,0.005434691,Shrub,9,2
vn,0.005190597,0.005190597,Shrub,9,2
Alpha_Vol_m3,0.005172852,0.005172852,Shrub,9,2
Mean_PAD_RelZ0.30_0.50,0.005010394,0.005010394,Shrub,9,2
itot,0.00480165,0.00480165,Shrub,9,2
Total_PAD_RelZ0.30_0.50,0.004600163,0.004600163,Shrub,9,2
zq70,0.003976358,0.003976358,Shrub,9,2
Total_PAD_RelZ0.55_1.00,0.011698325,0.011698325,Shrub,9,3
Mean_PAD_RelZ0.55_1.00,0.011270996,0.011270996,Shrub,9,3
zq75,0.010172112,0.010172112,Shrub,9,3
zq70,0.009899779,0.009899779,Shrub,9,3
zq65,0.009610236,0.009610236,Shrub,9,3
horizontalRumpel,0.009596307,0.009596307,Shrub,9,3
zq55,0.009539159,0.009539159,Shrub,9,3
PC_Strata_1.00.2.00,0.00944604,0.00944604,Shrub,9,3
Percent.Below.90th.Quantile,0.009343856,0.009343856,Shrub,9,3
zq45,0.009280039,0.009280039,Shrub,9,3
Total_PAD_RelZ0.55_1.00,0.016731616,0.016731616,Shrub,9,4
Mean_PAD_RelZ0.55_1.00,0.015901621,0.015901621,Shrub,9,4
PC_Strata_1.00.2.00,0.015291089,0.015291089,Shrub,9,4
Percent.Below.90th.Quantile,0.015248183,0.015248183,Shrub,9,4
zq75,0.015153407,0.015153407,Shrub,9,4
horizontalRumpel,0.015046108,0.015046108,Shrub,9,4
zq45,0.014926337,0.014926337,Shrub,9,4
zq70,0.014814667,0.014814667,Shrub,9,4
zq50,0.014624806,0.014624806,Shrub,9,4
zq55,0.014519045,0.014519045,Shrub,9,4
zq50,0.006883955,0.006883955,Shrub,9,5
zq45,0.006865115,0.006865115,Shrub,9,5
zq55,0.006630035,0.006630035,Shrub,9,5
zq60,0.00573515,0.00573515,Shrub,9,5
Total_PAD_RelZ1.05_2.00,0.005519848,0.005519848,Shrub,9,5
PC_Strata_1.00.2.00,0.005516407,0.005516407,Shrub,9,5
zq75,0.005424374,0.005424374,Shrub,9,5
zq65,0.005423364,0.005423364,Shrub,9,5
Percent.Below.90th.Quantile,0.005256875,0.005256875,Shrub,9,5
zmean,0.005181966,0.005181966,Shrub,9,5
Total_PAD_RelZ0.55_1.00,0.047091957,0.047091957,Shrub,10,1
Percent.Below.90th.Quantile,0.045736624,0.045736624,Shrub,10,1
Mean_PAD_RelZ0.55_1.00,0.03983759,0.03983759,Shrub,10,1
zq45,0.035157942,0.035157942,Shrub,10,1
zq75,0.033945628,0.033945628,Shrub,10,1
zq50,0.033339973,0.033339973,Shrub,10,1
zq55,0.032192478,0.032192478,Shrub,10,1
zq70,0.029232986,0.029232986,Shrub,10,1
zq65,0.025221511,0.025221511,Shrub,10,1
horizontalRumpel,0.021171103,0.021171103,Shrub,10,1
Total_PAD_RelZ0.55_1.00,0.054372181,0.054372181,Shrub,10,2
vn,0.037536828,0.037536828,Shrub,10,2
Alpha_Vol_m3,0.036271612,0.036271612,Shrub,10,2
Mean_PAD_RelZ0.55_1.00,0.034828153,0.034828153,Shrub,10,2
n,0.022575655,0.022575655,Shrub,10,2
Percent.Below.50th.Quantile,0.017358589,0.017358589,Shrub,10,2
itot,0.015081272,0.015081272,Shrub,10,2
PC_Strata_0.50.1.00,0.014140883,0.014140883,Shrub,10,2
Total_PAD_RelZ0.30_0.50,0.014000994,0.014000994,Shrub,10,2
Mean_PropOcc_RelZ0.30_0.50,0.011186319,0.011186319,Shrub,10,2
Total_PAD_RelZ0.55_1.00,0.036186934,0.036186934,Shrub,10,3
Mean_PAD_RelZ0.55_1.00,0.0338486,0.0338486,Shrub,10,3
PCA2_mean,0.025842343,0.025842343,Shrub,10,3
Percent.Below.90th.Quantile,0.025653363,0.025653363,Shrub,10,3
Mean_PAD_RelZ0.30_0.50,0.025473454,0.025473454,Shrub,10,3
horizontalRumpel,0.024578896,0.024578896,Shrub,10,3
Total_PAD_FullROI,0.023609885,0.023609885,Shrub,10,3
zq75,0.023383787,0.023383787,Shrub,10,3
PC_Strata_1.00.2.00,0.022504718,0.022504718,Shrub,10,3
zq45,0.022294636,0.022294636,Shrub,10,3
Mean_PAD_RelZ0.55_1.00,0.031738182,0.031738182,Shrub,10,4
Mean_PAD_RelZ0.30_0.50,0.030436085,0.030436085,Shrub,10,4
zq5,-0.030416216,0.030416216,Shrub,10,4
Total_PAD_RelZ0.55_1.00,0.029372482,0.029372482,Shrub,10,4
ipcumzq70,0.02776529,0.02776529,Shrub,10,4
zq10,-0.027052206,0.027052206,Shrub,10,4
Total_PAD_FullROI,0.026663481,0.026663481,Shrub,10,4
zq75,0.026443401,0.026443401,Shrub,10,4
Percent.Below.90th.Quantile,0.026391429,0.026391429,Shrub,10,4
zq15,-0.025152663,0.025152663,Shrub,10,4
Total_PAD_RelZ0.55_1.00,0.018337671,0.018337671,Shrub,10,5
Mean_PAD_RelZ0.55_1.00,0.017329973,0.017329973,Shrub,10,5
Percent.Below.90th.Quantile,0.016018046,0.016018046,Shrub,10,5
zq75,0.015131055,0.015131055,Shrub,10,5
PC_Strata_1.00.2.00,0.014791004,0.014791004,Shrub,10,5
zq70,0.014539428,0.014539428,Shrub,10,5
Total_PAD_FullROI,0.014345458,0.014345458,Shrub,10,5
Mean_PAD_RelZ0.30_0.50,0.014306085,0.014306085,Shrub,10,5
zq65,0.014094953,0.014094953,Shrub,10,5
horizontalRumpel,0.013899645,0.013899645,Shrub,10,5
lad_max,0.007539259,0.007539259,Large_diam_woody,1,1
Linearity_mean,0.00668762,0.00668762,Large_diam_woody,1,1
Ny_mean,0.006519257,0.006519257,Large_diam_woody,1,1
lad_mean,0.006510099,0.006510099,Large_diam_woody,1,1
Total_PAD_RelZ0.30_0.50,0.006468412,0.006468412,Large_diam_woody,1,1
lad_sum,0.00622401,0.00622401,Large_diam_woody,1,1
Percent.Below.20th.Quantile,0.006121088,0.006121088,Large_diam_woody,1,1
eSum_mean,-0.005829056,0.005829056,Large_diam_woody,1,1
Percent.Below.30th.Quantile,0.005774487,0.005774487,Large_diam_woody,1,1
eMedium_mean,-0.005772243,0.005772243,Large_diam_woody,1,1
Percent.Below.30th.Quantile,0.112857736,0.112857736,Large_diam_woody,1,2
lad_max,0.103415901,0.103415901,Large_diam_woody,1,2
lad_mean,0.088622314,0.088622314,Large_diam_woody,1,2
Ny_mean,0.081441946,0.081441946,Large_diam_woody,1,2
Percent.Below.40th.Quantile,0.076891912,0.076891912,Large_diam_woody,1,2
lad_sum,0.075237638,0.075237638,Large_diam_woody,1,2
Percent.Below.20th.Quantile,0.073518664,0.073518664,Large_diam_woody,1,2
PCA1_mean,0.05660382,0.05660382,Large_diam_woody,1,2
PCA2_mean,0.052707678,0.052707678,Large_diam_woody,1,2
Percent.Below.10th.Quantile,-0.04986818,0.04986818,Large_diam_woody,1,2
PC_Density_m3,0,0,Large_diam_woody,1,3
cHull_vol,0,0,Large_diam_woody,1,3
Alpha_Vol_m3,0,0,Large_diam_woody,1,3
horizontalRumpel,0,0,Large_diam_woody,1,3
mean_vox_ht,0,0,Large_diam_woody,1,3
sd_vox_ht,0,0,Large_diam_woody,1,3
zmax,0,0,Large_diam_woody,1,3
zmean,0,0,Large_diam_woody,1,3
zsd,0,0,Large_diam_woody,1,3
zskew,0,0,Large_diam_woody,1,3
PC_Density_m3,0,0,Large_diam_woody,1,4
cHull_vol,0,0,Large_diam_woody,1,4
Alpha_Vol_m3,0,0,Large_diam_woody,1,4
horizontalRumpel,0,0,Large_diam_woody,1,4
mean_vox_ht,0,0,Large_diam_woody,1,4
sd_vox_ht,0,0,Large_diam_woody,1,4
zmax,0,0,Large_diam_woody,1,4
zmean,0,0,Large_diam_woody,1,4
zsd,0,0,Large_diam_woody,1,4
zskew,0,0,Large_diam_woody,1,4
PC_Density_m3,0,0,Large_diam_woody,1,5
cHull_vol,0,0,Large_diam_woody,1,5
Alpha_Vol_m3,0,0,Large_diam_woody,1,5
horizontalRumpel,0,0,Large_diam_woody,1,5
mean_vox_ht,0,0,Large_diam_woody,1,5
sd_vox_ht,0,0,Large_diam_woody,1,5
zmax,0,0,Large_diam_woody,1,5
zmean,0,0,Large_diam_woody,1,5
zsd,0,0,Large_diam_woody,1,5
zskew,0,0,Large_diam_woody,1,5
PC_Density_m3,0,0,Large_diam_woody,2,1
cHull_vol,0,0,Large_diam_woody,2,1
Alpha_Vol_m3,0,0,Large_diam_woody,2,1
horizontalRumpel,0,0,Large_diam_woody,2,1
mean_vox_ht,0,0,Large_diam_woody,2,1
sd_vox_ht,0,0,Large_diam_woody,2,1
zmax,0,0,Large_diam_woody,2,1
zmean,0,0,Large_diam_woody,2,1
zsd,0,0,Large_diam_woody,2,1
zskew,0,0,Large_diam_woody,2,1
PC_Density_m3,0,0,Large_diam_woody,2,2
cHull_vol,0,0,Large_diam_woody,2,2
Alpha_Vol_m3,0,0,Large_diam_woody,2,2
horizontalRumpel,0,0,Large_diam_woody,2,2
mean_vox_ht,0,0,Large_diam_woody,2,2
sd_vox_ht,0,0,Large_diam_woody,2,2
zmax,0,0,Large_diam_woody,2,2
zmean,0,0,Large_diam_woody,2,2
zsd,0,0,Large_diam_woody,2,2
zskew,0,0,Large_diam_woody,2,2
PC_Density_m3,0,0,Large_diam_woody,2,3
cHull_vol,0,0,Large_diam_woody,2,3
Alpha_Vol_m3,0,0,Large_diam_woody,2,3
horizontalRumpel,0,0,Large_diam_woody,2,3
mean_vox_ht,0,0,Large_diam_woody,2,3
sd_vox_ht,0,0,Large_diam_woody,2,3
zmax,0,0,Large_diam_woody,2,3
zmean,0,0,Large_diam_woody,2,3
zsd,0,0,Large_diam_woody,2,3
zskew,0,0,Large_diam_woody,2,3
Percent.Below.30th.Quantile,0.0278281,0.0278281,Large_diam_woody,2,4
lad_max,0.027601001,0.027601001,Large_diam_woody,2,4
lad_mean,0.023137309,0.023137309,Large_diam_woody,2,4
lad_sum,0.021436778,0.021436778,Large_diam_woody,2,4
Ny_mean,0.020786504,0.020786504,Large_diam_woody,2,4
Percent.Below.20th.Quantile,0.020187566,0.020187566,Large_diam_woody,2,4
Percent.Below.40th.Quantile,0.019439801,0.019439801,Large_diam_woody,2,4
PCA1_mean,0.014112901,0.014112901,Large_diam_woody,2,4
Percent.Below.10th.Quantile,-0.014088645,0.014088645,Large_diam_woody,2,4
Linearity_mean,0.013792787,0.013792787,Large_diam_woody,2,4
PC_Density_m3,0,0,Large_diam_woody,2,5
cHull_vol,0,0,Large_diam_woody,2,5
Alpha_Vol_m3,0,0,Large_diam_woody,2,5
horizontalRumpel,0,0,Large_diam_woody,2,5
mean_vox_ht,0,0,Large_diam_woody,2,5
sd_vox_ht,0,0,Large_diam_woody,2,5
zmax,0,0,Large_diam_woody,2,5
zmean,0,0,Large_diam_woody,2,5
zsd,0,0,Large_diam_woody,2,5
zskew,0,0,Large_diam_woody,2,5
PC_Density_m3,0,0,Large_diam_woody,3,1
cHull_vol,0,0,Large_diam_woody,3,1
Alpha_Vol_m3,0,0,Large_diam_woody,3,1
horizontalRumpel,0,0,Large_diam_woody,3,1
mean_vox_ht,0,0,Large_diam_woody,3,1
sd_vox_ht,0,0,Large_diam_woody,3,1
zmax,0,0,Large_diam_woody,3,1
zmean,0,0,Large_diam_woody,3,1
zsd,0,0,Large_diam_woody,3,1
zskew,0,0,Large_diam_woody,3,1
PC_Density_m3,0,0,Large_diam_woody,3,2
cHull_vol,0,0,Large_diam_woody,3,2
Alpha_Vol_m3,0,0,Large_diam_woody,3,2
horizontalRumpel,0,0,Large_diam_woody,3,2
mean_vox_ht,0,0,Large_diam_woody,3,2
sd_vox_ht,0,0,Large_diam_woody,3,2
zmax,0,0,Large_diam_woody,3,2
zmean,0,0,Large_diam_woody,3,2
zsd,0,0,Large_diam_woody,3,2
zskew,0,0,Large_diam_woody,3,2
PC_Density_m3,0,0,Large_diam_woody,3,3
cHull_vol,0,0,Large_diam_woody,3,3
Alpha_Vol_m3,0,0,Large_diam_woody,3,3
horizontalRumpel,0,0,Large_diam_woody,3,3
mean_vox_ht,0,0,Large_diam_woody,3,3
sd_vox_ht,0,0,Large_diam_woody,3,3
zmax,0,0,Large_diam_woody,3,3
zmean,0,0,Large_diam_woody,3,3
zsd,0,0,Large_diam_woody,3,3
zskew,0,0,Large_diam_woody,3,3
PC_Density_m3,0,0,Large_diam_woody,3,4
cHull_vol,0,0,Large_diam_woody,3,4
Alpha_Vol_m3,0,0,Large_diam_woody,3,4
horizontalRumpel,0,0,Large_diam_woody,3,4
mean_vox_ht,0,0,Large_diam_woody,3,4
sd_vox_ht,0,0,Large_diam_woody,3,4
zmax,0,0,Large_diam_woody,3,4
zmean,0,0,Large_diam_woody,3,4
zsd,0,0,Large_diam_woody,3,4
zskew,0,0,Large_diam_woody,3,4
lad_max,0.007672957,0.007672957,Large_diam_woody,3,5
Linearity_mean,0.006854505,0.006854505,Large_diam_woody,3,5
Total_PAD_RelZ0.30_0.50,0.006677346,0.006677346,Large_diam_woody,3,5
Ny_mean,0.006623958,0.006623958,Large_diam_woody,3,5
lad_mean,0.006566724,0.006566724,Large_diam_woody,3,5
lad_sum,0.006392733,0.006392733,Large_diam_woody,3,5
SD_PropOcc_RelZ0.55_1.00,0.006155475,0.006155475,Large_diam_woody,3,5
Percent.Below.30th.Quantile,0.006106598,0.006106598,Large_diam_woody,3,5
Percent.Below.20th.Quantile,0.006005363,0.006005363,Large_diam_woody,3,5
eMedium_mean,-0.006004934,0.006004934,Large_diam_woody,3,5
PC_Density_m3,0,0,Large_diam_woody,4,1
cHull_vol,0,0,Large_diam_woody,4,1
Alpha_Vol_m3,0,0,Large_diam_woody,4,1
horizontalRumpel,0,0,Large_diam_woody,4,1
mean_vox_ht,0,0,Large_diam_woody,4,1
sd_vox_ht,0,0,Large_diam_woody,4,1
zmax,0,0,Large_diam_woody,4,1
zmean,0,0,Large_diam_woody,4,1
zsd,0,0,Large_diam_woody,4,1
zskew,0,0,Large_diam_woody,4,1
PC_Density_m3,0,0,Large_diam_woody,4,2
cHull_vol,0,0,Large_diam_woody,4,2
Alpha_Vol_m3,0,0,Large_diam_woody,4,2
horizontalRumpel,0,0,Large_diam_woody,4,2
mean_vox_ht,0,0,Large_diam_woody,4,2
sd_vox_ht,0,0,Large_diam_woody,4,2
zmax,0,0,Large_diam_woody,4,2
zmean,0,0,Large_diam_woody,4,2
zsd,0,0,Large_diam_woody,4,2
zskew,0,0,Large_diam_woody,4,2
PC_Density_m3,0,0,Large_diam_woody,4,3
cHull_vol,0,0,Large_diam_woody,4,3
Alpha_Vol_m3,0,0,Large_diam_woody,4,3
horizontalRumpel,0,0,Large_diam_woody,4,3
mean_vox_ht,0,0,Large_diam_woody,4,3
sd_vox_ht,0,0,Large_diam_woody,4,3
zmax,0,0,Large_diam_woody,4,3
zmean,0,0,Large_diam_woody,4,3
zsd,0,0,Large_diam_woody,4,3
zskew,0,0,Large_diam_woody,4,3
PC_Density_m3,0,0,Large_diam_woody,4,4
cHull_vol,0,0,Large_diam_woody,4,4
Alpha_Vol_m3,0,0,Large_diam_woody,4,4
horizontalRumpel,0,0,Large_diam_woody,4,4
mean_vox_ht,0,0,Large_diam_woody,4,4
sd_vox_ht,0,0,Large_diam_woody,4,4
zmax,0,0,Large_diam_woody,4,4
zmean,0,0,Large_diam_woody,4,4
zsd,0,0,Large_diam_woody,4,4
zskew,0,0,Large_diam_woody,4,4
Percent.Below.30th.Quantile,0.028147194,0.028147194,Large_diam_woody,4,5
lad_max,0.026367179,0.026367179,Large_diam_woody,4,5
lad_mean,0.022797442,0.022797442,Large_diam_woody,4,5
lad_sum,0.020325719,0.020325719,Large_diam_woody,4,5
Ny_mean,0.019770561,0.019770561,Large_diam_woody,4,5
Percent.Below.40th.Quantile,0.019647952,0.019647952,Large_diam_woody,4,5
Percent.Below.20th.Quantile,0.018984443,0.018984443,Large_diam_woody,4,5
Linearity_mean,0.014284958,0.014284958,Large_diam_woody,4,5
Percent.Below.10th.Quantile,-0.01410761,0.01410761,Large_diam_woody,4,5
PCA1_mean,0.013613474,0.013613474,Large_diam_woody,4,5
PC_Density_m3,0,0,Large_diam_woody,5,1
cHull_vol,0,0,Large_diam_woody,5,1
Alpha_Vol_m3,0,0,Large_diam_woody,5,1
horizontalRumpel,0,0,Large_diam_woody,5,1
mean_vox_ht,0,0,Large_diam_woody,5,1
sd_vox_ht,0,0,Large_diam_woody,5,1
zmax,0,0,Large_diam_woody,5,1
zmean,0,0,Large_diam_woody,5,1
zsd,0,0,Large_diam_woody,5,1
zskew,0,0,Large_diam_woody,5,1
PC_Density_m3,0,0,Large_diam_woody,5,2
cHull_vol,0,0,Large_diam_woody,5,2
Alpha_Vol_m3,0,0,Large_diam_woody,5,2
horizontalRumpel,0,0,Large_diam_woody,5,2
mean_vox_ht,0,0,Large_diam_woody,5,2
sd_vox_ht,0,0,Large_diam_woody,5,2
zmax,0,0,Large_diam_woody,5,2
zmean,0,0,Large_diam_woody,5,2
zsd,0,0,Large_diam_woody,5,2
zskew,0,0,Large_diam_woody,5,2
Percent.Below.30th.Quantile,0.058508922,0.058508922,Large_diam_woody,5,3
lad_max,0.057816417,0.057816417,Large_diam_woody,5,3
lad_mean,0.047562579,0.047562579,Large_diam_woody,5,3
Ny_mean,0.046440299,0.046440299,Large_diam_woody,5,3
lad_sum,0.043436792,0.043436792,Large_diam_woody,5,3
Percent.Below.40th.Quantile,0.042805422,0.042805422,Large_diam_woody,5,3
Percent.Below.20th.Quantile,0.041490444,0.041490444,Large_diam_woody,5,3
PCA1_mean,0.032857298,0.032857298,Large_diam_woody,5,3
Linearity_mean,0.031041159,0.031041159,Large_diam_woody,5,3
PCA2_mean,0.028988041,0.028988041,Large_diam_woody,5,3
Percent.Below.30th.Quantile,0.02864925,0.02864925,Large_diam_woody,5,4
lad_max,0.028629664,0.028629664,Large_diam_woody,5,4
lad_mean,0.024623479,0.024623479,Large_diam_woody,5,4
lad_sum,0.021906502,0.021906502,Large_diam_woody,5,4
Ny_mean,0.020021872,0.020021872,Large_diam_woody,5,4
Percent.Below.20th.Quantile,0.019436727,0.019436727,Large_diam_woody,5,4
Percent.Below.40th.Quantile,0.018782642,0.018782642,Large_diam_woody,5,4
Percent.Below.10th.Quantile,-0.01399034,0.01399034,Large_diam_woody,5,4
PCA1_mean,0.013696842,0.013696842,Large_diam_woody,5,4
Linearity_mean,0.013569756,0.013569756,Large_diam_woody,5,4
PC_Density_m3,0,0,Large_diam_woody,5,5
cHull_vol,0,0,Large_diam_woody,5,5
Alpha_Vol_m3,0,0,Large_diam_woody,5,5
horizontalRumpel,0,0,Large_diam_woody,5,5
mean_vox_ht,0,0,Large_diam_woody,5,5
sd_vox_ht,0,0,Large_diam_woody,5,5
zmax,0,0,Large_diam_woody,5,5
zmean,0,0,Large_diam_woody,5,5
zsd,0,0,Large_diam_woody,5,5
zskew,0,0,Large_diam_woody,5,5
PC_Density_m3,0,0,Large_diam_woody,6,1
cHull_vol,0,0,Large_diam_woody,6,1
Alpha_Vol_m3,0,0,Large_diam_woody,6,1
horizontalRumpel,0,0,Large_diam_woody,6,1
mean_vox_ht,0,0,Large_diam_woody,6,1
sd_vox_ht,0,0,Large_diam_woody,6,1
zmax,0,0,Large_diam_woody,6,1
zmean,0,0,Large_diam_woody,6,1
zsd,0,0,Large_diam_woody,6,1
zskew,0,0,Large_diam_woody,6,1
PC_Density_m3,0,0,Large_diam_woody,6,2
cHull_vol,0,0,Large_diam_woody,6,2
Alpha_Vol_m3,0,0,Large_diam_woody,6,2
horizontalRumpel,0,0,Large_diam_woody,6,2
mean_vox_ht,0,0,Large_diam_woody,6,2
sd_vox_ht,0,0,Large_diam_woody,6,2
zmax,0,0,Large_diam_woody,6,2
zmean,0,0,Large_diam_woody,6,2
zsd,0,0,Large_diam_woody,6,2
zskew,0,0,Large_diam_woody,6,2
lad_max,0.018412312,0.018412312,Large_diam_woody,6,3
Percent.Below.30th.Quantile,0.015836338,0.015836338,Large_diam_woody,6,3
Percent.Below.40th.Quantile,0.015022202,0.015022202,Large_diam_woody,6,3
lad_mean,0.014919125,0.014919125,Large_diam_woody,6,3
lad_sum,0.014389657,0.014389657,Large_diam_woody,6,3
Ny_mean,0.0117896,0.0117896,Large_diam_woody,6,3
PCA1_mean,0.011702905,0.011702905,Large_diam_woody,6,3
Percent.Below.20th.Quantile,0.009429782,0.009429782,Large_diam_woody,6,3
PCA2_mean,0.008566686,0.008566686,Large_diam_woody,6,3
ipcumzq90,0.008534318,0.008534318,Large_diam_woody,6,3
PC_Density_m3,0,0,Large_diam_woody,6,4
cHull_vol,0,0,Large_diam_woody,6,4
Alpha_Vol_m3,0,0,Large_diam_woody,6,4
horizontalRumpel,0,0,Large_diam_woody,6,4
mean_vox_ht,0,0,Large_diam_woody,6,4
sd_vox_ht,0,0,Large_diam_woody,6,4
zmax,0,0,Large_diam_woody,6,4
zmean,0,0,Large_diam_woody,6,4
zsd,0,0,Large_diam_woody,6,4
zskew,0,0,Large_diam_woody,6,4
PC_Density_m3,0,0,Large_diam_woody,6,5
cHull_vol,0,0,Large_diam_woody,6,5
Alpha_Vol_m3,0,0,Large_diam_woody,6,5
horizontalRumpel,0,0,Large_diam_woody,6,5
mean_vox_ht,0,0,Large_diam_woody,6,5
sd_vox_ht,0,0,Large_diam_woody,6,5
zmax,0,0,Large_diam_woody,6,5
zmean,0,0,Large_diam_woody,6,5
zsd,0,0,Large_diam_woody,6,5
zskew,0,0,Large_diam_woody,6,5
lad_max,0.029086348,0.029086348,Large_diam_woody,7,1
Percent.Below.30th.Quantile,0.028604125,0.028604125,Large_diam_woody,7,1
lad_mean,0.02475532,0.02475532,Large_diam_woody,7,1
lad_sum,0.022822697,0.022822697,Large_diam_woody,7,1
Percent.Below.20th.Quantile,0.020922415,0.020922415,Large_diam_woody,7,1
Ny_mean,0.020911396,0.020911396,Large_diam_woody,7,1
Percent.Below.40th.Quantile,0.019518673,0.019518673,Large_diam_woody,7,1
Percent.Below.10th.Quantile,-0.014374885,0.014374885,Large_diam_woody,7,1
PCA1_mean,0.014122933,0.014122933,Large_diam_woody,7,1
Linearity_mean,0.014006459,0.014006459,Large_diam_woody,7,1
PC_Density_m3,0,0,Large_diam_woody,7,2
cHull_vol,0,0,Large_diam_woody,7,2
Alpha_Vol_m3,0,0,Large_diam_woody,7,2
horizontalRumpel,0,0,Large_diam_woody,7,2
mean_vox_ht,0,0,Large_diam_woody,7,2
sd_vox_ht,0,0,Large_diam_woody,7,2
zmax,0,0,Large_diam_woody,7,2
zmean,0,0,Large_diam_woody,7,2
zsd,0,0,Large_diam_woody,7,2
zskew,0,0,Large_diam_woody,7,2
PC_Density_m3,0,0,Large_diam_woody,7,3
cHull_vol,0,0,Large_diam_woody,7,3
Alpha_Vol_m3,0,0,Large_diam_woody,7,3
horizontalRumpel,0,0,Large_diam_woody,7,3
mean_vox_ht,0,0,Large_diam_woody,7,3
sd_vox_ht,0,0,Large_diam_woody,7,3
zmax,0,0,Large_diam_woody,7,3
zmean,0,0,Large_diam_woody,7,3
zsd,0,0,Large_diam_woody,7,3
zskew,0,0,Large_diam_woody,7,3
PC_Density_m3,0,0,Large_diam_woody,7,4
cHull_vol,0,0,Large_diam_woody,7,4
Alpha_Vol_m3,0,0,Large_diam_woody,7,4
horizontalRumpel,0,0,Large_diam_woody,7,4
mean_vox_ht,0,0,Large_diam_woody,7,4
sd_vox_ht,0,0,Large_diam_woody,7,4
zmax,0,0,Large_diam_woody,7,4
zmean,0,0,Large_diam_woody,7,4
zsd,0,0,Large_diam_woody,7,4
zskew,0,0,Large_diam_woody,7,4
Percent.Below.30th.Quantile,0.330076063,0.330076063,Large_diam_woody,7,5
Ny_mean,0.287601372,0.287601372,Large_diam_woody,7,5
lad_max,0.272030248,0.272030248,Large_diam_woody,7,5
Percent.Below.40th.Quantile,0.219215613,0.219215613,Large_diam_woody,7,5
PCA1_mean,0.187874125,0.187874125,Large_diam_woody,7,5
Percent.Below.20th.Quantile,0.183548037,0.183548037,Large_diam_woody,7,5
lad_mean,0.183543136,0.183543136,Large_diam_woody,7,5
lad_sum,0.183414877,0.183414877,Large_diam_woody,7,5
PCA2_mean,0.179947592,0.179947592,Large_diam_woody,7,5
PCA2_sd,-0.174366403,0.174366403,Large_diam_woody,7,5
PC_Density_m3,0,0,Large_diam_woody,8,1
cHull_vol,0,0,Large_diam_woody,8,1
Alpha_Vol_m3,0,0,Large_diam_woody,8,1
horizontalRumpel,0,0,Large_diam_woody,8,1
mean_vox_ht,0,0,Large_diam_woody,8,1
sd_vox_ht,0,0,Large_diam_woody,8,1
zmax,0,0,Large_diam_woody,8,1
zmean,0,0,Large_diam_woody,8,1
zsd,0,0,Large_diam_woody,8,1
zskew,0,0,Large_diam_woody,8,1
lad_max,0.011717509,0.011717509,Large_diam_woody,8,2
Total_PAD_RelZ0.30_0.50,0.010282341,0.010282341,Large_diam_woody,8,2
Percent.Below.20th.Quantile,0.010104002,0.010104002,Large_diam_woody,8,2
Linearity_mean,0.010006231,0.010006231,Large_diam_woody,8,2
lad_mean,0.009958239,0.009958239,Large_diam_woody,8,2
Percent.Below.30th.Quantile,0.009922923,0.009922923,Large_diam_woody,8,2
Ny_mean,0.009850026,0.009850026,Large_diam_woody,8,2
lad_sum,0.009362475,0.009362475,Large_diam_woody,8,2
SD_PropOcc_RelZ0.55_1.00,0.008765328,0.008765328,Large_diam_woody,8,2
eSum_mean,-0.0086719,0.0086719,Large_diam_woody,8,2
PC_Density_m3,0,0,Large_diam_woody,8,3
cHull_vol,0,0,Large_diam_woody,8,3
Alpha_Vol_m3,0,0,Large_diam_woody,8,3
horizontalRumpel,0,0,Large_diam_woody,8,3
mean_vox_ht,0,0,Large_diam_woody,8,3
sd_vox_ht,0,0,Large_diam_woody,8,3
zmax,0,0,Large_diam_woody,8,3
zmean,0,0,Large_diam_woody,8,3
zsd,0,0,Large_diam_woody,8,3
zskew,0,0,Large_diam_woody,8,3
PC_Density_m3,0,0,Large_diam_woody,8,4
cHull_vol,0,0,Large_diam_woody,8,4
Alpha_Vol_m3,0,0,Large_diam_woody,8,4
horizontalRumpel,0,0,Large_diam_woody,8,4
mean_vox_ht,0,0,Large_diam_woody,8,4
sd_vox_ht,0,0,Large_diam_woody,8,4
zmax,0,0,Large_diam_woody,8,4
zmean,0,0,Large_diam_woody,8,4
zsd,0,0,Large_diam_woody,8,4
zskew,0,0,Large_diam_woody,8,4
PC_Density_m3,0,0,Large_diam_woody,8,5
cHull_vol,0,0,Large_diam_woody,8,5
Alpha_Vol_m3,0,0,Large_diam_woody,8,5
horizontalRumpel,0,0,Large_diam_woody,8,5
mean_vox_ht,0,0,Large_diam_woody,8,5
sd_vox_ht,0,0,Large_diam_woody,8,5
zmax,0,0,Large_diam_woody,8,5
zmean,0,0,Large_diam_woody,8,5
zsd,0,0,Large_diam_woody,8,5
zskew,0,0,Large_diam_woody,8,5
PC_Density_m3,0,0,Large_diam_woody,9,1
cHull_vol,0,0,Large_diam_woody,9,1
Alpha_Vol_m3,0,0,Large_diam_woody,9,1
horizontalRumpel,0,0,Large_diam_woody,9,1
mean_vox_ht,0,0,Large_diam_woody,9,1
sd_vox_ht,0,0,Large_diam_woody,9,1
zmax,0,0,Large_diam_woody,9,1
zmean,0,0,Large_diam_woody,9,1
zsd,0,0,Large_diam_woody,9,1
zskew,0,0,Large_diam_woody,9,1
PC_Density_m3,0,0,Large_diam_woody,9,2
cHull_vol,0,0,Large_diam_woody,9,2
Alpha_Vol_m3,0,0,Large_diam_woody,9,2
horizontalRumpel,0,0,Large_diam_woody,9,2
mean_vox_ht,0,0,Large_diam_woody,9,2
sd_vox_ht,0,0,Large_diam_woody,9,2
zmax,0,0,Large_diam_woody,9,2
zmean,0,0,Large_diam_woody,9,2
zsd,0,0,Large_diam_woody,9,2
zskew,0,0,Large_diam_woody,9,2
Percent.Below.30th.Quantile,0.02844834,0.02844834,Large_diam_woody,9,3
lad_max,0.028165836,0.028165836,Large_diam_woody,9,3
lad_mean,0.023707103,0.023707103,Large_diam_woody,9,3
lad_sum,0.021243706,0.021243706,Large_diam_woody,9,3
Percent.Below.20th.Quantile,0.020373202,0.020373202,Large_diam_woody,9,3
Ny_mean,0.020093459,0.020093459,Large_diam_woody,9,3
Percent.Below.40th.Quantile,0.018071001,0.018071001,Large_diam_woody,9,3
Percent.Below.10th.Quantile,-0.013219951,0.013219951,Large_diam_woody,9,3
Linearity_mean,0.013172413,0.013172413,Large_diam_woody,9,3
PCA1_mean,0.012885738,0.012885738,Large_diam_woody,9,3
PC_Density_m3,0,0,Large_diam_woody,9,4
cHull_vol,0,0,Large_diam_woody,9,4
Alpha_Vol_m3,0,0,Large_diam_woody,9,4
horizontalRumpel,0,0,Large_diam_woody,9,4
mean_vox_ht,0,0,Large_diam_woody,9,4
sd_vox_ht,0,0,Large_diam_woody,9,4
zmax,0,0,Large_diam_woody,9,4
zmean,0,0,Large_diam_woody,9,4
zsd,0,0,Large_diam_woody,9,4
zskew,0,0,Large_diam_woody,9,4
PC_Density_m3,0,0,Large_diam_woody,9,5
cHull_vol,0,0,Large_diam_woody,9,5
Alpha_Vol_m3,0,0,Large_diam_woody,9,5
horizontalRumpel,0,0,Large_diam_woody,9,5
mean_vox_ht,0,0,Large_diam_woody,9,5
sd_vox_ht,0,0,Large_diam_woody,9,5
zmax,0,0,Large_diam_woody,9,5
zmean,0,0,Large_diam_woody,9,5
zsd,0,0,Large_diam_woody,9,5
zskew,0,0,Large_diam_woody,9,5
PC_Density_m3,0,0,Large_diam_woody,10,1
cHull_vol,0,0,Large_diam_woody,10,1
Alpha_Vol_m3,0,0,Large_diam_woody,10,1
horizontalRumpel,0,0,Large_diam_woody,10,1
mean_vox_ht,0,0,Large_diam_woody,10,1
sd_vox_ht,0,0,Large_diam_woody,10,1
zmax,0,0,Large_diam_woody,10,1
zmean,0,0,Large_diam_woody,10,1
zsd,0,0,Large_diam_woody,10,1
zskew,0,0,Large_diam_woody,10,1
PC_Density_m3,0,0,Large_diam_woody,10,2
cHull_vol,0,0,Large_diam_woody,10,2
Alpha_Vol_m3,0,0,Large_diam_woody,10,2
horizontalRumpel,0,0,Large_diam_woody,10,2
mean_vox_ht,0,0,Large_diam_woody,10,2
sd_vox_ht,0,0,Large_diam_woody,10,2
zmax,0,0,Large_diam_woody,10,2
zmean,0,0,Large_diam_woody,10,2
zsd,0,0,Large_diam_woody,10,2
zskew,0,0,Large_diam_woody,10,2
PC_Density_m3,0,0,Large_diam_woody,10,3
cHull_vol,0,0,Large_diam_woody,10,3
Alpha_Vol_m3,0,0,Large_diam_woody,10,3
horizontalRumpel,0,0,Large_diam_woody,10,3
mean_vox_ht,0,0,Large_diam_woody,10,3
sd_vox_ht,0,0,Large_diam_woody,10,3
zmax,0,0,Large_diam_woody,10,3
zmean,0,0,Large_diam_woody,10,3
zsd,0,0,Large_diam_woody,10,3
zskew,0,0,Large_diam_woody,10,3
PC_Density_m3,0,0,Large_diam_woody,10,4
cHull_vol,0,0,Large_diam_woody,10,4
Alpha_Vol_m3,0,0,Large_diam_woody,10,4
horizontalRumpel,0,0,Large_diam_woody,10,4
mean_vox_ht,0,0,Large_diam_woody,10,4
sd_vox_ht,0,0,Large_diam_woody,10,4
zmax,0,0,Large_diam_woody,10,4
zmean,0,0,Large_diam_woody,10,4
zsd,0,0,Large_diam_woody,10,4
zskew,0,0,Large_diam_woody,10,4
lad_max,0.02766355,0.02766355,Large_diam_woody,10,5
Percent.Below.30th.Quantile,0.027481245,0.027481245,Large_diam_woody,10,5
lad_mean,0.023727214,0.023727214,Large_diam_woody,10,5
lad_sum,0.021189335,0.021189335,Large_diam_woody,10,5
Percent.Below.20th.Quantile,0.019452922,0.019452922,Large_diam_woody,10,5
Ny_mean,0.019148043,0.019148043,Large_diam_woody,10,5
Percent.Below.40th.Quantile,0.018243161,0.018243161,Large_diam_woody,10,5
PCA1_mean,0.013582881,0.013582881,Large_diam_woody,10,5
Percent.Below.10th.Quantile,-0.013299177,0.013299177,Large_diam_woody,10,5
Linearity_mean,0.013038289,0.013038289,Large_diam_woody,10,5
Kurt_PropOcc_RelZ1.05_2.00,-0.005017331,0.005017331,Litter_1h,1,1
Anisotropy_sd,-0.004841895,0.004841895,Litter_1h,1,1
Omnivariance_sd,-0.004752036,0.004752036,Litter_1h,1,1
Percent.Below.20th.Quantile,-0.004040416,0.004040416,Litter_1h,1,1
Curvature_sd,-0.003709736,0.003709736,Litter_1h,1,1
Sphericity_sd,-0.00370015,0.00370015,Litter_1h,1,1
ChangeCurvature_sd,-0.003695477,0.003695477,Litter_1h,1,1
Skew_PropOcc_RelZ1.05_2.00,-0.003652494,0.003652494,Litter_1h,1,1
ipcumzq70,0.003554247,0.003554247,Litter_1h,1,1
ipcumzq50,0.003531488,0.003531488,Litter_1h,1,1
Total_PAD_FullROI,0.021136308,0.021136308,Litter_1h,1,2
Percent.Below.20th.Quantile,-0.020710657,0.020710657,Litter_1h,1,2
Eigentropy_sd,-0.018064078,0.018064078,Litter_1h,1,2
Omnivariance_sd,-0.015864668,0.015864668,Litter_1h,1,2
Percent.Below.30th.Quantile,-0.009990416,0.009990416,Litter_1h,1,2
NormalChangeRate_sd,0.009498966,0.009498966,Litter_1h,1,2
Planarity_sd,0.009494501,0.009494501,Litter_1h,1,2
Anisotropy_sd,-0.008384113,0.008384113,Litter_1h,1,2
Kurt_PropOcc_RelZ1.05_2.00,-0.007323152,0.007323152,Litter_1h,1,2
PC_Strata_1.00.2.00,0.003609084,0.003609084,Litter_1h,1,2
Anisotropy_mean,0.000709907,0.000709907,Litter_1h,1,3
Eigentropy_sd,-0.000651051,0.000651051,Litter_1h,1,3
Percent.Below.20th.Quantile,-0.000646204,0.000646204,Litter_1h,1,3
Anisotropy_sd,-0.000644194,0.000644194,Litter_1h,1,3
Sphericity_mean,-0.000634014,0.000634014,Litter_1h,1,3
Percent.Below.30th.Quantile,-0.000633091,0.000633091,Litter_1h,1,3
eSmallest_mean,-0.000626218,0.000626218,Litter_1h,1,3
PC_Strata_1.00.2.00,0.000605542,0.000605542,Litter_1h,1,3
ChangeCurvature_mean,-0.000598958,0.000598958,Litter_1h,1,3
Curvature_mean,-0.000598688,0.000598688,Litter_1h,1,3
Planarity_sd,0.002768642,0.002768642,Litter_1h,1,4
NormalChangeRate_sd,0.002766629,0.002766629,Litter_1h,1,4
Anisotropy_mean,0.002542768,0.002542768,Litter_1h,1,4
Percent.Below.20th.Quantile,-0.002465859,0.002465859,Litter_1h,1,4
eSmallest_mean,-0.002367487,0.002367487,Litter_1h,1,4
Sphericity_mean,-0.002352247,0.002352247,Litter_1h,1,4
Omnivariance_sd,-0.002291588,0.002291588,Litter_1h,1,4
Percent.Below.30th.Quantile,-0.002275087,0.002275087,Litter_1h,1,4
Curvature_mean,-0.002246174,0.002246174,Litter_1h,1,4
ChangeCurvature_mean,-0.00224356,0.00224356,Litter_1h,1,4
Percent.Below.20th.Quantile,-0.016894543,0.016894543,Litter_1h,1,5
Omnivariance_sd,-0.013011465,0.013011465,Litter_1h,1,5
Total_PAD_FullROI,0.012875729,0.012875729,Litter_1h,1,5
Anisotropy_sd,-0.008297701,0.008297701,Litter_1h,1,5
PC_Strata_1.00.2.00,0.006370803,0.006370803,Litter_1h,1,5
Anisotropy_mean,0.005770895,0.005770895,Litter_1h,1,5
NormalChangeRate_sd,0.005448666,0.005448666,Litter_1h,1,5
Planarity_sd,0.005418183,0.005418183,Litter_1h,1,5
Percent.Below.30th.Quantile,-0.003821778,0.003821778,Litter_1h,1,5
zq55,0.00201853,0.00201853,Litter_1h,1,5
Omnivariance_sd,-0.004709081,0.004709081,Litter_1h,2,1
Anisotropy_sd,-0.00457265,0.00457265,Litter_1h,2,1
Eigentropy_sd,-0.004113903,0.004113903,Litter_1h,2,1
Percent.Below.20th.Quantile,-0.004087488,0.004087488,Litter_1h,2,1
Kurt_PropOcc_RelZ1.05_2.00,-0.003762466,0.003762466,Litter_1h,2,1
ipcumzq50,0.003762395,0.003762395,Litter_1h,2,1
Anisotropy_mean,0.003753767,0.003753767,Litter_1h,2,1
Sphericity_sd,-0.003513271,0.003513271,Litter_1h,2,1
Nx_sd,-0.003456006,0.003456006,Litter_1h,2,1
Curvature_sd,-0.003255801,0.003255801,Litter_1h,2,1
Percent.Below.20th.Quantile,-0.003862541,0.003862541,Litter_1h,2,2
Omnivariance_sd,-0.003468212,0.003468212,Litter_1h,2,2
Planarity_sd,0.00338215,0.00338215,Litter_1h,2,2
NormalChangeRate_sd,0.003376161,0.003376161,Litter_1h,2,2
Total_PAD_FullROI,0.003070066,0.003070066,Litter_1h,2,2
Anisotropy_mean,0.003042562,0.003042562,Litter_1h,2,2
Percent.Below.30th.Quantile,-0.003002166,0.003002166,Litter_1h,2,2
PC_Strata_1.00.2.00,0.002945435,0.002945435,Litter_1h,2,2
Sphericity_mean,-0.002835356,0.002835356,Litter_1h,2,2
eSmallest_mean,-0.002812495,0.002812495,Litter_1h,2,2
PC_Density_m3,0,0,Litter_1h,2,3
cHull_vol,0,0,Litter_1h,2,3
Alpha_Vol_m3,0,0,Litter_1h,2,3
horizontalRumpel,0,0,Litter_1h,2,3
mean_vox_ht,0,0,Litter_1h,2,3
sd_vox_ht,0,0,Litter_1h,2,3
zmax,0,0,Litter_1h,2,3
zmean,0,0,Litter_1h,2,3
zsd,0,0,Litter_1h,2,3
zskew,0,0,Litter_1h,2,3
Anisotropy_sd,-0.001392665,0.001392665,Litter_1h,2,4
Percent.Below.20th.Quantile,-0.001370566,0.001370566,Litter_1h,2,4
Anisotropy_mean,0.001322972,0.001322972,Litter_1h,2,4
Omnivariance_sd,-0.001279933,0.001279933,Litter_1h,2,4
PC_Strata_1.00.2.00,0.001220199,0.001220199,Litter_1h,2,4
Total_PAD_FullROI,0.001196344,0.001196344,Litter_1h,2,4
Planarity_sd,0.001186264,0.001186264,Litter_1h,2,4
NormalChangeRate_sd,0.001185998,0.001185998,Litter_1h,2,4
eSmallest_mean,-0.001151883,0.001151883,Litter_1h,2,4
Sphericity_mean,-0.001143923,0.001143923,Litter_1h,2,4
Omnivariance_sd,-0.028628025,0.028628025,Litter_1h,2,5
Eigentropy_sd,-0.022881044,0.022881044,Litter_1h,2,5
Anisotropy_sd,-0.01298302,0.01298302,Litter_1h,2,5
Percent.Below.20th.Quantile,-0.007312795,0.007312795,Litter_1h,2,5
Percent.Below.30th.Quantile,-0.004158403,0.004158403,Litter_1h,2,5
Anisotropy_mean,0.002432311,0.002432311,Litter_1h,2,5
PC_Density_m3,0,0,Litter_1h,2,5
cHull_vol,0,0,Litter_1h,2,5
Alpha_Vol_m3,0,0,Litter_1h,2,5
horizontalRumpel,0,0,Litter_1h,2,5
Percent.Below.20th.Quantile,-0.034824583,0.034824583,Litter_1h,3,1
PC_Strata_1.00.2.00,0.028709544,0.028709544,Litter_1h,3,1
Eigentropy_sd,-0.026472834,0.026472834,Litter_1h,3,1
Anisotropy_sd,-0.017803514,0.017803514,Litter_1h,3,1
PC_Density_m3,0,0,Litter_1h,3,1
cHull_vol,0,0,Litter_1h,3,1
Alpha_Vol_m3,0,0,Litter_1h,3,1
horizontalRumpel,0,0,Litter_1h,3,1
mean_vox_ht,0,0,Litter_1h,3,1
sd_vox_ht,0,0,Litter_1h,3,1
Omnivariance_sd,-0.015741747,0.015741747,Litter_1h,3,2
Anisotropy_sd,-0.008225026,0.008225026,Litter_1h,3,2
Anisotropy_mean,0.004594316,0.004594316,Litter_1h,3,2
eSmallest_sd,-0.002961548,0.002961548,Litter_1h,3,2
Percent.Below.20th.Quantile,-0.002925358,0.002925358,Litter_1h,3,2
Nx_sd,-0.00251207,0.00251207,Litter_1h,3,2
Kurt_PropOcc_RelZ1.05_2.00,-0.002432978,0.002432978,Litter_1h,3,2
Sphericity_sd,-0.001237401,0.001237401,Litter_1h,3,2
eSmallest_mean,-0.000505037,0.000505037,Litter_1h,3,2
PC_Density_m3,0,0,Litter_1h,3,2
Kurt_PropOcc_RelZ0.55_1.00,-0.01853762,0.01853762,Litter_1h,3,3
Kurt_PropOcc_RelZ0.30_0.50,-0.016543786,0.016543786,Litter_1h,3,3
Eigentropy_sd,-0.015311603,0.015311603,Litter_1h,3,3
Omnivariance_sd,-0.014431091,0.014431091,Litter_1h,3,3
zq55,0.011218888,0.011218888,Litter_1h,3,3
Anisotropy_mean,0.01107507,0.01107507,Litter_1h,3,3
Percent.Below.30th.Quantile,-0.011023838,0.011023838,Litter_1h,3,3
Anisotropy_sd,-0.010956877,0.010956877,Litter_1h,3,3
Oligophotic,-0.010643515,0.010643515,Litter_1h,3,3
zq45,0.010538397,0.010538397,Litter_1h,3,3
Total_PAD_FullROI,0.00032613,0.00032613,Litter_1h,3,4
Percent.Below.20th.Quantile,-0.000315508,0.000315508,Litter_1h,3,4
Mean_PAD_FullROI,0.000277512,0.000277512,Litter_1h,3,4
Percent.Below.30th.Quantile,-0.000255311,0.000255311,Litter_1h,3,4
NormalChangeRate_sd,0.000247527,0.000247527,Litter_1h,3,4
Planarity_sd,0.000247524,0.000247524,Litter_1h,3,4
horizontalRumpel,0.000238272,0.000238272,Litter_1h,3,4
Anisotropy_mean,0.000232504,0.000232504,Litter_1h,3,4
X100th.Percent.Quantile,0.000222734,0.000222734,Litter_1h,3,4
Mean_PAD_RelZ0.55_1.00,0.000220056,0.000220056,Litter_1h,3,4
Planarity_sd,0.030520466,0.030520466,Litter_1h,3,5
PC_Density_m3,0,0,Litter_1h,3,5
cHull_vol,0,0,Litter_1h,3,5
Alpha_Vol_m3,0,0,Litter_1h,3,5
horizontalRumpel,0,0,Litter_1h,3,5
mean_vox_ht,0,0,Litter_1h,3,5
sd_vox_ht,0,0,Litter_1h,3,5
zmax,0,0,Litter_1h,3,5
zmean,0,0,Litter_1h,3,5
zsd,0,0,Litter_1h,3,5
PC_Density_m3,0,0,Litter_1h,4,1
cHull_vol,0,0,Litter_1h,4,1
Alpha_Vol_m3,0,0,Litter_1h,4,1
horizontalRumpel,0,0,Litter_1h,4,1
mean_vox_ht,0,0,Litter_1h,4,1
sd_vox_ht,0,0,Litter_1h,4,1
zmax,0,0,Litter_1h,4,1
zmean,0,0,Litter_1h,4,1
zsd,0,0,Litter_1h,4,1
zskew,0,0,Litter_1h,4,1
Anisotropy_sd,-0.001935986,0.001935986,Litter_1h,4,2
PC_Strata_1.00.2.00,0.001927274,0.001927274,Litter_1h,4,2
Anisotropy_mean,0.001892362,0.001892362,Litter_1h,4,2
NormalChangeRate_sd,0.001802806,0.001802806,Litter_1h,4,2
Planarity_sd,0.001802285,0.001802285,Litter_1h,4,2
zq55,0.001774847,0.001774847,Litter_1h,4,2
Eigentropy_sd,-0.001747177,0.001747177,Litter_1h,4,2
zq60,0.001659162,0.001659162,Litter_1h,4,2
eSmallest_mean,-0.00165423,0.00165423,Litter_1h,4,2
zq50,0.001642038,0.001642038,Litter_1h,4,2
Omnivariance_sd,-0.040949748,0.040949748,Litter_1h,4,3
Percent.Below.20th.Quantile,-0.039854395,0.039854395,Litter_1h,4,3
Total_PAD_FullROI,0.008240887,0.008240887,Litter_1h,4,3
PC_Strata_1.00.2.00,0.003664445,0.003664445,Litter_1h,4,3
Anisotropy_sd,-0.001492284,0.001492284,Litter_1h,4,3
Eigentropy_sd,-0.000892789,0.000892789,Litter_1h,4,3
PC_Density_m3,0,0,Litter_1h,4,3
cHull_vol,0,0,Litter_1h,4,3
Alpha_Vol_m3,0,0,Litter_1h,4,3
horizontalRumpel,0,0,Litter_1h,4,3
PC_Density_m3,0,0,Litter_1h,4,4
cHull_vol,0,0,Litter_1h,4,4
Alpha_Vol_m3,0,0,Litter_1h,4,4
horizontalRumpel,0,0,Litter_1h,4,4
mean_vox_ht,0,0,Litter_1h,4,4
sd_vox_ht,0,0,Litter_1h,4,4
zmax,0,0,Litter_1h,4,4
zmean,0,0,Litter_1h,4,4
zsd,0,0,Litter_1h,4,4
zskew,0,0,Litter_1h,4,4
Percent.Below.20th.Quantile,-0.00414208,0.00414208,Litter_1h,4,5
Omnivariance_sd,-0.003753023,0.003753023,Litter_1h,4,5
Anisotropy_sd,-0.003587547,0.003587547,Litter_1h,4,5
Anisotropy_mean,0.003451975,0.003451975,Litter_1h,4,5
Percent.Below.30th.Quantile,-0.003340661,0.003340661,Litter_1h,4,5
Kurt_PropOcc_RelZ1.05_2.00,-0.003219927,0.003219927,Litter_1h,4,5
PCA2_mean,0.003217304,0.003217304,Litter_1h,4,5
Eigentropy_sd,-0.0031807,0.0031807,Litter_1h,4,5
Sphericity_mean,-0.003069279,0.003069279,Litter_1h,4,5
Curvature_mean,-0.00299815,0.00299815,Litter_1h,4,5
Percent.Below.30th.Quantile,-0.004723755,0.004723755,Litter_1h,5,1
Percent.Below.20th.Quantile,-0.004395624,0.004395624,Litter_1h,5,1
Anisotropy_sd,-0.004133076,0.004133076,Litter_1h,5,1
Omnivariance_sd,-0.004078428,0.004078428,Litter_1h,5,1
Anisotropy_mean,0.00406228,0.00406228,Litter_1h,5,1
Sphericity_mean,-0.003602533,0.003602533,Litter_1h,5,1
Sphericity_sd,-0.003554012,0.003554012,Litter_1h,5,1
Curvature_mean,-0.003526828,0.003526828,Litter_1h,5,1
ChangeCurvature_mean,-0.003524045,0.003524045,Litter_1h,5,1
Planarity_sd,0.003509588,0.003509588,Litter_1h,5,1
Planarity_sd,0.006254429,0.006254429,Litter_1h,5,2
NormalChangeRate_sd,0.006219107,0.006219107,Litter_1h,5,2
Total_PAD_FullROI,0.005435132,0.005435132,Litter_1h,5,2
Kurt_PropOcc_RelZ1.05_2.00,-0.005149364,0.005149364,Litter_1h,5,2
Eigentropy_sd,-0.005044898,0.005044898,Litter_1h,5,2
Mean_PAD_FullROI,0.004844438,0.004844438,Litter_1h,5,2
Percent.Below.20th.Quantile,-0.004583942,0.004583942,Litter_1h,5,2
PC_Strata_1.00.2.00,0.004480495,0.004480495,Litter_1h,5,2
Omnivariance_sd,-0.004375345,0.004375345,Litter_1h,5,2
Percent.Below.30th.Quantile,-0.004229127,0.004229127,Litter_1h,5,2
Eigentropy_sd,-0.002160407,0.002160407,Litter_1h,5,3
Anisotropy_sd,-0.002081997,0.002081997,Litter_1h,5,3
Omnivariance_sd,-0.0020458,0.0020458,Litter_1h,5,3
Anisotropy_mean,0.001982413,0.001982413,Litter_1h,5,3
PCA1_mean,-0.00198202,0.00198202,Litter_1h,5,3
ipcumzq70,0.001907603,0.001907603,Litter_1h,5,3
Sphericity_mean,-0.001691879,0.001691879,Litter_1h,5,3
eSmallest_mean,-0.001659515,0.001659515,Litter_1h,5,3
Kurt_PropOcc_RelZ1.05_2.00,-0.001655602,0.001655602,Litter_1h,5,3
ChangeCurvature_mean,-0.001628169,0.001628169,Litter_1h,5,3
PC_Density_m3,0,0,Litter_1h,5,4
cHull_vol,0,0,Litter_1h,5,4
Alpha_Vol_m3,0,0,Litter_1h,5,4
horizontalRumpel,0,0,Litter_1h,5,4
mean_vox_ht,0,0,Litter_1h,5,4
sd_vox_ht,0,0,Litter_1h,5,4
zmax,0,0,Litter_1h,5,4
zmean,0,0,Litter_1h,5,4
zsd,0,0,Litter_1h,5,4
zskew,0,0,Litter_1h,5,4
Anisotropy_sd,-0.051689606,0.051689606,Litter_1h,5,5
Percent.Below.20th.Quantile,-0.046316839,0.046316839,Litter_1h,5,5
Anisotropy_mean,0.012443949,0.012443949,Litter_1h,5,5
PC_Strata_1.00.2.00,0.009664096,0.009664096,Litter_1h,5,5
Kurt_PropOcc_RelZ1.05_2.00,-0.009444815,0.009444815,Litter_1h,5,5
Omnivariance_sd,-0.005690858,0.005690858,Litter_1h,5,5
zpcum8,-0.002748011,0.002748011,Litter_1h,5,5
zpcum7,-0.002465045,0.002465045,Litter_1h,5,5
PC_Density_m3,0,0,Litter_1h,5,5
cHull_vol,0,0,Litter_1h,5,5
Percent.Below.20th.Quantile,-0.036723275,0.036723275,Litter_1h,6,1
Omnivariance_sd,-0.026256598,0.026256598,Litter_1h,6,1
Anisotropy_sd,-0.01248066,0.01248066,Litter_1h,6,1
PC_Strata_1.00.2.00,0.004209106,0.004209106,Litter_1h,6,1
PC_Density_m3,0,0,Litter_1h,6,1
cHull_vol,0,0,Litter_1h,6,1
Alpha_Vol_m3,0,0,Litter_1h,6,1
horizontalRumpel,0,0,Litter_1h,6,1
mean_vox_ht,0,0,Litter_1h,6,1
sd_vox_ht,0,0,Litter_1h,6,1
Percent.Below.20th.Quantile,-0.002372491,0.002372491,Litter_1h,6,2
Omnivariance_sd,-0.002334899,0.002334899,Litter_1h,6,2
Eigentropy_sd,-0.002241224,0.002241224,Litter_1h,6,2
Anisotropy_sd,-0.001953186,0.001953186,Litter_1h,6,2
Kurt_PropOcc_RelZ1.05_2.00,-0.001839181,0.001839181,Litter_1h,6,2
Percent.Below.30th.Quantile,-0.001739736,0.001739736,Litter_1h,6,2
Planarity_sd,0.001736365,0.001736365,Litter_1h,6,2
NormalChangeRate_sd,0.001734929,0.001734929,Litter_1h,6,2
Anisotropy_mean,0.00163544,0.00163544,Litter_1h,6,2
eSum_sd,-0.001570011,0.001570011,Litter_1h,6,2
Omnivariance_sd,-0.035116632,0.035116632,Litter_1h,6,3
Anisotropy_sd,-0.024602572,0.024602572,Litter_1h,6,3
Anisotropy_mean,0.024461225,0.024461225,Litter_1h,6,3
Percent.Below.30th.Quantile,-0.001396641,0.001396641,Litter_1h,6,3
Kurt_PropOcc_RelZ0.30_0.50,-0.000662088,0.000662088,Litter_1h,6,3
PC_Density_m3,0,0,Litter_1h,6,3
cHull_vol,0,0,Litter_1h,6,3
Alpha_Vol_m3,0,0,Litter_1h,6,3
horizontalRumpel,0,0,Litter_1h,6,3
mean_vox_ht,0,0,Litter_1h,6,3
Planarity_sd,0.004012572,0.004012572,Litter_1h,6,4
NormalChangeRate_sd,0.003996831,0.003996831,Litter_1h,6,4
Percent.Below.20th.Quantile,-0.003816344,0.003816344,Litter_1h,6,4
Eigentropy_sd,-0.003443537,0.003443537,Litter_1h,6,4
PCA2_mean,0.003408934,0.003408934,Litter_1h,6,4
Total_PAD_FullROI,0.003348821,0.003348821,Litter_1h,6,4
Kurt_PropOcc_RelZ1.05_2.00,-0.003121942,0.003121942,Litter_1h,6,4
Mean_PAD_FullROI,0.003121171,0.003121171,Litter_1h,6,4
zpcum6,-0.002923634,0.002923634,Litter_1h,6,4
Percent.Below.30th.Quantile,-0.002908375,0.002908375,Litter_1h,6,4
Anisotropy_sd,-0.003446129,0.003446129,Litter_1h,6,5
Eigentropy_sd,-0.003444298,0.003444298,Litter_1h,6,5
Omnivariance_sd,-0.003426466,0.003426466,Litter_1h,6,5
Anisotropy_mean,0.003292123,0.003292123,Litter_1h,6,5
Percent.Below.20th.Quantile,-0.003197766,0.003197766,Litter_1h,6,5
PC_Strata_1.00.2.00,0.003086534,0.003086534,Litter_1h,6,5
Planarity_sd,0.003053522,0.003053522,Litter_1h,6,5
NormalChangeRate_sd,0.003045136,0.003045136,Litter_1h,6,5
zq55,0.002938781,0.002938781,Litter_1h,6,5
Kurt_PropOcc_RelZ1.05_2.00,-0.002918397,0.002918397,Litter_1h,6,5
Percent.Below.20th.Quantile,-0.042513773,0.042513773,Litter_1h,7,1
Omnivariance_sd,-0.00810122,0.00810122,Litter_1h,7,1
Anisotropy_mean,0.000759123,0.000759123,Litter_1h,7,1
PC_Density_m3,0,0,Litter_1h,7,1
cHull_vol,0,0,Litter_1h,7,1
Alpha_Vol_m3,0,0,Litter_1h,7,1
horizontalRumpel,0,0,Litter_1h,7,1
mean_vox_ht,0,0,Litter_1h,7,1
sd_vox_ht,0,0,Litter_1h,7,1
zmax,0,0,Litter_1h,7,1
Omnivariance_sd,-0.027411598,0.027411598,Litter_1h,7,2
PC_Density_m3,0,0,Litter_1h,7,2
cHull_vol,0,0,Litter_1h,7,2
Alpha_Vol_m3,0,0,Litter_1h,7,2
horizontalRumpel,0,0,Litter_1h,7,2
mean_vox_ht,0,0,Litter_1h,7,2
sd_vox_ht,0,0,Litter_1h,7,2
zmax,0,0,Litter_1h,7,2
zmean,0,0,Litter_1h,7,2
zsd,0,0,Litter_1h,7,2
Omnivariance_sd,-0.002034722,0.002034722,Litter_1h,7,3
Anisotropy_sd,-0.001809882,0.001809882,Litter_1h,7,3
Kurt_PropOcc_RelZ1.05_2.00,-0.001629564,0.001629564,Litter_1h,7,3
Planarity_sd,0.001562449,0.001562449,Litter_1h,7,3
NormalChangeRate_sd,0.001562335,0.001562335,Litter_1h,7,3
PCA1_mean,-0.001558753,0.001558753,Litter_1h,7,3
Percent.Below.20th.Quantile,-0.001510626,0.001510626,Litter_1h,7,3
eSmallest_sd,-0.001503491,0.001503491,Litter_1h,7,3
Anisotropy_mean,0.001458367,0.001458367,Litter_1h,7,3
PC_Strata_1.00.2.00,0.001378485,0.001378485,Litter_1h,7,3
Total_PAD_FullROI,0.002702772,0.002702772,Litter_1h,7,4
Anisotropy_sd,-0.002644851,0.002644851,Litter_1h,7,4
Mean_PAD_FullROI,0.002223968,0.002223968,Litter_1h,7,4
Percent.Below.20th.Quantile,-0.002145837,0.002145837,Litter_1h,7,4
Total_PAD_RelZ0_0.25,0.002139771,0.002139771,Litter_1h,7,4
vzrumple,0.002119322,0.002119322,Litter_1h,7,4
Eigentropy_sd,-0.002110081,0.002110081,Litter_1h,7,4
Omnivariance_sd,-0.002058872,0.002058872,Litter_1h,7,4
Mean_PAD_RelZ0_0.25,0.002027674,0.002027674,Litter_1h,7,4
Kurt_PropOcc_RelZ1.05_2.00,-0.001945784,0.001945784,Litter_1h,7,4
Anisotropy_mean,0.026226734,0.026226734,Litter_1h,7,5
Percent.Below.20th.Quantile,-0.01861781,0.01861781,Litter_1h,7,5
PC_Density_m3,0,0,Litter_1h,7,5
cHull_vol,0,0,Litter_1h,7,5
Alpha_Vol_m3,0,0,Litter_1h,7,5
horizontalRumpel,0,0,Litter_1h,7,5
mean_vox_ht,0,0,Litter_1h,7,5
sd_vox_ht,0,0,Litter_1h,7,5
zmax,0,0,Litter_1h,7,5
zmean,0,0,Litter_1h,7,5
Eigentropy_sd,-0.002483956,0.002483956,Litter_1h,8,1
Omnivariance_sd,-0.002482782,0.002482782,Litter_1h,8,1
Anisotropy_sd,-0.002353618,0.002353618,Litter_1h,8,1
Percent.Below.30th.Quantile,-0.00230931,0.00230931,Litter_1h,8,1
Planarity_sd,0.002303631,0.002303631,Litter_1h,8,1
NormalChangeRate_sd,0.002300527,0.002300527,Litter_1h,8,1
Anisotropy_mean,0.002223551,0.002223551,Litter_1h,8,1
Percent.Below.20th.Quantile,-0.002096533,0.002096533,Litter_1h,8,1
eSmallest_mean,-0.001926746,0.001926746,Litter_1h,8,1
Sphericity_mean,-0.001925108,0.001925108,Litter_1h,8,1
PCA2_mean,0.003118173,0.003118173,Litter_1h,8,2
Percent.Below.20th.Quantile,-0.003074222,0.003074222,Litter_1h,8,2
PC_Strata_1.00.2.00,0.002962973,0.002962973,Litter_1h,8,2
Omnivariance_sd,-0.002855838,0.002855838,Litter_1h,8,2
Planarity_sd,0.002524521,0.002524521,Litter_1h,8,2
NormalChangeRate_sd,0.002520955,0.002520955,Litter_1h,8,2
zq60,0.002405177,0.002405177,Litter_1h,8,2
Kurt_PropOcc_RelZ1.05_2.00,-0.002388657,0.002388657,Litter_1h,8,2
Anisotropy_mean,0.002373641,0.002373641,Litter_1h,8,2
zq65,0.00230444,0.00230444,Litter_1h,8,2
Omnivariance_sd,-0.000205692,0.000205692,Litter_1h,8,3
Anisotropy_sd,-0.000178865,0.000178865,Litter_1h,8,3
Anisotropy_mean,0.000178005,0.000178005,Litter_1h,8,3
Percent.Below.20th.Quantile,-0.000175067,0.000175067,Litter_1h,8,3
Eigentropy_sd,-0.000174907,0.000174907,Litter_1h,8,3
Percent.Below.30th.Quantile,-0.000166963,0.000166963,Litter_1h,8,3
NormalChangeRate_sd,0.000166271,0.000166271,Litter_1h,8,3
Planarity_sd,0.000166271,0.000166271,Litter_1h,8,3
Sphericity_mean,-0.000158846,0.000158846,Litter_1h,8,3
Planarity_mean,0.000156021,0.000156021,Litter_1h,8,3
Percent.Below.20th.Quantile,-0.058197197,0.058197197,Litter_1h,8,4
Anisotropy_sd,-0.057478629,0.057478629,Litter_1h,8,4
PC_Strata_1.00.2.00,0.018066334,0.018066334,Litter_1h,8,4
Kurt_PropOcc_RelZ1.05_2.00,-0.015393491,0.015393491,Litter_1h,8,4
Anisotropy_mean,0.000227125,0.000227125,Litter_1h,8,4
PC_Density_m3,0,0,Litter_1h,8,4
cHull_vol,0,0,Litter_1h,8,4
Alpha_Vol_m3,0,0,Litter_1h,8,4
horizontalRumpel,0,0,Litter_1h,8,4
mean_vox_ht,0,0,Litter_1h,8,4
Percent.Below.20th.Quantile,-0.002701184,0.002701184,Litter_1h,8,5
Anisotropy_sd,-0.002673832,0.002673832,Litter_1h,8,5
Omnivariance_sd,-0.002503913,0.002503913,Litter_1h,8,5
Total_PAD_FullROI,0.002400406,0.002400406,Litter_1h,8,5
Anisotropy_mean,0.00234922,0.00234922,Litter_1h,8,5
Eigentropy_sd,-0.002253684,0.002253684,Litter_1h,8,5
Planarity_sd,0.002166004,0.002166004,Litter_1h,8,5
NormalChangeRate_sd,0.002163586,0.002163586,Litter_1h,8,5
PC_Strata_1.00.2.00,0.002091252,0.002091252,Litter_1h,8,5
Sphericity_mean,-0.001988159,0.001988159,Litter_1h,8,5
PC_Strata_1.00.2.00,0.084779188,0.084779188,Litter_1h,9,1
vzrumple,0.059554553,0.059554553,Litter_1h,9,1
Percent.Below.20th.Quantile,-0.002516771,0.002516771,Litter_1h,9,1
PC_Density_m3,0,0,Litter_1h,9,1
cHull_vol,0,0,Litter_1h,9,1
Alpha_Vol_m3,0,0,Litter_1h,9,1
horizontalRumpel,0,0,Litter_1h,9,1
mean_vox_ht,0,0,Litter_1h,9,1
sd_vox_ht,0,0,Litter_1h,9,1
zmax,0,0,Litter_1h,9,1
Percent.Below.20th.Quantile,-0.044810467,0.044810467,Litter_1h,9,2
Omnivariance_sd,-0.037651348,0.037651348,Litter_1h,9,2
Kurt_PropOcc_RelZ0.30_0.50,-0.034616885,0.034616885,Litter_1h,9,2
Anisotropy_mean,0.024805384,0.024805384,Litter_1h,9,2
Percent.Below.30th.Quantile,-0.02328828,0.02328828,Litter_1h,9,2
eMedium_sd,0.016969903,0.016969903,Litter_1h,9,2
Planarity_sd,0.008543964,0.008543964,Litter_1h,9,2
NormalChangeRate_sd,0.008148102,0.008148102,Litter_1h,9,2
PCA2_mean,0.006880614,0.006880614,Litter_1h,9,2
Anisotropy_sd,-0.006236963,0.006236963,Litter_1h,9,2
Omnivariance_sd,-0.000195326,0.000195326,Litter_1h,9,3
Percent.Below.20th.Quantile,-0.00016727,0.00016727,Litter_1h,9,3
Anisotropy_sd,-0.000166724,0.000166724,Litter_1h,9,3
Anisotropy_mean,0.000165901,0.000165901,Litter_1h,9,3
Sphericity_sd,-0.000155802,0.000155802,Litter_1h,9,3
eSmallest_sd,-0.000153844,0.000153844,Litter_1h,9,3
Sphericity_mean,-0.000151123,0.000151123,Litter_1h,9,3
Planarity_sd,0.000149342,0.000149342,Litter_1h,9,3
NormalChangeRate_sd,0.000149342,0.000149342,Litter_1h,9,3
eSmallest_mean,-0.000148856,0.000148856,Litter_1h,9,3
Eigentropy_sd,-0.000183697,0.000183697,Litter_1h,9,4
Planarity_sd,0.000181719,0.000181719,Litter_1h,9,4
NormalChangeRate_sd,0.000181719,0.000181719,Litter_1h,9,4
Percent.Below.20th.Quantile,-0.000180428,0.000180428,Litter_1h,9,4
Anisotropy_sd,-0.000169639,0.000169639,Litter_1h,9,4
Total_PAD_FullROI,0.000147571,0.000147571,Litter_1h,9,4
Omnivariance_sd,-0.000146375,0.000146375,Litter_1h,9,4
Anisotropy_mean,0.000146107,0.000146107,Litter_1h,9,4
Percent.Below.30th.Quantile,-0.000140173,0.000140173,Litter_1h,9,4
eSum_sd,-0.000138832,0.000138832,Litter_1h,9,4
Anisotropy_sd,-0.00187559,0.00187559,Litter_1h,9,5
Omnivariance_sd,-0.001749821,0.001749821,Litter_1h,9,5
Anisotropy_mean,0.001699865,0.001699865,Litter_1h,9,5
Percent.Below.20th.Quantile,-0.00161519,0.00161519,Litter_1h,9,5
Sphericity_mean,-0.001492935,0.001492935,Litter_1h,9,5
Eigentropy_sd,-0.001487562,0.001487562,Litter_1h,9,5
eSmallest_mean,-0.001464055,0.001464055,Litter_1h,9,5
Sphericity_sd,-0.001461743,0.001461743,Litter_1h,9,5
Total_PAD_FullROI,0.00146092,0.00146092,Litter_1h,9,5
Curvature_mean,-0.001430476,0.001430476,Litter_1h,9,5
Kurt_PropOcc_RelZ1.05_2.00,-0.009018526,0.009018526,Litter_1h,10,1
Skew_PropOcc_RelZ1.05_2.00,-0.006232721,0.006232721,Litter_1h,10,1
Mean_PAD_FullROI,0.005903923,0.005903923,Litter_1h,10,1
Eigentropy_sd,-0.005800321,0.005800321,Litter_1h,10,1
iskew,-0.005779658,0.005779658,Litter_1h,10,1
Kurt_PropOcc_RelZ0.55_1.00,-0.005720018,0.005720018,Litter_1h,10,1
Total_PAD_FullROI,0.005697742,0.005697742,Litter_1h,10,1
ipcumzq70,0.005392519,0.005392519,Litter_1h,10,1
Anisotropy_sd,-0.005230328,0.005230328,Litter_1h,10,1
Planarity_sd,0.005022033,0.005022033,Litter_1h,10,1
Eigentropy_sd,-0.003189564,0.003189564,Litter_1h,10,2
Anisotropy_mean,0.003077972,0.003077972,Litter_1h,10,2
Anisotropy_sd,-0.003070853,0.003070853,Litter_1h,10,2
Omnivariance_sd,-0.002991238,0.002991238,Litter_1h,10,2
Planarity_sd,0.002917873,0.002917873,Litter_1h,10,2
NormalChangeRate_sd,0.002909461,0.002909461,Litter_1h,10,2
Kurt_PropOcc_RelZ1.05_2.00,-0.002766653,0.002766653,Litter_1h,10,2
Percent.Below.20th.Quantile,-0.002753141,0.002753141,Litter_1h,10,2
PCA2_mean,0.002741208,0.002741208,Litter_1h,10,2
Sphericity_mean,-0.002664945,0.002664945,Litter_1h,10,2
Percent.Below.20th.Quantile,-0.003138146,0.003138146,Litter_1h,10,3
Anisotropy_mean,0.002587219,0.002587219,Litter_1h,10,3
Anisotropy_sd,-0.002560197,0.002560197,Litter_1h,10,3
Planarity_sd,0.002490096,0.002490096,Litter_1h,10,3
NormalChangeRate_sd,0.002485575,0.002485575,Litter_1h,10,3
Omnivariance_sd,-0.002307152,0.002307152,Litter_1h,10,3
Sphericity_mean,-0.002275055,0.002275055,Litter_1h,10,3
Curvature_mean,-0.002229948,0.002229948,Litter_1h,10,3
ChangeCurvature_mean,-0.002224163,0.002224163,Litter_1h,10,3
eSmallest_mean,-0.002193044,0.002193044,Litter_1h,10,3
Omnivariance_sd,-0.029161798,0.029161798,Litter_1h,10,4
Percent.Below.20th.Quantile,-0.02336213,0.02336213,Litter_1h,10,4
Percent.Below.30th.Quantile,-0.005272927,0.005272927,Litter_1h,10,4
Anisotropy_sd,-0.002765654,0.002765654,Litter_1h,10,4
Eigentropy_sd,-0.001889862,0.001889862,Litter_1h,10,4
PC_Density_m3,0,0,Litter_1h,10,4
cHull_vol,0,0,Litter_1h,10,4
Alpha_Vol_m3,0,0,Litter_1h,10,4
horizontalRumpel,0,0,Litter_1h,10,4
mean_vox_ht,0,0,Litter_1h,10,4
PCA2_mean,0.005646212,0.005646212,Litter_1h,10,5
Omnivariance_sd,-0.005215436,0.005215436,Litter_1h,10,5
Kurt_PropOcc_RelZ1.05_2.00,-0.004914566,0.004914566,Litter_1h,10,5
PC_Strata_1.00.2.00,0.004788196,0.004788196,Litter_1h,10,5
Percent.Below.30th.Quantile,-0.004657354,0.004657354,Litter_1h,10,5
Percent.Below.20th.Quantile,-0.004651538,0.004651538,Litter_1h,10,5
Eigentropy_sd,-0.004639247,0.004639247,Litter_1h,10,5
Total_PAD_FullROI,0.004431159,0.004431159,Litter_1h,10,5
Anisotropy_mean,0.004273267,0.004273267,Litter_1h,10,5
Kurt_PropOcc_RelZ0.55_1.00,-0.004271037,0.004271037,Litter_1h,10,5
