Plot Name,Unique_treeID,treeID,HT.m.,DBH.m.,CBH.m.,CW.m.,Ht-DBH_ratio,CW-DBH_ratio,Ht-DBH_Quant,CW-DBH_Quant,flag,Segmentation_Attempt
BD_001,1,1,14.809,0.349907803,2.394,6.15796325,42.32257716,17.59881658,0.258463542,0.499023438,FALSE,0
BD_001,2,8,14.709,0.41930851,3.405,6.378595041,35.07918311,15.21217645,0.101888021,0.211588542,FALSE,0
BD_001,3,1,8.52,0.182389878,2.06625,2.460538603,46.71311861,13.49054362,0.379231771,0.034505208,TRUE,1
BD_001,4,2,10.805,0.209219356,4.3943,2.904303857,51.64436122,13.88162124,0.523763021,0.061523438,TRUE,1
BD_002,1,27,8.87,0.191956224,1.5282,2.884199397,46.20845209,15.02529759,0.3671875,0.184895833,FALSE,0
BD_002,2,29,10.737,0.229689978,2.0312,4.740609212,46.74561812,20.63916437,0.380533854,0.708658854,FALSE,0
BD_002,3,2,10.415,0.2328091,1.525,4.270908291,44.73622383,18.3451089,0.326171875,0.573242188,FALSE,1
BD_002,4,1,10.716,0.391498723,1.589,11.93734733,27.37173681,30.49140811,0.023763021,0.939127604,TRUE,3
BD_002,5,2,9.925,0.416473703,1.924,6.001692174,23.83103644,14.410735,0.006835938,0.109049479,TRUE,3
BD_003,1,8,15.567,0.338142823,6.4917,5.015527291,46.03676001,14.83257058,0.361328125,0.16015625,FALSE,0
BD_003,2,12,13.428,0.330066302,5.699,6.24067642,40.6827353,18.90734189,0.218098958,0.611328125,FALSE,0
BD_003,3,1,11.645,0.379055944,1.87255,6.962929557,30.72105891,18.36913432,0.045247396,0.573242188,TRUE,1
BD_004,1,5,5.955,0.15929575,0.9983,3.148429123,37.38329482,19.76467743,0.145182292,0.662760417,FALSE,0
BD_004,2,20,15.618,0.298677828,2.367,5.570825718,52.29045659,18.65162123,0.545572917,0.598958333,FALSE,0
BD_004,3,22,13.521,0.299104666,3.43405,4.563845635,45.20491159,15.25835651,0.338541667,0.222005208,FALSE,0
BD_004,4,29,12.878,0.23305801,2.4303,3.514327089,55.2566291,15.07919463,0.62109375,0.195638021,FALSE,0
BD_004,5,38,14.302,0.327073148,1.898,7.549111521,43.72722155,23.08080492,0.299153646,0.808919271,FALSE,0
BD_004,6,39,10.906,0.155555671,2.9245,2.401582295,70.10994807,15.43873189,0.872395833,0.241861979,FALSE,0
BD_004,7,2,13.634,0.215833784,1.657,3.922681438,63.16897997,18.17454784,0.781901042,0.555989583,FALSE,1
BD_004,8,16,15.39,0.290525932,2.24,4.433442241,52.97289605,15.26005685,0.560872396,0.222005208,FALSE,1
BD_004,9,3,11.614,0.225467046,1.3696,3.500872424,51.51085366,15.52720226,0.522135417,0.255859375,FALSE,2
BD_004,10,12,9.416,0.263339285,0.6453,6.309216555,35.75615388,23.9585087,0.112304688,0.861002604,FALSE,2
BD_004,11,5,18.329,0.273261744,2.689,4.08353109,67.0748849,14.94366184,0.839518229,0.17578125,FALSE,3
BD_004,12,5,16.328,0.391018576,1.857,7.352013281,41.75760697,18.80220976,0.243164063,0.607747396,FALSE,4
BD_004,13,2,12.523,0.185925586,1.6399,4.241050965,67.35490397,22.81047516,0.844401042,0.800130208,FALSE,6
BD_004,14,7,14.862,0.266780827,2.7334,4.170762557,55.70865113,15.63366682,0.6328125,0.264322917,FALSE,8
BD_004,15,1,1.77,0.616108634,0.835,0.575491075,2.872869982,0.934074031,0,0,TRUE,9
BD_004,16,2,15.902,0.287730127,4.5708,3.382771027,55.26706635,11.75674952,0.622070313,0.000651042,TRUE,9
BD_004,17,3,2.373,0.496802081,0.76475,0.784384238,4.77655004,1.578866651,0,0,TRUE,9
BD_004,18,4,12.804,0.507452749,1.8915,4.024925088,25.23190587,7.931625348,0.013020833,0,TRUE,9
BD_004,19,5,3.555,0.420550091,0.593,4.063143753,8.453214206,9.661497747,0,0,TRUE,9
BD_004,20,6,2.845,0.340912685,0.5855,1.839593929,8.345245344,5.396085299,0,0,TRUE,9
BD_004,21,7,11.966,0.29239428,1.937,3.773401332,40.92419318,12.90518177,0.223958333,0.010742188,TRUE,9
BD_004,22,8,6.722,0.47711322,1.2448,4.58520724,14.08889908,9.610312712,0,0,TRUE,9
BD_005,1,4,4.933,0.134003036,1.823,2.909194556,36.81259869,21.70991521,0.133789063,0.749674479,FALSE,0
BD_005,2,14,9.265,0.257302104,1.5654,4.585544405,36.00825583,17.82163584,0.116210938,0.51953125,FALSE,0
BD_005,3,22,5.145,0.128313139,1.23885,3.133525911,40.09721885,24.42092794,0.205403646,0.877604167,FALSE,0
BD_005,4,31,7.356,0.188380873,1.7235,2.763902062,39.04855037,14.67188267,0.180664063,0.141601563,FALSE,0
BD_005,5,1,8.073,0.485079635,0.647,8.120764444,16.64262818,16.7410954,0.000325521,0.405598958,TRUE,1
BD_005,6,2,8.301,0.254930371,0.79465,4.712785314,32.56183229,18.48655885,0.06640625,0.584309896,TRUE,1
BD_005,7,3,11.016,0.574600444,1.156,6.423698136,19.17158281,11.17941728,0.000976563,0.000325521,TRUE,1
BD_005,8,4,3.659,0.250017023,0.5982,2.63913378,14.63500345,10.55581634,0,0,TRUE,1
BD_005,9,6,3.318,0.324171235,0.70045,4.063474964,10.23533135,12.53496464,0,0.005208333,TRUE,1
BD_005,10,7,3.712,0.150351586,1.07385,2.602759853,24.68879844,17.31115662,0.011067708,0.465494792,TRUE,1
BD_005,11,8,9.835,0.442526637,1.7894,5.35635333,22.22465083,12.10402466,0.004557292,0.001627604,TRUE,1
BD_005,12,9,4.826,0.328321765,0.631,3.968162291,14.69899508,12.08619933,0,0.001302083,TRUE,1
BGT_MX_001,1,20,9.416,0.257049692,0.69,3.74709535,36.63104959,14.57731899,0.128580729,0.130208333,FALSE,0
BGT_MX_001,2,3,10.428,0.213391954,0.62,5.30030564,48.8678218,24.83835745,0.444335938,0.885416667,FALSE,1
BGT_MX_001,3,11,11.758,0.301943204,1.00795,5.331019523,38.94109834,17.65570297,0.178059896,0.508789063,FALSE,1
BGT_MX_001,4,15,7.925,0.201616927,0.627,3.911460914,39.3072156,19.40045898,0.185546875,0.641601563,FALSE,1
BGT_MX_001,5,1,4.269,0.283779869,0.87,10.27070844,15.0433504,36.19251956,0.000325521,0.951171875,TRUE,3
BGT_MX_001,6,2,6.04,0.454464522,0.9021,1.485776103,13.29036637,3.269289527,0,0,TRUE,3
BGT_MX_001,7,3,2.485,0.330785326,0.584,4.375975088,7.512425149,13.22904841,0,0.022460938,TRUE,3
BGT_MX_001,8,4,4.686,0.388731891,0.9306,1.279162496,12.05458084,3.290603439,0,0,TRUE,3
BGT_MX_001,9,5,3.024,0.348850159,0.59015,0.587195335,8.668478201,1.683230808,0,0,TRUE,3
BGT_MX_001,10,6,5.049,0.344829928,0.7581,1.073564573,14.64200057,3.11331612,0,0,TRUE,3
BGT_MX_001,11,8,1.704,0.28179342,1.18055,2.434134873,6.046982932,8.638011757,0,0,TRUE,3
BGT_MX_001,12,9,7.73,0.321625374,0.7824,2.522469734,24.03417335,7.842881611,0.008138021,0,TRUE,3
BGT_MX_001,13,10,2.546,0.285522762,0.7237,0.925834591,8.916977349,3.242594688,0,0,TRUE,3
BGT_MX_001,14,11,2.716,0.272553251,0.8748,7.530637208,9.965025153,27.62996657,0,0.930664063,TRUE,3
BGT_MX_001,15,12,4.59,0.282602115,0.57725,1.811085121,16.24191669,6.408604281,0.000325521,0,TRUE,3
BGT_MX_003,1,2,11.614,0.255482203,1.102,6.246977132,45.45913513,24.45171152,0.344075521,0.877604167,FALSE,0
BGT_MX_003,2,7,13.39,0.264638759,4.4,5.199958823,50.59727477,19.6492715,0.493164063,0.654947917,FALSE,0
BGT_MX_003,3,8,14.523,0.325212832,4.392,6.36867533,44.65690948,19.58309975,0.323242188,0.648763021,FALSE,0
BGT_MX_003,4,9,12.719,0.293823069,3.962,4.907052906,43.28795565,16.70070671,0.288736979,0.40234375,FALSE,0
BGT_MX_003,5,10,11.543,0.272412262,4.08605,4.755955689,42.37327619,17.45866967,0.26171875,0.480794271,FALSE,0
BGT_MX_003,6,1,18.024,0.560797034,3.426,10.20913765,32.13997026,18.20469265,0.059570313,0.555989583,TRUE,1
BGT_MX_003,7,2,14.234,0.237958019,0.593,8.790613948,59.81727396,36.94186896,0.712890625,0.955078125,TRUE,1
BGT_MX_003,8,3,13.226,0.283436996,4.13895,3.337624172,46.66292756,11.77554173,0.378255208,0.000651042,TRUE,1
BGT_MX_003,9,4,11.911,0.258654335,0.7245,3.27897725,46.04987584,12.67706282,0.362630208,0.006835938,TRUE,1
BGT_MX_004,1,2,8.205,0.188655796,1.416,2.709849497,43.49190532,14.36398754,0.294921875,0.104166667,FALSE,0
BGT_MX_004,2,12,8.906,0.179867605,3.2578,3.275253535,49.51419695,18.20924641,0.459960938,0.555989583,FALSE,0
BGT_MX_004,3,1,5.171,0.251507619,0.566,7.584665706,20.56001336,30.15680298,0.002929688,0.939127604,TRUE,1
BGT_MX_004,4,2,8.116,0.326838199,0.696,7.568343748,24.8318588,23.15623993,0.011067708,0.814453125,TRUE,1
BGT_MX_004,5,3,2.2,0.424926324,0.5636,2.554538915,5.177368111,6.011721962,0,0,TRUE,1
BGT_MX_004,6,4,8.461,0.339894708,0.961,1.612366573,24.89300305,4.743723677,0.011067708,0,TRUE,1
BGT_MX_004,7,5,1.745,0.259716609,1.10675,5.292733961,6.718861794,20.37888137,0,0.692708333,TRUE,1
BGT_MX_004,8,6,8.821,0.284391459,1.509,1.708466857,31.01710585,6.007447835,0.048177083,0,TRUE,1
BGT_MX_004,9,7,4.436,0.230896955,0.5734,2.909461955,19.21203333,12.60069433,0.000976563,0.005859375,TRUE,1
BGT_MX_004,10,8,2.522,0.461163296,0.559,4.90575739,5.468778674,10.63778802,0,0,TRUE,1
BGT_MX_004,11,9,10.431,0.500617587,1.741,5.002620966,20.83626357,9.992898956,0.003255208,0,TRUE,1
BGT_MX_004,12,10,2.019,0.211535882,1.078,4.102954384,9.544480035,19.39602091,0,0.641601563,TRUE,1
BGT_MX_004,13,11,2.729,0.279421381,0.59,1.031132986,9.766611249,3.690243685,0,0,TRUE,1
BGT_MX_004,14,12,2.457,0.344052199,0.6833,0.897177462,7.141358214,2.607678322,0,0,TRUE,1
BGT_MX_004,15,13,2.437,0.320992562,0.586,4.54646329,7.59207622,14.16376522,0,0.083333333,TRUE,1
BGT_MX_004,16,14,1.878,0.356431206,0.554,1.06377643,5.26889893,2.98452103,0,0,TRUE,1
BGT_MX_004,17,15,8.13,0.419099988,1.44825,2.421474482,19.3987121,5.777796596,0.000976563,0,TRUE,1
BGT_MX_004,18,16,3.286,0.33897029,0.5959,2.993985773,9.694064923,8.832590523,0,0,TRUE,1
BGT_MX_004,19,17,2.437,0.615957451,0.58375,1.185572961,3.956442115,1.92476438,0,0,TRUE,1
BGT_MX_004,20,18,5.418,0.19037419,0.6139,1.821829406,28.45974028,9.569728998,0.029622396,0,TRUE,1
BGT_MX_004,21,19,4.633,0.238263661,0.7306,1.117708407,19.44484522,4.691056978,0.001627604,0,TRUE,1
BGT_MX_004,22,20,2.408,0.418235447,0.974,5.580121062,5.757522503,13.34205672,0,0.025390625,TRUE,1
BGT_MX_005,1,8,11.513,0.242440823,1.82365,3.864523292,47.48787715,15.94006838,0.400065104,0.306315104,FALSE,0
BGT_MX_005,2,11,7.171,0.166963173,1.3858,2.7849886,42.94959093,16.68025675,0.277994792,0.396158854,FALSE,0
BGT_MX_005,3,27,11.948,0.174158051,4.029,4.103211634,68.60435076,23.56027537,0.857421875,0.836914063,FALSE,0
BGT_MX_005,4,37,7.81,0.193011942,0.93255,3.560929386,40.46381743,18.44926973,0.2109375,0.580078125,FALSE,0
BGT_MX_005,5,54,12.293,0.246852404,2.70255,3.735886459,49.79898846,15.13408986,0.466796875,0.203125,FALSE,0
BGT_MX_005,6,75,6.824,0.13826331,2.4436,3.057293222,49.35510381,22.11210791,0.45703125,0.770507813,FALSE,0
BGT_MX_005,7,86,10.46,0.182450762,2.117,3.388099987,57.33053619,18.56994158,0.666992188,0.595052083,FALSE,0
BGT_MX_005,8,2,9.796,0.258725448,0.889,4.417824489,37.86252989,17.07533807,0.156575521,0.444661458,FALSE,1
BGT_MX_005,9,8,13.337,0.223823744,1.829,4.313695489,59.58706515,19.27273406,0.712890625,0.630533854,FALSE,1
BGT_MX_005,10,23,11.903,0.192719023,3.0176,3.839935731,61.76349298,19.92504777,0.756184896,0.677083333,FALSE,1
BGT_MX_005,11,11,9.306,0.22595415,1.65,3.57873836,41.1853466,15.83833868,0.229817708,0.291666667,FALSE,2
BGT_MX_005,12,5,9.069,0.2466841,0.661,5.973990347,36.76361789,24.2171682,0.132161458,0.872395833,FALSE,4
BGT_MX_005,13,11,9.458,0.217618505,0.8374,3.952825284,43.46137747,18.16401266,0.293294271,0.555989583,FALSE,4
BGT_MX_005,14,1,13.8,0.345552369,1.2572,4.300492014,39.93605962,12.44526851,0.196614583,0.004231771,TRUE,6
BGT_MX_005,15,2,2.805,0.464387135,0.771,4.262532544,6.040219006,9.178834255,0,0,TRUE,6
BGT_MX_005,16,3,5.914,0.2454867,0.598,5.124472773,24.09091817,20.87474708,0.008138021,0.713216146,TRUE,6
BGT_MX_005,17,4,11.422,0.279938151,1.424,2.961729434,40.80186984,10.57994212,0.221679688,0,TRUE,6
BGT_MX_005,18,5,5.702,0.348896802,0.57975,3.553191374,16.34294142,10.1840755,0.000325521,0,TRUE,6
BGT_MX_005,19,6,2.41,0.473227295,0.6041,2.570106556,5.092690179,5.43101926,0,0,TRUE,6
BGT_MX_005,20,7,7.621,0.359707712,1.26175,3.400401277,21.18664609,9.453234277,0.00390625,0,TRUE,6
BGT_MX_005,21,8,10.235,0.371139098,2.091,3.444286609,27.57726162,9.280311962,0.024739583,0,TRUE,6
BGT_MX_005,22,9,2.46,0.345771156,0.6026,1.52524874,7.114532124,4.411150877,0,0,TRUE,6
BGT_MX_005,23,10,5.103,0.287754125,0.822,1.811218515,17.73388998,6.294326843,0.000325521,0,TRUE,6
BGT_MX_005,24,11,11.74,0.430939988,0.815,5.882697084,27.24277237,13.65084988,0.023111979,0.047200521,TRUE,6
BGT_MX_006,1,6,8.002,0.144675851,0.8454,2.348812646,55.30985248,16.23500137,0.623697917,0.343424479,FALSE,0
BGT_MX_006,2,13,6.257,0.140953186,0.624,2.271686921,44.39062484,16.1166057,0.318033854,0.32421875,FALSE,0
BGT_MX_006,3,19,8.127,0.192518993,0.67,3.873379148,42.21401668,20.11946499,0.255208333,0.681966146,FALSE,0
BGT_MX_006,4,21,10.892,0.220226492,1.2662,3.217566319,49.45817324,14.61026005,0.459635417,0.133463542,FALSE,0
BGT_MX_006,5,29,5.12,0.130910248,0.59335,2.143670526,39.11076528,16.37511617,0.181640625,0.360026042,FALSE,0
BGT_MX_006,6,32,10.95,0.224765792,2.34095,3.623947758,48.7173777,16.12321751,0.438151042,0.329101563,FALSE,0
BGT_MX_006,7,36,12.006,0.227260801,2.91395,3.369576649,52.8291722,14.8269153,0.557617188,0.16015625,FALSE,0
BGT_MX_006,8,42,8.862,0.17301071,1.391,2.941246003,51.22226259,17.00036957,0.513346354,0.4375,FALSE,0
BGT_MX_006,9,52,11.01,0.247023003,1.75665,4.667780368,44.57074799,18.89613646,0.320963542,0.611328125,FALSE,0
BGT_MX_006,10,60,12.367,0.273193063,0.892,3.911258927,45.26835289,14.31683103,0.339518229,0.101236979,FALSE,0
BGT_MX_006,11,67,11.833,0.268448817,2.1556,5.075829034,44.0791661,18.90799553,0.309570313,0.611328125,FALSE,0
BGT_MX_006,12,75,8.67,0.153662039,0.73925,2.993136715,56.42252328,19.47869965,0.644856771,0.641601563,FALSE,0
BGT_MX_006,13,76,8.12,0.186347898,0.615,3.050875818,43.57441155,16.37193578,0.295898438,0.360026042,FALSE,0
BGT_MX_006,14,98,9.159,0.158498776,0.7025,2.810704625,57.78593512,17.73328913,0.677734375,0.517578125,FALSE,0
BGT_MX_006,15,15,11.889,0.256738433,2.146,3.869262347,46.30783105,15.07083414,0.369140625,0.190755208,FALSE,1
BGT_MX_006,16,29,13.306,0.312193486,0.944,5.235466118,42.62100452,16.76994026,0.267903646,0.410807292,FALSE,1
BGT_MX_006,17,18,12.559,0.258376929,0.604,4.150243539,48.60728097,16.06274813,0.43359375,0.319335938,FALSE,2
BGT_MX_006,18,20,9.726,0.178774388,3.0997,2.589225514,54.40376624,14.48320168,0.597005208,0.1171875,FALSE,2
BGT_MX_006,19,28,10.689,0.22625142,1.8598,3.322234183,47.24390228,14.6838158,0.392578125,0.141601563,FALSE,4
BGT_MX_006,20,17,11.111,0.204029304,1.3511,3.331505238,54.45786359,16.32856249,0.598307292,0.352539063,FALSE,5
BGT_MX_006,21,1,9.472,0.431149433,1.0297,2.469096413,21.96918115,5.726776433,0.004231771,0,TRUE,7
BGT_MX_006,22,2,5.22,0.465477401,0.623,4.199012653,11.2142931,9.020873295,0,0,TRUE,7
BGT_MX_006,23,3,3.866,0.472899099,0.572,2.649084406,8.175105449,5.601796266,0,0,TRUE,7
BGT_MX_006,24,4,1.727,0.332260259,0.918,2.773072441,5.197732658,8.34608523,0,0,TRUE,7
BGT_MX_006,25,5,3.638,0.279952252,0.5556,2.84035686,12.99507316,10.14586179,0,0,TRUE,7
BGT_MX_006,26,6,3.028,0.270590945,0.6192,4.133187505,11.19032271,15.27467041,0,0.222005208,TRUE,7
BGT_MX_006,27,7,2.57,0.268940793,0.573,1.115086707,9.556006627,4.146216328,0,0,TRUE,7
BGT_MX_006,28,8,10.228,0.303039244,1.5447,4.240021543,33.75140413,13.99165825,0.079752604,0.069010417,TRUE,7
BGT_MX_006,29,9,6.436,0.655413913,0.7689,2.382532331,9.819748824,3.635156783,0,0,TRUE,7
BGT_MX_006,30,10,10.003,0.258009191,0.562,8.666703085,38.76993667,33.59067577,0.174804688,0.947591146,TRUE,7
BGT_MX_006,31,11,8.651,0.40727688,0.6521,4.044810051,21.24107807,9.931351991,0.00390625,0,TRUE,7
BGT_MX_006,32,12,4.248,0.303355424,0.619,3.952707793,14.00337578,13.02995588,0,0.015299479,TRUE,7
BGT_MX_006,33,13,6.52,0.448204664,0.97365,1.498693993,14.54692583,3.343771526,0,0,TRUE,7
BGT_MX_006,34,14,9.206,0.325031137,0.77355,5.756365412,28.32344032,17.71019685,0.028320313,0.51171875,TRUE,7
BGT_MX_006,35,15,5.577,0.327367768,0.67,5.447587676,17.03588606,16.64057431,0.000325521,0.393880208,TRUE,7
BGT_MX_006,36,16,7.254,0.254649357,0.7306,3.673250036,28.48622942,14.42473715,0.029622396,0.109049479,TRUE,7
BGT_MX_006,37,17,8.203,0.462031358,0.9974,1.25743316,17.75420621,2.721532075,0.000325521,0,TRUE,7
BGT_MX_006,38,18,6.561,0.399749874,1.07,0.999340777,16.41276314,2.499915177,0.000325521,0,TRUE,7
BGT_MX_006,39,19,8.303,0.254857357,0.587,2.748142848,32.57900846,10.78306264,0.06640625,0,TRUE,7
BGT_MX_006,40,20,5.909,0.344683195,0.5687,3.172276032,17.1432785,9.203454305,0.000325521,0,TRUE,7
BGT_MX_006,41,21,2.647,0.3293289,0.571,2.992971236,8.037557601,9.08809169,0,0,TRUE,7
BGT_MX_006,42,22,4.018,0.294751018,0.734,2.126908828,13.63184435,7.215950743,0,0,TRUE,7
BGT_MX_006,43,23,4.316,0.313394811,0.66,2.487653461,13.77176597,7.937762115,0,0,TRUE,7
BGT_MX_006,44,24,4.529,0.469645152,0.56535,5.437044581,9.643450982,11.57692049,0,0.000325521,TRUE,7
BGT_MX_006,45,25,2.45,0.361259681,0.5601,0.996056857,6.781825168,2.757176922,0,0,TRUE,7
BGT_MX_006,46,26,4.363,0.272382812,0.571,3.281534011,16.01789764,12.04750765,0.000325521,0.001302083,TRUE,7
BGT_MX_006,47,27,10.033,0.37386603,0.9549,3.820187122,26.83581603,10.21806427,0.019856771,0,TRUE,7
BGT_MX_006,48,28,2.443,0.216634516,0.956,1.735421297,11.27705801,8.010825478,0,0,TRUE,7
BGT_MX_006,49,29,6.204,0.460207551,0.769,1.118812839,13.48087398,2.431104914,0,0,TRUE,7
BGT_MX_006,50,30,6.631,0.279071,1.23695,1.221667052,23.76097838,4.377620934,0.006510417,0,TRUE,7
BGT_MX_006,51,31,9.509,0.467754817,0.7027,4.204671615,20.32902636,8.989050382,0.002604167,0,TRUE,7
BGT_MX_008,1,1,16.77,0.441142775,2.668,6.883068108,38.01490347,15.60281274,0.158854167,0.261393229,FALSE,0
BGT_MX_008,2,2,16.11,0.316462386,1.5597,7.505065045,50.9065239,23.71550423,0.503255208,0.838867188,FALSE,0
BGT_MX_008,3,7,18.409,0.447724735,2.9395,7.032375911,41.11678128,15.70691848,0.228515625,0.275065104,FALSE,0
BGT_MX_008,4,9,15.045,0.312511345,5.102,5.63578828,48.14225223,18.03386779,0.421875,0.543294271,FALSE,0
BGT_MX_008,5,12,14.025,0.311221366,6.199,7.399146155,45.06438675,23.77454431,0.334960938,0.848958333,FALSE,0
BGT_MX_008,6,1,12.458,0.15965544,0.652,9.297650908,78.03053875,58.23572881,0.935546875,0.982096354,TRUE,1
BGT_MX_008,7,2,5.113,0.353374156,0.7606,6.548503947,14.46908301,18.53136069,0,0.584309896,TRUE,1
BGT_MX_008,8,3,15.721,0.540364843,0.621,9.489087783,29.09330647,17.56052026,0.034830729,0.499023438,TRUE,1
CW_001,1,4,8.444,0.214601903,0.855,4.520104346,39.3472745,21.06274117,0.186523438,0.724934896,FALSE,0
CW_001,2,6,6.928,0.139764281,1.3313,3.467139583,49.56917418,24.8070505,0.461263021,0.885416667,FALSE,0
CW_001,3,23,10.205,0.290856047,1.477,5.18854048,35.0860851,17.83886064,0.101888021,0.5234375,FALSE,0
CW_001,4,32,10.972,0.271464338,2.508,4.717203177,40.41783203,17.37687985,0.2109375,0.473632813,FALSE,0
CW_001,5,34,9.633,0.198118104,2.2015,3.111374963,48.62251258,15.70464739,0.434895833,0.275065104,FALSE,0
CW_001,6,48,8.307,0.180663758,0.681,3.887733686,45.98044494,21.51916753,0.360026042,0.743164063,FALSE,0
CW_001,7,49,8.252,0.190260098,1.2827,3.856567411,43.37220507,20.26997487,0.291341146,0.69140625,FALSE,0
CW_001,8,52,13.171,0.249498021,4.39875,3.615844604,52.78999781,14.49247808,0.556640625,0.120442708,FALSE,0
CW_001,9,53,12.546,0.185733048,2.9724,3.955893226,67.54856026,21.29881173,0.845377604,0.729492188,FALSE,0
CW_001,10,1,10.441,0.246735439,1.9828,5.657619441,42.31658015,22.92990197,0.258463542,0.800455729,FALSE,1
CW_001,11,6,13.531,0.370081037,2.499,6.000999369,36.56226245,16.21536575,0.127604167,0.339192708,FALSE,2
CW_001,12,1,6.33,0.449080365,0.71915,3.849357576,14.09547264,8.571645246,0,0,TRUE,4
CW_001,13,2,8.495,0.265362752,1.1528,4.483017982,32.01278232,16.89392334,0.059244792,0.42578125,TRUE,4
CW_001,14,3,12.948,0.232434175,1.0152,1.521937768,55.70609404,6.547822707,0.6328125,0,TRUE,4
CW_001,15,4,12.614,0.287535671,2.9148,3.535442695,43.8693396,12.29566642,0.302083333,0.002604167,TRUE,4
CW_001,16,5,6.932,0.274439365,0.81,3.691863853,25.25876706,13.45238446,0.013020833,0.032226563,TRUE,4
CW_001,17,7,7.408,0.24012414,0.675,5.677955757,30.8507091,23.6459181,0.046549479,0.838867188,TRUE,4
CW_001,18,8,11.608,0.340277998,2.747,2.886887698,34.11328402,8.483909372,0.086263021,0,TRUE,4
CW_002,1,30,9.75,0.270685338,2.89925,5.984439682,36.01968277,22.10847373,0.116210938,0.770507813,FALSE,0
CW_002,2,32,5.531,0.133758219,1.363,2.351276318,41.35072998,17.5785558,0.234049479,0.499023438,FALSE,0
CW_002,3,41,7.084,0.196602608,3.262,3.229138182,36.03207551,16.42469661,0.116210938,0.365234375,FALSE,0
CW_002,4,43,8.543,0.195205494,1.8059,3.045949574,43.76413699,15.60381066,0.299479167,0.261393229,FALSE,0
CW_002,5,49,5.98,0.134157891,0.833,2.847228109,44.57434402,21.22296409,0.321289063,0.729492188,FALSE,0
CW_002,6,62,7.909,0.220371538,1.12115,4.070506052,35.88938965,18.47110605,0.115234375,0.580078125,FALSE,0
CW_002,7,1,8.888,0.211263715,1.51475,3.101756912,42.07064142,14.68191976,0.250976563,0.141601563,FALSE,1
CW_002,8,16,7.211,0.205080937,3.3046,4.1826665,35.16172732,20.39519885,0.103190104,0.6953125,FALSE,3
CW_002,9,1,2.556,0.285903151,0.6025,0.800023217,8.940090348,2.798231548,0,0,TRUE,5
CW_002,10,2,4.353,0.290326722,0.794,1.5767923,14.99345281,5.431096013,0,0,TRUE,5
CW_002,11,3,7.141,0.205594285,3.55845,4.069334461,34.73345574,19.79303296,0.095703125,0.662760417,TRUE,5
CW_002,12,4,4.326,0.683968932,0.604,1.391922365,6.324848684,2.035066653,0,0,TRUE,5
CW_002,13,5,6.547,0.152631578,0.7711,1.047905569,42.89413807,6.865588235,0.277018229,0,TRUE,5
CW_002,14,6,8.053,0.260631082,3.2642,4.30484017,30.89807994,16.51698692,0.047200521,0.380533854,TRUE,5
CW_002,15,7,2.416,0.264338437,0.5568,1.254733787,9.139798303,4.746694429,0,0,TRUE,5
CW_002,16,8,6.114,0.306669572,0.637,4.615598329,19.93676767,15.05072155,0.002604167,0.190755208,TRUE,5
CW_002,17,9,2.601,0.290981269,0.6628,0.886854342,8.93871969,3.047805602,0,0,TRUE,5
CW_002,18,10,7.749,0.191278473,3.59,4.878726787,40.51161574,25.50588526,0.212565104,0.908528646,TRUE,5
CW_002,19,11,6.448,0.289440045,0.6127,3.999263504,22.27749794,13.81724325,0.004557292,0.056315104,TRUE,5
CW_002,20,12,5.049,0.341739752,1.0526,3.952827539,14.7744006,11.5667771,0,0.000325521,TRUE,5
CW_002,21,13,7.802,0.300183623,1.7146,3.230515562,25.99075832,10.76179816,0.016276042,0,TRUE,5
CW_002,22,14,6.059,0.232711099,0.6058,2.287831127,26.03657505,9.831207601,0.016276042,0,TRUE,5
CW_002,23,15,2.41,0.308982315,0.59535,1.434734,7.799799158,4.643417861,0,0,TRUE,5
CW_002,24,16,5.206,0.443762484,0.702,2.91735849,11.73150094,6.574144038,0,0,TRUE,5
CW_002,25,17,7.531,0.266504861,2.281,3.753702082,28.2583964,14.08492914,0.027994792,0.077799479,TRUE,5
CW_002,26,18,4.265,0.250796102,0.6706,1.57705895,17.00584645,6.288211571,0.000325521,0,TRUE,5
CW_002,27,19,4.445,0.479982042,0.5982,1.534086153,9.260763138,3.196132395,0,0,TRUE,5
CW_002,28,20,2.711,0.307868417,0.561,1.062981987,8.805710004,3.452715277,0,0,TRUE,5
CW_003,1,2,6.355,0.161757791,1.3777,3.280783725,39.28713395,20.28207548,0.185221354,0.69140625,FALSE,0
CW_003,2,6,5.014,0.132778342,1.3974,2.5424933,37.76218272,19.14840379,0.153320313,0.625,FALSE,0
CW_003,3,24,5.506,0.153914081,0.9918,2.898255125,35.77320519,18.83034422,0.112304688,0.611328125,FALSE,0
CW_003,4,33,6.921,0.144783664,1.838,2.758901601,47.80235413,19.05533757,0.412109375,0.618489583,FALSE,0
CW_003,5,65,6.01,0.147945771,0.889,2.916625513,40.62299298,19.7141527,0.216796875,0.662760417,FALSE,0
CW_003,6,66,6.228,0.159522928,1.0373,3.045314968,39.04140982,19.09013965,0.180664063,0.619466146,FALSE,0
CW_003,7,15,6.901,0.195230569,1.12905,3.366853799,35.3479479,17.24552568,0.10546875,0.462239583,FALSE,1
CW_003,8,1,6.003,0.30089106,1.4165,1.530493172,19.95074232,5.086535881,0.002604167,0,TRUE,3
CW_003,9,2,4.465,0.614417643,0.601,1.217891788,7.267043925,1.982188829,0,0,TRUE,3
CW_003,10,3,3.506,0.304189512,0.828,1.752596256,11.52570968,5.761527562,0,0,TRUE,3
CW_003,11,4,5.913,0.334628155,0.72825,3.072111182,17.6703601,9.180671546,0.000325521,0,TRUE,3
CW_003,12,5,7.328,0.277035522,1.71745,3.712221351,26.45148153,13.39980274,0.017903646,0.029622396,TRUE,3
CW_003,13,6,6.218,0.33459462,0.9072,3.616195835,18.58368195,10.80769271,0.000651042,0,TRUE,3
CW_003,14,7,7.851,0.254313108,1.01135,6.941157929,30.87139335,27.29374815,0.046875,0.930338542,TRUE,3
CW_003,15,8,6.304,0.300181393,1.124,6.730501665,21.00063545,22.42144859,0.003255208,0.787434896,TRUE,3
CW_003,16,9,7.03,0.250122517,0.829,6.476940011,28.10622602,25.89506969,0.026692708,0.916992188,TRUE,3
CW_003,17,10,5.502,0.239046576,0.688,6.748026537,23.01643512,28.22891948,0.005533854,0.932291667,TRUE,3
CW_003,18,11,6.783,0.325453515,1.096,6.616501247,20.84168613,20.33009616,0.003255208,0.69140625,TRUE,3
CW_003,19,12,6.914,0.221010814,1.352,5.243729081,31.28353707,23.72611992,0.050455729,0.838867188,TRUE,3
CW_003,20,13,5.942,0.319586935,1.1083,3.135264615,18.59275004,9.810365416,0.000976563,0,TRUE,3
CW_003,21,14,5.941,0.201318173,1.73105,3.98163623,29.51050025,19.77782813,0.037434896,0.662760417,TRUE,3
CW_003,22,15,6.52,0.206217288,1.179,5.270918772,31.61713581,25.56002372,0.055013021,0.908528646,TRUE,3
CW_003,23,16,6.701,0.260929773,1.0754,1.729174897,25.6812395,6.626974283,0.015299479,0,TRUE,3
CW_003,24,17,5.747,0.270114041,0.567,4.452428774,21.27619863,16.4835147,0.00390625,0.373697917,TRUE,3
CW_003,25,18,5.909,0.332545823,0.684,3.11717936,17.76897976,9.373683694,0.000325521,0,TRUE,3
CW_003,26,19,3.94,0.360892304,0.687,2.861264987,10.91738438,7.928307026,0,0,TRUE,3
CW_003,27,20,4.762,0.277962746,0.6909,3.905567418,17.1317922,14.05068656,0.000325521,0.074869792,TRUE,3
CW_004,1,1,11.396,0.208074931,2.418,4.282936485,54.76873124,20.58362559,0.609700521,0.702799479,FALSE,0
CW_004,2,3,8.925,0.163364946,2.6476,3.106106183,54.63228331,19.01329669,0.603190104,0.618489583,FALSE,0
CW_004,3,12,8.945,0.184971731,2.0304,2.709601519,48.3587409,14.64873313,0.429036458,0.137044271,FALSE,0
CW_004,4,16,8.942,0.169926327,2.795,2.901972071,52.62280505,17.07782493,0.553385417,0.444661458,FALSE,0
CW_004,5,18,11.148,0.209975929,3.0379,3.029366046,53.09179994,14.42720632,0.564127604,0.109049479,FALSE,0
CW_004,6,21,10.002,0.178050429,0.9528,3.091219699,56.1750964,17.36148416,0.640625,0.473632813,FALSE,0
CW_004,7,22,7.626,0.16123906,1.78285,2.602006027,47.296232,16.13756631,0.393554688,0.330078125,FALSE,0
CW_004,8,24,10.091,0.174965083,1.03395,2.939804121,57.67436467,16.80223317,0.674479167,0.413736979,FALSE,0
CW_004,9,47,7.037,0.168940967,2.195,2.734811457,41.65360312,16.18797087,0.241210938,0.339192708,FALSE,0
CW_004,10,51,9.839,0.25874136,3.95935,4.992913974,38.02639046,19.2969302,0.159179688,0.635742188,FALSE,0
CW_004,11,52,11.752,0.265800013,2.0256,4.069098303,44.21369239,15.30887174,0.3125,0.227213542,FALSE,0
CW_004,12,54,9.921,0.259611375,3.523,4.189469901,38.21481237,16.13746661,0.163736979,0.330078125,FALSE,0
CW_004,13,56,10.241,0.250124377,3.1136,3.858394679,40.94363021,15.4259042,0.224609375,0.241861979,FALSE,0
CW_004,14,59,12.008,0.224510654,2.2699,3.918872869,53.48521226,17.45517548,0.575846354,0.480794271,FALSE,0
CW_004,15,60,11.456,0.192464263,1.933,3.31838539,59.52273861,17.24156653,0.712890625,0.462239583,FALSE,0
CW_004,16,62,12.431,0.29274093,2.109,4.850505161,42.46416786,16.56927563,0.263346354,0.38671875,FALSE,0
CW_004,17,65,9.736,0.200354999,2.5238,3.148218926,48.59374635,15.71320377,0.43359375,0.275065104,FALSE,0
CW_004,18,70,8.517,0.138772408,1.9615,2.267974759,61.37387196,16.34312463,0.750651042,0.358398438,FALSE,0
CW_004,19,73,7.974,0.13557072,1.8203,2.049629553,58.81801039,15.11852675,0.697265625,0.201171875,FALSE,0
CW_004,20,76,11.368,0.176158327,1.94325,3.057218155,64.53285632,17.35494545,0.805013021,0.473632813,FALSE,0
CW_004,21,78,7.377,0.13091794,1.6408,2.70100211,56.34827445,20.63126043,0.643229167,0.702799479,FALSE,0
CW_004,22,79,7.906,0.149548708,1.507,2.166995271,52.86571915,14.49023064,0.558919271,0.1171875,FALSE,0
CW_004,23,82,9.736,0.13496993,1.787,2.77987275,72.13458589,20.59623764,0.897786458,0.702799479,FALSE,0
CW_004,24,1,12.559,0.40599835,1.6642,3.859018644,30.93362324,9.505010653,0.047851563,0,TRUE,1
CW_004,25,2,5.615,0.244650844,0.8844,1.843504637,22.95107558,7.535247419,0.005533854,0,TRUE,1
CW_004,26,3,9.06,0.307883657,1.7818,2.391315803,29.42669999,7.766946216,0.036458333,0,TRUE,1
CW_004,27,4,9.659,0.265955566,1.9803,3.752144596,36.31809682,14.10816345,0.120768229,0.079752604,TRUE,1
CW_004,28,5,9.763,0.303252398,3.417,4.475905958,32.19430436,14.7596721,0.060872396,0.151041667,TRUE,1
CW_004,29,6,10.171,0.351032699,1.28345,4.594178561,28.97450872,13.08760857,0.034179688,0.016276042,TRUE,1
CW_004,30,7,11.823,0.34056604,2.8312,3.672440491,34.71573384,10.7833432,0.095703125,0,TRUE,1
CW_004,31,8,9.836,0.298868618,3.056,3.477784129,32.91078221,11.63649817,0.069986979,0.000325521,TRUE,1
CW_004,32,9,6.133,0.339245119,0.8799,3.012344872,18.0783736,8.879552584,0.000651042,0,TRUE,1
CW_004,33,10,4.128,0.265480262,0.7367,1.235114734,15.54917857,4.652378766,0.000325521,0,TRUE,1
CW_004,34,11,2.366,0.251735991,0.57055,1.19516023,9.398735533,4.747673254,0,0,TRUE,1
CW_004,35,12,8.604,0.242752807,1.68725,3.142455149,35.44346243,12.94508264,0.107421875,0.012369792,TRUE,1
CW_004,36,13,10.923,0.285058803,1.007,3.285849628,38.31840968,11.52691863,0.165039063,0.000325521,TRUE,1
CW_004,37,14,4.451,0.147013728,1.4711,1.965256243,30.27608425,13.36784174,0.042317708,0.02734375,TRUE,1
CW_004,38,15,6.323,0.468143432,1.0004,2.171037292,13.50654428,4.63754726,0,0,TRUE,1
CW_005,1,5,10.152,0.25659469,3.9464,4.417053113,39.56434167,17.21412515,0.19140625,0.457356771,FALSE,0
CW_005,2,24,10.206,0.215183876,0.873,5.438658417,47.42920431,25.27447004,0.397460938,0.899739583,FALSE,0
CW_005,3,1,9.109,0.306991701,2.498,5.046777719,29.67181184,16.43945975,0.038085938,0.365234375,TRUE,1
CW_005,4,2,10.413,0.324782881,2.767,5.699251998,32.06141887,17.54788299,0.059570313,0.491210938,TRUE,1
CW_005,5,3,8.819,0.338943963,1.285,6.224270406,26.01905027,18.36371523,0.016276042,0.573242188,TRUE,1
CW_005,6,4,12.179,0.360345723,2.355,4.351194889,33.79809782,12.07505629,0.080729167,0.001302083,TRUE,1
CW_005,7,5,3.215,0.302464149,0.5871,2.521278221,10.62935892,8.335791957,0,0,TRUE,1
CW_005,8,6,6.704,0.230752528,2.5137,3.523494989,29.05276951,15.2695835,0.034505208,0.222005208,TRUE,1
CW_005,9,7,9.208,0.283625264,0.6974,2.911023402,32.46537299,10.26362517,0.065755208,0,TRUE,1
CW_005,10,8,1.411,0.187102318,1.0005,0.936352462,7.541328275,5.004494188,0,0,TRUE,1
CW_005,11,9,8.417,0.249228196,1.8594,3.643490552,33.77226221,14.61909449,0.079752604,0.133463542,TRUE,1
CW_005,12,10,9.27,0.239722278,1.407,2.572282561,38.66974768,10.7302608,0.172526042,0,TRUE,1
CW_006,1,2,10.8,0.203458348,1.28135,3.181071585,53.08211787,15.63500156,0.564127604,0.264322917,FALSE,0
CW_006,2,7,7.037,0.162555148,1.569,3.793002722,43.28992399,23.33363643,0.288736979,0.827148438,FALSE,0
CW_006,3,28,13.236,0.279751281,1.828,4.672447822,47.31345627,16.70214987,0.394205729,0.40234375,FALSE,0
CW_006,4,33,5.554,0.143360619,1.594,2.664498428,38.74146227,18.58598583,0.173828125,0.595052083,FALSE,0
CW_006,5,34,10.925,0.164577448,1.9364,3.072799405,66.38212067,18.67084127,0.830729167,0.598958333,FALSE,0
CW_006,6,43,12.236,0.200546328,2.3246,2.956907973,61.01333349,14.74426383,0.7421875,0.148763021,FALSE,0
CW_006,7,52,10.832,0.243281142,2.213,3.616786952,44.52461844,14.86669673,0.320963542,0.163736979,FALSE,0
CW_006,8,55,10.744,0.221752719,1.569,4.264406431,48.45036414,19.23045834,0.430989583,0.630533854,FALSE,0
CW_006,9,58,10.947,0.225725177,1.4643,5.252793244,48.49702701,23.27074594,0.432942708,0.815104167,FALSE,0
CW_006,10,3,6.204,0.159942414,0.69085,3.073659699,38.78896058,19.21728964,0.175130208,0.630533854,FALSE,1
CW_006,11,4,11.872,0.281236212,2.16375,4.222557825,42.21362508,15.01427501,0.255208333,0.184895833,FALSE,1
CW_006,12,9,12.822,0.17890705,2.6164,3.435205687,71.66850032,19.20106379,0.889648438,0.630533854,FALSE,1
CW_006,13,12,12.769,0.189568255,2.6371,3.008013789,67.35832416,15.86770835,0.844401042,0.291666667,FALSE,1
CW_006,14,6,16.304,0.418237498,2.9646,7.824192536,38.9826357,18.70753479,0.179036458,0.603190104,FALSE,2
CW_006,15,5,14.419,0.354731755,1.7021,5.864707762,40.64761551,16.53279605,0.217447917,0.380533854,FALSE,3
CW_006,16,1,8.383,0.293211776,1.0226,5.172046325,28.5902569,17.63928583,0.030273438,0.501302083,TRUE,5
CW_006,17,2,16.01,0.316662814,4.44075,4.158365593,50.55850986,13.13184059,0.4921875,0.018554688,TRUE,5
CW_006,18,3,8.319,0.361842808,1.67,4.676410736,22.99064628,12.92387367,0.005533854,0.01171875,TRUE,5
CW_006,19,4,11.803,0.522507434,0.701,4.632338212,22.58915229,8.865592927,0.004882813,0,TRUE,5
CW_007,1,9,7.918,0.223460748,0.895,4.460467076,35.43351598,19.96085267,0.107096354,0.677083333,FALSE,0
CW_007,2,10,9.524,0.259714943,2.633,4.284107615,36.67097425,16.4954221,0.130208333,0.373697917,FALSE,0
CW_007,3,20,9.601,0.151192919,2.64405,2.56978056,63.50165111,16.99669915,0.787109375,0.4375,FALSE,0
CW_007,4,23,9.507,0.244203234,2.7538,3.558347326,38.9306884,14.57125391,0.178059896,0.127929688,FALSE,0
CW_007,5,34,10.62,0.256417325,2.578,5.344987998,41.41685816,20.84487851,0.235677083,0.713216146,FALSE,0
CW_007,6,41,7.814,0.189304209,1.021,4.45647663,41.27747634,23.54134997,0.231770833,0.836914063,FALSE,0
CW_007,7,43,9.672,0.138390825,1.5832,2.557003546,69.88902638,18.47668407,0.870442708,0.584309896,FALSE,0
CW_007,8,1,9.804,0.263380355,1.275,2.563798522,37.22373297,9.734205587,0.143229167,0,TRUE,1
CW_007,9,2,6.408,0.244984219,0.72625,2.096834857,26.15678681,8.559060914,0.017252604,0,TRUE,1
CW_007,10,3,7.211,0.257066703,2.3295,4.515223654,28.05108528,17.5644049,0.026692708,0.499023438,TRUE,1
CW_007,11,4,8.673,0.309741164,2.095,4.994569666,28.00079876,16.12497868,0.026692708,0.329101563,TRUE,1
CW_007,12,5,4.873,0.321386891,0.628,3.907583247,15.16241061,12.1585023,0.000325521,0.001627604,TRUE,1
CW_007,13,6,8.465,0.253850411,2.26975,3.551160905,33.34641041,13.98918712,0.076497396,0.069010417,TRUE,1
CW_007,14,7,7.501,0.265730819,0.7633,2.981845871,28.22781345,11.22130236,0.027018229,0.000325521,TRUE,1
CW_007,15,8,6.031,0.156330945,1.3678,1.339664097,38.57841448,8.569410845,0.171549479,0,TRUE,1
CW_007,16,9,8.648,0.271404351,1.2353,1.592592973,31.86389593,5.867971412,0.057617188,0,TRUE,1
CW_007,17,10,4.537,0.280647632,0.88225,2.438940736,16.16617953,8.690401983,0.000325521,0,TRUE,1
CW_007,18,11,8.515,0.349190352,2.0062,2.59189714,24.38498072,7.422590931,0.009440104,0,TRUE,1
CW_007,19,12,8.491,0.257613809,2.5301,4.480144118,32.96018968,17.39093156,0.070638021,0.478190104,TRUE,1
CW_007,20,13,2.124,0.339673188,0.801,1.259143999,6.253069348,3.706927846,0,0,TRUE,1
CW_007,21,14,7.606,0.302749051,1.797,4.392425889,25.12311756,14.5084712,0.013020833,0.120442708,TRUE,1
CW_007,22,15,9.48,0.353885555,1.058,5.449415336,26.78832145,15.39880693,0.01953125,0.237630208,TRUE,1
CW_008,1,3,14.744,0.218920353,3.49475,3.906185314,67.34869468,17.84295185,0.844401042,0.5234375,FALSE,0
CW_008,2,8,13.716,0.241652034,3.7723,4.167337465,56.75929883,17.24519922,0.65234375,0.462239583,FALSE,0
CW_008,3,18,8.993,0.171751591,3.48645,3.554658461,52.36050492,20.69650971,0.547851563,0.708658854,FALSE,0
CW_008,4,28,15.865,0.265150025,5.1295,3.986035144,59.83405058,15.03313132,0.712890625,0.184895833,FALSE,0
CW_008,5,54,15.14,0.225463574,6.897,4.070832598,67.15053666,18.05538927,0.841796875,0.543294271,FALSE,0
CW_008,6,57,16.42,0.29100608,3.9094,4.439720576,56.42493797,15.25645299,0.644856771,0.222005208,FALSE,0
CW_008,7,71,19.55,0.305104906,4.301,5.602203646,64.0763214,18.36156529,0.797851563,0.573242188,FALSE,0
CW_008,8,78,14.815,0.258833428,3.559,3.972450805,57.23758379,15.34751845,0.664713542,0.231445313,FALSE,0
CW_008,9,97,14.308,0.225000605,2.0596,3.702111881,63.59093999,16.45378631,0.790690104,0.373697917,FALSE,0
CW_008,10,99,12.504,0.181222326,4.79975,2.732260121,68.9981212,15.07684061,0.859375,0.190755208,FALSE,0
CW_008,11,15,11.96,0.249920339,1.615,4.580108553,47.85524874,18.32627375,0.412760417,0.566080729,FALSE,1
CW_008,12,17,14.323,0.226773322,2.4812,3.825816034,63.15998681,16.87066189,0.781901042,0.419921875,FALSE,1
CW_008,13,18,16.712,0.276932895,2.77115,3.98157747,60.34674924,14.37740888,0.730794271,0.104492188,FALSE,1
CW_008,14,31,14.712,0.324603205,4.086,5.049940982,45.32302757,15.55727395,0.340169271,0.255859375,FALSE,1
CW_008,15,1,14.917,0.257531575,5.0815,3.588770959,57.92299446,13.93526583,0.6796875,0.065755208,TRUE,3
CW_008,16,2,5.478,0.267272259,0.64935,1.437195199,20.49595427,5.377270368,0.002929688,0,TRUE,3
CW_008,17,3,4.604,0.317926361,0.8909,1.518804646,14.48134086,4.777221498,0,0,TRUE,3
CW_008,18,4,14.195,0.152832215,3.463,3.161042011,92.879633,20.68308714,0.979166667,0.708658854,TRUE,3
CW_008,19,5,16.778,0.471696952,5.131,5.466416309,35.56944756,11.5888311,0.109049479,0.000325521,TRUE,3
CW_008,20,6,5.727,0.452558183,0.799,4.657096074,12.65472644,10.29060185,0,0,TRUE,3
CW_008,21,7,6.211,0.341880556,1.0105,3.685863546,18.16716362,10.78114412,0.000651042,0,TRUE,3
CW_008,22,8,3.626,0.27023019,0.6067,1.776390124,13.41818988,6.573618311,0,0,TRUE,3
CW_008,23,9,13.437,0.264986913,3.01925,2.95928704,50.70816452,11.1676724,0.498697917,0.000325521,TRUE,3
CW_008,24,10,12.414,0.238567861,2.8044,2.523019988,52.03550874,10.57569104,0.538085938,0,TRUE,3
CW_008,25,11,3.949,0.261172726,0.902,3.397140137,15.12026185,13.0072546,0.000325521,0.014648438,TRUE,3
CW_008,26,12,5.113,0.332285569,0.60685,2.394146325,15.387367,7.205086674,0.000325521,0,TRUE,3
CW_008,27,13,14.593,0.18120087,3.149,4.954812371,80.53493331,27.34430781,0.948567708,0.930664063,TRUE,3
CW_008,28,14,17.202,0.242309362,3.59905,3.323044079,70.99189176,13.71405567,0.8828125,0.049804688,TRUE,3
CW_008,29,15,15.304,0.238542618,4.1821,2.973753543,64.15625074,12.46634069,0.799153646,0.004557292,TRUE,3
CW_008,30,16,15.113,0.244109142,3.3634,2.834595262,61.91083174,11.61199962,0.758463542,0.000325521,TRUE,3
CW_008,31,17,3.345,0.344577398,0.6191,3.533919262,9.707543256,10.25580691,0,0,TRUE,3
CW_008,32,18,2.323,0.337829577,0.61175,1.249509895,6.876248131,3.698639724,0,0,TRUE,3
CW_008,33,19,5.513,0.417089765,0.767,1.243240618,13.21777818,2.98075072,0,0,TRUE,3
CW_008,34,20,16.582,0.150859161,3.4821,4.585763407,109.9170903,30.39764628,0.994140625,0.939127604,TRUE,3
CW_008,35,21,3.501,0.306763975,0.74435,1.195853824,11.412683,3.898286378,0,0,TRUE,3
CW_008,36,22,2.508,0.685831579,0.5912,1.847241478,3.656874484,2.693433105,0,0,TRUE,3
CW_008,37,23,4.059,0.47969611,1.05205,2.048136254,8.461607082,4.269653666,0,0,TRUE,3
CW_008,38,24,15.181,0.252622961,5.0861,3.287995535,60.0935084,13.01542634,0.730794271,0.014973958,TRUE,3
CW_008,39,25,3.961,0.369421852,0.601,1.409617033,10.72215944,3.815738092,0,0,TRUE,3
CW_008,40,26,5.825,0.312073758,2.3429,2.101346504,18.66545919,6.733493117,0.000976563,0,TRUE,3
CW_008,41,27,7.51,0.33966088,0.678,2.053067677,22.11028835,6.044463161,0.004557292,0,TRUE,3
CW_008,42,28,12.897,0.156050212,3.5997,2.894084147,82.64647542,18.54585208,0.958984375,0.584309896,TRUE,3
CW_009,1,9,8.695,0.219329107,0.75665,3.542811318,39.64362095,16.1529464,0.194010417,0.330078125,FALSE,0
CW_009,2,10,15.829,0.265300822,2.059,5.990864195,59.6643459,22.58140082,0.712890625,0.795572917,FALSE,0
CW_009,3,15,10.337,0.218742641,1.104,3.171192262,47.25644699,14.49736665,0.393229167,0.120442708,FALSE,0
CW_009,4,21,10.577,0.203055332,0.987,5.107610263,52.08925023,25.15378549,0.540039063,0.899739583,FALSE,0
CW_009,5,24,8.763,0.182647774,0.997,3.853957282,47.97759001,21.10048869,0.413085938,0.724934896,FALSE,0
CW_009,6,32,11.63,0.276672284,2.49535,4.004772261,42.03529118,14.47478659,0.25,0.1171875,FALSE,0
CW_009,7,33,12.653,0.356361079,3.95,5.86181802,35.50612214,16.44909718,0.108072917,0.371744792,FALSE,0
CW_009,8,34,14.358,0.388433233,5.963,6.371434758,36.9638815,16.40290844,0.136393229,0.365234375,FALSE,0
CW_009,9,43,13.907,0.333073022,4.503,4.961371501,41.75360687,14.89574712,0.243164063,0.166992188,FALSE,0
CW_009,10,1,11.533,0.836592589,1.4979,1.422251331,13.78568273,1.700052511,0,0,TRUE,1
CW_009,11,2,3.34,0.60397549,0.7524,0.39524128,5.530025732,0.654399536,0,0,TRUE,1
CW_009,12,4,5.211,0.624155114,0.7452,0.419176534,8.34888617,0.671590323,0,0,TRUE,1
CW_009,13,5,6.263,0.279538768,0.655,2.465878468,22.40476353,8.821239657,0.004882813,0,TRUE,1
CW_009,14,6,2.921,0.215043095,0.5626,1.666458263,13.58332382,7.749415346,0,0,TRUE,1
CW_009,15,7,4.504,0.376617327,0.56,4.0577577,11.95908866,10.77421938,0,0,TRUE,1
CW_009,16,8,4.52,0.589062166,0.6123,0.506935565,7.673213897,0.860580757,0,0,TRUE,1
CW_009,17,9,2.05,0.336598941,0.815,1.033949723,6.090334084,3.071755725,0,0,TRUE,1
CW_009,18,10,17.875,0.17583796,6.28005,3.286574545,101.656093,18.69092742,0.989583333,0.603190104,TRUE,1
CW_009,19,11,4.713,0.291543156,0.6675,0.411360371,16.16570275,1.410975915,0.000325521,0,TRUE,1
CW_009,20,12,13.594,0.428733626,5.73,6.058385019,31.70733338,14.13088374,0.055989583,0.081705729,TRUE,1
CW_009,21,13,13.02,0.436757645,5.976,7.179203713,29.81058297,16.43749984,0.0390625,0.365234375,TRUE,1
CW_009,22,14,2.65,0.344931049,0.5526,0.994166084,7.682694872,2.882216858,0,0,TRUE,1
CW_009,23,15,16.569,0.432352317,4.6746,4.801335763,38.32291246,11.10514636,0.165690104,0.000325521,TRUE,1
CW_009,24,16,5.643,0.38655442,0.759,0.516553077,14.59820327,1.33630105,0,0,TRUE,1
CW_010,1,2,12.905,0.219371346,0.807,4.567808137,58.82719064,20.82226424,0.699544271,0.713216146,FALSE,0
CW_010,2,4,13.235,0.264512029,3.7538,4.823487561,50.03553167,18.23541856,0.474934896,0.5625,FALSE,0
CW_010,3,5,11.99,0.182005956,2.3586,2.746874363,65.87696492,15.09222235,0.82421875,0.198567708,FALSE,0
CW_010,4,8,13.182,0.22561189,2.0142,3.464402359,58.4277716,15.35558411,0.691731771,0.231445313,FALSE,0
CW_010,5,15,14.738,0.219336181,3.1145,3.888081395,67.19365633,17.72658468,0.841796875,0.51171875,FALSE,0
CW_010,6,32,13.944,0.268946789,2.604,4.158339031,51.84668696,15.46156784,0.529296875,0.244791667,FALSE,0
CW_010,7,36,13.552,0.232779503,3.44975,4.723441625,58.21818428,20.29148428,0.687825521,0.69140625,FALSE,0
CW_010,8,37,14.127,0.253854119,5.3444,4.514372533,55.65007191,17.78333377,0.631835938,0.51953125,FALSE,0
CW_010,9,43,12.511,0.253481684,3.501,4.194910612,49.35662325,16.54916655,0.45703125,0.380533854,FALSE,0
CW_010,10,46,9.809,0.14166743,1.94605,2.73284559,69.23962716,19.29057087,0.864908854,0.635742188,FALSE,0
CW_010,11,49,14.208,0.204963751,0.998,3.908775551,69.3195746,19.07056999,0.864908854,0.619466146,FALSE,0
CW_010,12,53,14.503,0.327726925,4.0812,5.063030093,44.25330633,15.4489293,0.3125,0.244791667,FALSE,0
CW_010,13,54,11.918,0.171758751,2.04305,3.719430773,69.38802191,21.65497097,0.865559896,0.749348958,FALSE,0
CW_010,14,56,11.435,0.191828525,4.2912,4.028225757,59.61052973,20.99909674,0.712890625,0.719726563,FALSE,0
CW_010,15,81,13.739,0.251023613,3.35405,3.873312089,54.73190284,15.43007067,0.607096354,0.241861979,FALSE,0
CW_010,16,86,14.869,0.31968601,4.7,4.588797471,46.51126276,14.3540766,0.375325521,0.103190104,FALSE,0
CW_010,17,100,12.785,0.17729037,4.296,2.801028725,72.11333583,15.79910247,0.897786458,0.284830729,FALSE,0
CW_010,18,104,12.744,0.192792814,3.1551,3.510062317,66.10204889,18.20639602,0.828125,0.555989583,FALSE,0
CW_010,19,105,9.037,0.153435893,2.228,2.504548198,58.89756189,16.32309201,0.700195313,0.352539063,FALSE,0
CW_010,20,108,13.938,0.214404259,2.9245,3.711129466,65.00803706,17.30902869,0.813802083,0.465494792,FALSE,0
CW_010,21,110,16.107,0.278811738,2.74205,5.624039017,57.7701646,20.17145711,0.675455729,0.685872396,FALSE,0
CW_010,22,2,9.754,0.154062368,1.30445,2.714668286,63.31202171,17.62058002,0.783528646,0.499023438,FALSE,1
CW_010,23,13,12.721,0.222596419,3.5745,3.239261464,57.14826878,14.55217238,0.662760417,0.127929688,FALSE,1
CW_010,24,14,13.652,0.248415905,4.4786,3.67834717,54.95622352,14.80721281,0.614257813,0.153971354,FALSE,1
CW_010,25,19,13.529,0.197902756,4.3152,3.562944014,68.36185738,18.0035088,0.854166667,0.538736979,FALSE,1
CW_010,26,4,13.442,0.222108165,3.172,3.772768861,60.52006238,16.98617816,0.732096354,0.4375,FALSE,2
CW_010,27,11,12.79,0.346552637,1.2575,5.107479949,36.90637042,14.73796301,0.135091146,0.148763021,FALSE,3
CW_010,28,12,11.848,0.174546942,2.7019,3.083576504,67.8785883,17.6661732,0.849283854,0.508789063,FALSE,3
CW_010,29,1,2.717,0.246330303,0.6776,1.362527539,11.02990565,5.531302984,0,0,TRUE,5
CW_010,30,2,11.957,0.248959517,3.2182,2.782565981,48.02788879,11.17678092,0.421875,0.000325521,TRUE,5
CW_010,31,3,7.428,0.277170281,0.765,2.070101152,26.79941,7.468698106,0.019856771,0,TRUE,5
CW_010,32,4,2.702,0.248499497,0.6231,0.373582128,10.87326143,1.503351644,0,0,TRUE,5
CW_010,33,5,13.432,0.253926194,4.504,3.506188112,52.89726036,13.80790243,0.559895833,0.056315104,TRUE,5
CW_010,34,6,7.976,0.295597468,1.54045,2.178275705,26.98263975,7.36906076,0.020507813,0,TRUE,5
CW_010,35,7,12.3,0.214654206,2.303,2.727481165,57.30146286,12.70639518,0.666015625,0.007161458,TRUE,5
CW_010,36,8,11.846,0.763513535,2.7526,4.781505888,15.5151146,6.262503108,0.000325521,0,TRUE,5
CW_010,37,9,5.507,0.256390656,1.0142,1.418902368,21.47894185,5.534142263,0.004231771,0,TRUE,5
CW_010,38,10,3.375,0.306700148,0.663,0.666185351,11.00423338,2.172106393,0,0,TRUE,5
CW_011,1,1,8.627,0.14418795,1.9649,2.89224547,59.83162967,20.05885706,0.712890625,0.681966146,FALSE,0
CW_011,2,8,9.026,0.254668542,1.049,4.467151656,35.44214733,17.54104223,0.107421875,0.491210938,FALSE,0
CW_011,3,16,13.637,0.327403761,6.1358,4.901825018,41.65193449,14.97180425,0.241210938,0.17578125,FALSE,0
CW_011,4,20,14.094,0.272123447,3.5234,5.160819603,51.79267043,18.96499424,0.528971354,0.614583333,FALSE,0
CW_011,5,4,14.221,0.405426139,5.268,6.425684039,35.07667278,15.84921007,0.101888021,0.291666667,FALSE,1
CW_011,6,7,8.446,0.218130003,0.77265,3.39121448,38.72002876,15.54675849,0.173177083,0.255859375,FALSE,2
CW_011,7,1,13.207,0.301501142,7.4673,3.905686327,43.80414593,12.95413446,0.30078125,0.013346354,TRUE,4
CW_011,8,2,9.236,0.263488127,1.08325,2.997320763,35.0528129,11.37554395,0.1015625,0.000325521,TRUE,4
CW_011,9,3,6.318,0.541604404,0.65585,2.130991184,11.66534088,3.934589836,0,0,TRUE,4
CW_011,10,4,4.202,0.366751598,0.61895,1.674244353,11.45734614,4.565063558,0,0,TRUE,4
CW_011,11,5,14.531,0.314378399,4.7965,3.723925643,46.22136908,11.84536106,0.3671875,0.000976563,TRUE,4
CW_012,1,3,16.542,0.347606287,5.78,6.14698784,47.58832228,17.68376486,0.406575521,0.508789063,FALSE,0
CW_012,2,15,5.266,0.149686504,0.603,3.568900448,35.18019224,23.84249979,0.103190104,0.848958333,FALSE,0
CW_012,3,18,16.416,0.340005198,4.696,5.824535598,48.28161485,17.13072517,0.427083333,0.452148438,FALSE,0
CW_012,4,19,15.741,0.30482176,2.699,5.039675808,51.64001413,16.53318912,0.523763021,0.380533854,FALSE,0
CW_012,5,20,8.907,0.156370359,0.823,3.884885506,56.96092312,24.84412986,0.657552083,0.885416667,FALSE,0
CW_012,6,21,16.439,0.347223942,2.057,5.169158723,47.34408549,14.88710338,0.395507813,0.166992188,FALSE,0
CW_012,7,24,6.701,0.187892305,0.59,3.270822436,35.66404706,17.40796378,0.110677083,0.478190104,FALSE,0
CW_012,8,40,15.847,0.396570048,6.0129,8.20843619,39.96015353,20.6985783,0.196614583,0.708658854,FALSE,0
CW_012,9,41,15.015,0.359786984,2.0631,6.157528619,41.73302721,17.11437292,0.241861979,0.452148438,FALSE,0
CW_012,10,42,13.818,0.266766103,1.1661,5.245644153,51.79818515,19.66383319,0.528971354,0.655273438,FALSE,0
CW_012,11,8,17.061,0.478882731,1.233,9.31905196,35.62667621,19.4599875,0.110351563,0.641601563,FALSE,1
CW_012,12,1,3.433,0.320721513,0.615,1.86285661,10.70399042,5.808330707,0,0,TRUE,3
CW_012,13,2,17.566,0.37720867,5.81015,4.677041812,46.56838885,12.39908356,0.376627604,0.003580729,TRUE,3
CW_012,14,3,6.357,0.258512736,0.8594,1.212438296,24.59066462,4.690052462,0.010742188,0,TRUE,3
CW_012,15,4,6.207,0.301301752,0.7222,0.76577176,20.6006104,2.541544333,0.002929688,0,TRUE,3
CW_012,16,5,5.619,0.327538118,0.674,2.30840745,17.1552552,7.047752075,0.000325521,0,TRUE,3
CW_012,17,6,6.625,0.394957994,0.70905,1.149656411,16.77393571,2.910832111,0.000325521,0,TRUE,3
CW_012,18,7,14.233,0.281006837,3.3228,2.979746655,50.65001326,10.60382264,0.496744792,0,TRUE,3
CW_013,1,3,8.721,0.216768033,1.1396,3.477477867,40.23194694,16.04239251,0.206054688,0.319335938,FALSE,0
CW_013,2,8,8.666,0.159303882,0.9538,3.083686646,54.39917653,19.35725989,0.596679688,0.636393229,FALSE,0
CW_013,3,14,11.421,0.283792727,0.858,6.215080187,40.24416037,21.90006862,0.206380208,0.755859375,FALSE,0
CW_013,4,18,9.8,0.180381312,0.85575,2.806551996,54.329353,15.55899532,0.59375,0.256510417,FALSE,0
CW_013,5,19,14.443,0.378992707,6.198,7.315706554,38.10891272,19.30302725,0.161132813,0.635742188,FALSE,0
CW_013,6,22,7.165,0.152590284,0.838,3.528732399,46.95580755,23.12553795,0.383789063,0.808919271,FALSE,0
CW_013,7,35,7.156,0.164555394,0.824,3.196505796,43.48687595,19.42510495,0.294921875,0.641601563,FALSE,0
CW_013,8,4,14.421,0.342264652,4.014,4.980404951,42.13406182,14.55132724,0.254231771,0.127929688,FALSE,1
CW_013,9,6,7.743,0.150769729,0.8232,2.719659136,51.35646298,18.0384959,0.516276042,0.543294271,FALSE,3
CW_013,10,1,3.088,0.248758712,0.623,1.200496803,12.4136356,4.825948784,0,0,TRUE,5
CW_013,11,2,13.176,0.488746056,4.733,7.207171638,26.9587853,14.74625021,0.020182292,0.148763021,TRUE,5
CW_013,12,3,3.242,0.31868717,0.584,1.997131195,10.17298564,6.2667449,0,0,TRUE,5
CW_013,13,4,12.138,0.373552186,1.8002,7.071847383,32.49345192,18.93135055,0.065755208,0.614583333,TRUE,5
CW_013,14,5,6.451,0.278886914,0.66,3.354538137,23.13123947,12.02830956,0.005859375,0.001302083,TRUE,5
CW_013,15,6,6.361,0.293894317,0.73775,1.968522866,21.64383466,6.698063736,0.004231771,0,TRUE,5
CW_013,16,7,5.866,0.353009102,0.7892,1.971515434,16.61713528,5.584885558,0.000325521,0,TRUE,5
CW_013,17,8,3.718,0.234678087,0.6048,1.570179852,15.84297897,6.690781701,0.000325521,0,TRUE,5
CW_013,18,9,8.636,0.433244307,3.5828,2.709431528,19.93332596,6.253819106,0.002604167,0,TRUE,5
CW_014,1,7,13.65,0.298456359,2.195,5.964209934,45.73532978,19.98352441,0.353515625,0.677083333,FALSE,0
CW_014,2,13,14.623,0.391446772,3.4708,6.843686904,37.35629223,17.48305874,0.144856771,0.486653646,FALSE,0
CW_014,3,31,9.243,0.219275382,3.633,3.327498331,42.1524747,15.17497449,0.254557292,0.206380208,FALSE,0
CW_014,4,48,12.124,0.22217128,4.084,3.645032288,54.57050966,16.40640628,0.603190104,0.365234375,FALSE,0
CW_014,5,56,7.169,0.174115613,0.616,3.637912547,41.17379174,20.8936607,0.229817708,0.71875,FALSE,0
CW_014,6,62,12.478,0.220652113,1.899,4.700583835,56.55055744,21.30314443,0.647135417,0.729492188,FALSE,0
CW_014,7,1,9.408,0.246406554,1.495,3.983194283,38.18080263,16.16513124,0.162434896,0.330078125,FALSE,1
CW_014,8,6,12.037,0.304544461,2.0352,4.689807851,39.52460652,15.39941929,0.190755208,0.237630208,FALSE,1
CW_014,9,1,8.274,0.218761065,1.075,2.454584706,37.82208691,11.22039111,0.154947917,0.000325521,TRUE,3
CW_014,10,2,8.105,0.416286152,0.773,3.658761663,19.46978049,8.789054467,0.001627604,0,TRUE,3
CW_014,11,3,3.159,0.29944749,0.59145,1.339564775,10.54942889,4.473454681,0,0,TRUE,3
CW_014,12,4,3.903,0.30985191,0.59,1.902645535,12.59633997,6.140499618,0,0,TRUE,3
CW_014,13,5,3.206,0.386799095,0.6145,0.944848954,8.288540599,2.442738277,0,0,TRUE,3
CW_014,14,6,11.805,0.156091894,4.79285,4.664194972,75.628527,29.8810839,0.920572917,0.936848958,TRUE,3
CW_014,15,7,6.506,0.337543772,1.66245,2.672038082,19.27453723,7.916123194,0.000976563,0,TRUE,3
CW_014,16,8,5.889,0.575938247,0.97335,1.492326562,10.22505457,2.591122522,0,0,TRUE,3
CW_014,17,9,12.62,0.340110523,1.0186,3.896018594,37.1055852,11.45515451,0.140299479,0.000325521,TRUE,3
CW_014,18,10,2.016,0.321762888,0.7743,0.882654003,6.26548329,2.743181501,0,0,TRUE,3
CW_014,19,11,2.501,0.287949813,0.5925,2.644319082,8.685541314,9.183263746,0,0,TRUE,3
CW_014,20,12,13.722,0.334820565,4.93,4.476947548,40.98314571,13.3711845,0.225585938,0.02734375,TRUE,3
CW_014,21,13,4.409,0.240268738,0.72375,1.087049709,18.35028577,4.524307735,0.000651042,0,TRUE,3
CW_014,22,14,6.895,0.51477727,0.95075,0.992666842,13.39414229,1.928342411,0,0,TRUE,3
CW_014,23,15,3.015,0.37574734,0.6268,1.151852416,8.024008898,3.065497193,0,0,TRUE,3
CW_014,24,16,7.526,0.249469937,0.676,2.168738888,30.16796373,8.693387739,0.041015625,0,TRUE,3
CW_014,25,17,6.426,0.327823555,1.2446,1.162998244,19.60200818,3.547634779,0.001953125,0,TRUE,3
CW_014,26,18,10.811,0.643919139,1.69485,5.248217116,16.78937516,8.150428832,0.000325521,0,TRUE,3
CW_014,27,19,6.55,0.50847414,0.7625,2.261421199,12.88167772,4.447465505,0,0,TRUE,3
CW_014,28,20,11.473,0.317702269,0.967,8.587173564,36.11242703,27.02899666,0.116861979,0.929361979,TRUE,3
CW_015,1,2,17.218,0.278574027,3.58895,6.69766785,61.80762856,24.04268595,0.757486979,0.861002604,FALSE,0
CW_015,2,21,15.15,0.254212976,2.0638,4.690493315,59.59569889,18.4510381,0.712890625,0.580078125,FALSE,0
CW_015,3,28,11.8,0.225211656,2.431,3.517954282,52.39515675,15.62065814,0.549479167,0.264322917,FALSE,0
CW_015,4,33,13.715,0.236918093,3.2172,4.611244995,57.88920486,19.46345652,0.6796875,0.641601563,FALSE,0
CW_015,5,37,7.952,0.177777225,1.17165,2.851602919,44.73013897,16.04031626,0.326171875,0.319335938,FALSE,0
CW_015,6,41,12.503,0.177428375,2.31,3.271680474,70.46787183,18.43944336,0.876302083,0.580078125,FALSE,0
CW_015,7,51,9.263,0.151219148,2.0374,2.389309248,61.25547023,15.80030892,0.749348958,0.284830729,FALSE,0
CW_015,8,52,18.614,0.455054835,5.613,7.070949089,40.9049604,15.53867479,0.223632813,0.255859375,FALSE,0
CW_015,9,57,15.659,0.243052116,2.72585,5.99281687,64.4265117,24.65650975,0.803059896,0.885416667,FALSE,0
CW_015,10,65,10.95,0.17157196,2.047,2.752810661,63.82161746,16.04464191,0.793619792,0.319335938,FALSE,0
CW_015,11,69,12.033,0.196289144,2.64615,3.409448676,61.30242245,17.3695224,0.749674479,0.473632813,FALSE,0
CW_015,12,70,13.354,0.243619832,3.8771,3.839811304,54.81491345,15.76148901,0.611002604,0.279622396,FALSE,0
CW_015,13,2,14.406,0.281394954,2.2304,4.171133148,51.19494787,14.82305595,0.512695313,0.16015625,FALSE,1
CW_015,14,3,12.519,0.178495549,2.4955,3.774866906,70.13620275,21.14824112,0.872395833,0.724934896,FALSE,1
CW_015,15,7,16.216,0.29719743,5.3851,4.643088732,54.56305601,15.62291012,0.603190104,0.264322917,FALSE,1
CW_015,16,13,9.464,0.217224946,2.295,3.410179241,43.56774024,15.69883805,0.295898438,0.275065104,FALSE,1
CW_015,17,16,10.443,0.186532525,1.3563,2.99624627,55.98487451,16.06286234,0.637044271,0.319335938,FALSE,1
CW_015,18,18,17.863,0.368991504,2.589,5.680366974,48.41032867,15.39430287,0.430338542,0.237630208,FALSE,1
CW_015,19,21,6.311,0.134219179,1.18575,2.024025393,47.02010573,15.08000127,0.385742188,0.195638021,FALSE,1
CW_015,20,22,19.058,0.315094593,2.396,6.621684446,60.48342433,21.01490975,0.731770833,0.719726563,FALSE,1
CW_015,21,2,19.586,0.388199015,4.4763,6.110693962,50.45350255,15.74113721,0.488606771,0.278971354,FALSE,2
CW_015,22,14,15.925,0.242391868,5.796,3.500411959,65.69939887,14.44112788,0.822916667,0.112955729,FALSE,2
CW_015,23,3,16.918,0.366698164,6.3796,6.041623622,46.13603689,16.47574006,0.36328125,0.373697917,FALSE,3
CW_015,24,1,3.371,0.249636664,0.6308,1.407238118,13.5036254,5.637145176,0,0,TRUE,5
CW_015,25,2,17.57,0.165071514,3.422,9.075270981,106.438716,54.97781391,0.991861979,0.981119792,TRUE,5
CW_015,26,3,16.014,0.262262338,2.4473,3.309130483,61.06099769,12.61763512,0.744140625,0.005859375,TRUE,5
CW_015,27,4,12.406,0.192357247,2.909,2.470865946,64.49458083,12.84519293,0.804361979,0.009765625,TRUE,5
CW_015,28,5,16.606,0.199968234,3.65025,4.289111855,83.04318983,21.44896603,0.959309896,0.735677083,TRUE,5
CW_015,29,6,16.75,0.164367492,2.441,6.159230009,101.9057956,37.47231249,0.989583333,0.956054688,TRUE,5
CW_015,30,7,10.405,0.298208293,1.3585,2.112384118,34.89171912,7.083586094,0.09765625,0,TRUE,5
CW_015,31,8,7.599,0.356202256,1.3072,2.245507288,21.33338538,6.304023206,0.00390625,0,TRUE,5
DC_LP_011,1,4,10.432,0.211172345,1.23405,4.21863389,49.40040801,19.97720815,0.45703125,0.677083333,FALSE,0
DC_LP_011,2,16,13.288,0.237828873,2.27295,4.178624512,55.87210595,17.56987895,0.635416667,0.499023438,FALSE,0
DC_LP_011,3,17,18.515,0.29986116,3.7636,4.310028017,61.74524235,14.37341207,0.756184896,0.104492188,FALSE,0
DC_LP_011,4,25,17.406,0.255639372,3.979,4.471098687,68.08810351,17.4898673,0.852539063,0.491210938,FALSE,0
DC_LP_011,5,29,13.177,0.19040257,1.348,3.453319687,69.20599859,18.13693841,0.862955729,0.553385417,FALSE,0
DC_LP_011,6,36,16.528,0.326605703,2.8177,5.344943036,50.60536259,16.36512466,0.495117188,0.360026042,FALSE,0
DC_LP_011,7,37,10.828,0.257573027,1.23745,5.365769282,42.03856336,20.83203102,0.250325521,0.713216146,FALSE,0
DC_LP_011,8,39,7.696,0.153288903,1.646,2.810038075,50.20585219,18.33164712,0.482421875,0.573242188,FALSE,0
DC_LP_011,9,59,10.844,0.177863958,1.1485,2.556161139,60.96794486,14.37143963,0.740559896,0.104492188,FALSE,0
DC_LP_011,10,64,7.527,0.135301878,2.08,2.030262536,55.63115685,15.00542761,0.631510417,0.180664063,FALSE,0
DC_LP_011,11,79,8.804,0.142501426,1.1685,2.788541362,61.78183803,19.56851553,0.757161458,0.648763021,FALSE,0
DC_LP_011,12,93,10.702,0.165043515,2.05795,3.724308132,64.84350494,22.56561323,0.810872396,0.787434896,FALSE,0
DC_LP_011,13,9,20.324,0.36020418,2.361,5.238189742,56.42355396,14.54227916,0.644856771,0.124348958,FALSE,1
DC_LP_011,14,11,10.192,0.24078887,1.4975,3.855593185,42.32753777,16.01233969,0.258463542,0.312174479,FALSE,1
DC_LP_011,15,18,13.472,0.186914843,1.6134,4.611256178,72.07560299,24.67035849,0.897786458,0.885416667,FALSE,1
DC_LP_011,16,19,19.153,0.33195771,3.894,5.539356704,57.69710855,16.68693495,0.675130208,0.40234375,FALSE,1
DC_LP_011,17,22,8.508,0.235750685,0.56675,4.660289153,36.08897249,19.76787107,0.116536458,0.662760417,FALSE,1
DC_LP_011,18,23,8.496,0.174843088,0.7919,3.173628944,48.59214116,18.15129774,0.43359375,0.555989583,FALSE,1
DC_LP_011,19,33,9.505,0.248807768,1.256,4.439701792,38.20218344,17.84390345,0.163736979,0.5234375,FALSE,1
DC_LP_011,20,3,17.124,0.280323508,3.391,6.032977592,61.0865643,21.52148292,0.744140625,0.743164063,FALSE,2
DC_LP_011,21,4,14.429,0.264960741,0.9532,5.630220489,54.45712437,21.24926311,0.598307292,0.729492188,FALSE,2
DC_LP_011,22,5,15.068,0.230039485,1.011,3.818923651,65.50179842,16.60116586,0.819335938,0.38671875,FALSE,2
DC_LP_011,23,21,18.628,0.380052515,3.39255,5.449538057,49.01427896,14.33890802,0.448567708,0.103190104,FALSE,2
DC_LP_011,24,22,20.609,0.285316072,4.392,5.28253265,72.23217345,18.51466906,0.897786458,0.584309896,FALSE,2
DC_LP_011,25,1,8.946,0.285540791,0.73195,1.669154859,31.33002463,5.845591644,0.05078125,0,TRUE,4
DC_LP_011,26,2,23.293,0.235305869,2.01905,8.064075893,98.99030609,34.27061095,0.986979167,0.948567708,TRUE,4
DC_LP_011,27,3,2.929,0.32704436,0.6874,3.955358985,8.9559716,12.09425836,0,0.001302083,TRUE,4
DC_LP_011,28,4,18.752,0.226755413,2.5044,2.983125734,82.69703365,13.15569802,0.958984375,0.019205729,TRUE,4
DC_LP_011,29,5,17.615,0.360230188,2.6183,4.648344865,48.89928886,12.90381824,0.446614583,0.010742188,TRUE,4
DC_LP_011,30,6,5.006,0.303925656,0.87455,2.127090056,16.47113334,6.998718325,0.000325521,0,TRUE,4
DC_LP_011,31,7,5.827,0.355610808,0.572,1.692784633,16.38589115,4.76021705,0.000325521,0,TRUE,4
DC_LP_011,32,8,17.516,0.216918409,3.84325,6.608325016,80.74925551,30.46456527,0.950195313,0.939127604,TRUE,4
DC_LP_011,33,9,14.574,0.18538427,2.10535,4.641454627,78.6150841,25.03693878,0.938802083,0.892252604,TRUE,4
DC_LP_011,34,10,5.238,0.268386301,0.80795,2.709254359,19.51664442,10.09460748,0.001627604,0,TRUE,4
DC_PP_001,1,3,12.028,0.261572316,2.461,4.825339525,45.98345955,18.44743971,0.360026042,0.580078125,FALSE,0
DC_PP_001,2,1,5.977,0.343104058,0.582,1.695005612,17.42037108,4.940208589,0.000325521,0,TRUE,1
DC_PP_001,3,2,6.625,0.191591342,2.4451,2.597275411,34.57880681,13.55632976,0.092773438,0.039388021,TRUE,1
DC_PP_001,4,3,5.101,0.179093193,1.805,2.921815241,28.48237789,16.31449634,0.029622396,0.352539063,TRUE,1
DC_PP_001,5,4,14.928,0.294794688,4.964,3.226664203,50.6386329,10.94546249,0.496419271,0.000325521,TRUE,1
DC_PP_001,6,5,18.654,0.443009158,6.0098,5.816157218,42.10748169,13.12875166,0.25390625,0.017903646,TRUE,1
DC_PP_006,1,2,10.063,0.197257105,2.093,3.036729142,51.01463906,15.39477701,0.505859375,0.237630208,FALSE,0
DC_PP_006,2,7,9.307,0.257067526,1.971,4.20856871,36.20449517,16.37145219,0.118815104,0.360026042,FALSE,0
DC_PP_006,3,14,9.819,0.270433013,1.67125,4.314011965,36.30843699,15.95223868,0.120117188,0.306315104,FALSE,0
DC_PP_006,4,15,10.33,0.289827482,2.094,4.584407787,35.6418926,15.81771248,0.110351563,0.284830729,FALSE,0
DC_PP_006,5,17,6.547,0.153892456,0.636,3.500113862,42.54269631,22.74389508,0.265950521,0.795572917,FALSE,0
DC_PP_006,6,19,8.917,0.164888686,0.739,2.530698398,54.07890749,15.34792021,0.587890625,0.231445313,FALSE,0
DC_PP_006,7,23,10.174,0.226477729,1.7029,3.301925503,44.92273933,14.57947107,0.331054688,0.130208333,FALSE,0
DC_PP_006,8,34,7.029,0.144414442,1.3057,2.45397293,48.6724175,16.99257291,0.436523438,0.4375,FALSE,0
DC_PP_006,9,2,8.821,0.24741738,1.99535,3.549982362,35.6523054,14.34815274,0.110677083,0.103190104,FALSE,1
DC_PP_006,10,3,8.63,0.241496405,1.4336,3.833879401,35.73552158,15.87551334,0.111653646,0.296549479,FALSE,1
DC_PP_006,11,3,13.04,0.326969972,2,5.52145686,39.88133806,16.88673985,0.196614583,0.42578125,FALSE,2
DC_PP_006,12,1,12.666,0.41012775,3.3209,4.656392295,30.88306025,11.3535168,0.046875,0.000325521,TRUE,4
DC_PP_006,13,2,6.6,0.289862883,0.604,5.95685865,22.76938641,20.55060854,0.004882813,0.702148438,TRUE,4
DC_PP_006,14,3,10.217,0.331668678,0.8234,4.201831307,30.80483836,12.6687613,0.045572917,0.006510417,TRUE,4
DC_PP_010,1,1,4.818,0.389441933,0.8021,1.97380224,12.37154911,5.068283798,0,0,TRUE,1
DC_PP_010,2,2,1.816,0.34249941,0.6935,1.929032749,5.30219892,5.632222114,0,0,TRUE,1
DC_PP_010,3,3,14.757,0.547987291,1.573,9.31517192,26.92945664,16.99888313,0.020182292,0.4375,TRUE,1
DC_PP_010,4,4,3.211,0.270588044,0.5805,1.261588717,11.86674752,4.662396379,0,0,TRUE,1
DC_PP_010,5,5,5.6,0.220725223,0.71935,5.185278038,25.37091101,23.49200494,0.014322917,0.827148438,TRUE,1
DC_PP_010,6,6,4.445,0.325367289,0.7295,2.099210776,13.66148398,6.45181876,0,0,TRUE,1
DC_PP_010,7,7,4.022,0.213284811,0.6848,1.945776427,18.85741408,9.122901986,0.000976563,0,TRUE,1
DC_PP_010,8,8,2.013,0.435170214,0.9336,1.746173232,4.625776157,4.012621215,0,0,TRUE,1
DC_PP_010,9,9,3.6,0.433424876,0.6254,1.473250792,8.305937667,3.399091458,0,0,TRUE,1
DC_PP_010,10,10,1.948,0.297454912,0.7052,0.871860767,6.548891681,2.931068647,0,0,TRUE,1
DC_PP_010,11,11,3.608,0.418544616,0.6123,2.556367969,8.620347421,6.107754996,0,0,TRUE,1
LJ_001,1,6,19.81,0.422387618,7.39615,7.822954461,46.90004906,18.52079495,0.383463542,0.584309896,FALSE,0
LJ_001,2,8,20.377,0.378652927,7.372,5.572904494,53.81445268,14.7177114,0.583333333,0.145507813,FALSE,0
LJ_001,3,9,18.464,0.418844486,6.63825,7.853930664,44.08318747,18.75142428,0.309895833,0.607096354,FALSE,0
LJ_001,4,13,17.627,0.353114585,7.036,6.838061822,49.91864045,19.36499401,0.469726563,0.636393229,FALSE,0
LJ_001,5,1,18.006,0.22523042,4.27295,3.943285878,79.94479597,17.50778546,0.94140625,0.491210938,TRUE,1
LJ_001,6,2,18.707,0.330153693,1.95785,4.657932801,56.66148948,14.1083771,0.649739583,0.079752604,TRUE,1
LJ_001,7,3,4.241,0.404023994,0.722,0.399224632,10.49690133,0.988121096,0,0,TRUE,1
LJ_002,1,4,22.336,0.413286006,10.17955,7.079869978,54.04489796,17.13067919,0.587239583,0.452148438,FALSE,0
LJ_002,2,7,21.016,0.406733406,7.32455,6.776177003,51.6702088,16.65999622,0.524414063,0.393880208,FALSE,0
LJ_002,3,1,23.133,0.431134047,7.3692,5.507457523,53.65616606,12.77435073,0.578776042,0.008789063,TRUE,1
LJ_003,1,14,21.159,0.38524196,7.8892,7.385295568,54.92392359,19.17053781,0.613932292,0.625,FALSE,0
LJ_003,2,23,18.534,0.323388992,6.3903,5.483580455,57.31178374,16.95660824,0.666015625,0.433268229,FALSE,0
LJ_003,3,25,19.958,0.41317114,9.2975,6.566116277,48.30443868,15.89200126,0.427408854,0.298502604,FALSE,0
LJ_003,4,1,3.911,0.349824144,0.60615,1.263137446,11.17990301,3.610778354,0,0,TRUE,1
LJ_003,5,2,6.12,0.355175849,0.7457,2.291321367,17.23090133,6.451230782,0.000325521,0,TRUE,1
LJ_003,6,3,2.404,0.372285097,0.6437,1.087368543,6.457416692,2.92079525,0,0,TRUE,1
LJ_003,7,4,3.572,0.338162777,0.5995,1.460921402,10.56296033,4.320172118,0,0,TRUE,1
LJ_003,8,5,2.346,0.314402884,0.5786,1.950975411,7.461763608,6.205335603,0,0,TRUE,1
LJ_003,9,6,2.361,0.33244866,0.553,1.157137844,7.101848445,3.480651248,0,0,TRUE,1
LJ_003,10,7,4.71,0.300956449,0.7802,1.145183117,15.6501049,3.805145628,0.000325521,0,TRUE,1
LJ_003,11,8,6.421,0.359142438,0.7998,1.644302448,17.87870028,4.578413119,0.000325521,0,TRUE,1
LJ_003,12,9,6.823,0.405622353,0.6787,2.544494647,16.8210651,6.273063183,0.000325521,0,TRUE,1
LJ_003,13,10,22.27,0.386456011,7.9163,5.346347122,57.62622225,13.8342967,0.674153646,0.05859375,TRUE,1
LJ_003,14,11,3.75,0.339591769,0.58905,0.965764693,11.04267046,2.843898999,0,0,TRUE,1
N1_001,1,3,15.702,0.260184991,4.83835,5.112780825,60.34936889,19.65056019,0.730794271,0.655273438,FALSE,0
N1_001,2,6,23.879,0.506242072,6.6071,8.031650845,47.16913373,15.86523777,0.390625,0.291666667,FALSE,0
N1_001,3,8,10.103,0.206789002,2.001,3.950979734,48.85656336,19.10633393,0.444335938,0.625,FALSE,0
N1_001,4,30,16.228,0.244492351,2.6433,4.522186776,66.37426463,18.49623008,0.830729167,0.584309896,FALSE,0
N1_001,5,38,19.925,0.412619194,6.2078,6.987832169,48.28907697,16.93530567,0.427083333,0.427083333,FALSE,0
N1_001,6,1,10.441,0.253890094,1.42515,2.457204913,41.12409369,9.678222876,0.229492188,0,TRUE,1
N1_001,7,3,18.635,0.21637927,2.89475,5.763295874,86.12192857,26.63515726,0.966471354,0.929036458,TRUE,1
N1_001,8,4,12.822,0.451162493,1.4111,4.827903285,28.41991567,10.70102981,0.029622396,0,TRUE,1
N1_001,9,5,15.878,0.203064474,4.90865,3.424666092,78.19191447,16.8649199,0.937174479,0.419921875,TRUE,1
N1_001,10,7,14.024,0.149992895,2.99335,3.682382559,93.49776204,24.55037994,0.979817708,0.878255208,TRUE,1
N1_002,1,4,23.522,0.377303783,8.2368,7.901748426,62.34233809,20.9426695,0.767903646,0.71875,FALSE,0
N1_002,2,10,22.967,0.380861811,10.7974,6.976916029,60.30271166,18.31875977,0.730794271,0.566080729,FALSE,0
N1_002,3,11,22.84,0.458258984,6.395,8.317179394,49.84081227,18.14951737,0.467773438,0.555989583,FALSE,0
N1_002,4,13,15.892,0.257931033,5.9493,4.32423098,61.61336936,16.76506674,0.75390625,0.410807292,FALSE,0
N1_002,5,22,21.625,0.416123075,8.8225,6.054377332,51.96779828,14.54948716,0.534505208,0.127929688,FALSE,0
N1_002,6,23,24.339,0.554897516,7.099,10.7782411,43.86215342,19.42384094,0.302083333,0.641601563,FALSE,0
N1_002,7,24,21.385,0.446698492,5.509,7.161968575,47.87345465,16.03311563,0.412760417,0.317708333,FALSE,0
N1_002,8,1,12.277,0.456261174,1.1724,1.261898514,26.90783414,2.765737225,0.020182292,0,TRUE,1
N1_002,9,2,20.224,0.337656369,5.148,4.709224518,59.89521256,13.94679606,0.712890625,0.065755208,TRUE,1
N1_002,10,3,9.408,0.449371374,1.0598,2.733375153,20.93591301,6.082664162,0.003255208,0,TRUE,1
N1_002,11,4,22.306,0.296871488,4.5543,5.36193664,75.13688896,18.06147395,0.917643229,0.543294271,TRUE,1
N1_002,12,5,2.056,0.37447769,0.6544,0.954554756,5.490313715,2.549029702,0,0,TRUE,1
N1_003,1,34,6.11,0.16217982,1.85665,3.491451671,37.67423101,21.52827444,0.151041667,0.743164063,FALSE,0
N1_003,2,40,19.719,0.476691444,9.6702,8.758120309,41.36638122,18.37272394,0.234049479,0.573242188,FALSE,0
N1_003,3,50,11.632,0.168798679,2.9645,3.032154287,68.91049189,17.96313991,0.858723958,0.537434896,FALSE,0
N1_003,4,12,17.397,0.306694297,3.806,5.604938287,56.72423711,18.27532611,0.650390625,0.5625,FALSE,1
N1_003,5,15,7.919,0.210061026,2.033,3.517759289,37.69856859,16.74636821,0.15234375,0.410807292,FALSE,3
N1_003,6,22,17.867,0.249496666,3.2465,3.662725207,71.61217944,14.68045753,0.889648438,0.141601563,FALSE,5
N1_003,7,1,6.425,0.342614956,1.4413,1.777653496,18.75282995,5.18848774,0.000976563,0,TRUE,7
N1_003,8,2,8.263,0.527663749,1.97625,1.666210314,15.65959384,3.157712304,0.000325521,0,TRUE,7
N1_003,9,3,8.892,0.4824805,2.35495,3.490904983,18.42976037,7.235328643,0.000651042,0,TRUE,7
N1_003,10,4,5.307,0.307066695,0.6494,1.219203377,17.2828903,3.970483933,0.000325521,0,TRUE,7
N1_003,11,5,6.469,0.36799612,0.671,3.541792939,17.57898967,9.624538798,0.000325521,0,TRUE,7
N1_003,12,6,5.178,0.214712029,1.1022,1.393688284,24.11602197,6.490965098,0.008138021,0,TRUE,7
N1_003,13,7,16.987,0.61896329,4.9976,5.883761484,27.44427703,9.505832704,0.024739583,0,TRUE,7
N1_003,14,8,19.155,0.257422598,2.093,4.360388901,74.41071672,16.93864074,0.911783854,0.427083333,TRUE,7
N1_003,15,9,18.612,0.237617623,2.3629,3.72179546,78.3275238,15.66296059,0.937825521,0.270182292,TRUE,7
N1_003,16,10,6.303,0.262310152,0.743,2.800427162,24.02880697,10.67601519,0.008138021,0,TRUE,7
N1_003,17,11,4.612,0.191533383,0.6994,1.05422413,24.07935331,5.504127342,0.008138021,0,TRUE,7
N1_003,18,13,4.736,0.276225102,0.6844,3.846780702,17.14543669,13.92625317,0.000325521,0.063151042,TRUE,7
N1_003,19,14,20.108,0.37324611,4.17985,4.84963412,53.87330092,12.99312703,0.583333333,0.014648438,TRUE,7
N1_003,20,15,4.222,0.406649372,0.614,2.737848763,10.38240876,6.732701322,0,0,TRUE,7
N1_003,21,17,2.837,0.369482655,0.63625,2.186987318,7.678303596,5.919052726,0,0,TRUE,7
N1_003,22,18,4.76,0.18682762,0.70725,5.000247819,25.47803159,26.76396468,0.014973958,0.929036458,TRUE,7
N1_003,23,19,4.383,0.351144275,0.658,0.979117497,12.48204888,2.788362414,0,0,TRUE,7
N1_003,24,20,4.882,0.241363919,0.7835,0.972135817,20.22671831,4.027676633,0.002604167,0,TRUE,7
N1_003,25,21,4.056,0.310528147,0.7574,2.170847562,13.06161787,6.990823795,0,0,TRUE,7
N1_004,1,13,19.716,0.409782433,3.038,6.559431054,48.11333632,16.00710653,0.421875,0.312174479,FALSE,0
N1_004,2,21,21.102,0.444394729,3.309,8.564810232,47.48481161,19.27297888,0.400065104,0.630533854,FALSE,0
N1_004,3,1,11.859,0.280113332,1.836,6.97040154,42.33643549,24.88421917,0.258463542,0.885416667,FALSE,1
N1_005,1,1,20.828,0.391927724,4.7662,7.24834008,53.14245137,18.49407337,0.564453125,0.584309896,FALSE,0
N1_005,2,7,19.413,0.425814231,6.13675,8.405869107,45.59030342,19.74069557,0.348632813,0.662760417,FALSE,0
N1_005,3,15,20.062,0.500706871,4.42,8.445587686,40.06735506,16.86732931,0.205403646,0.419921875,FALSE,0
N1_005,4,17,21.63,0.457023776,4.11,6.560896893,47.32795348,14.35570148,0.394856771,0.104166667,FALSE,0
N1_005,5,25,22.369,0.472400933,2.785,7.061488244,47.35172697,14.94808276,0.395507813,0.17578125,FALSE,0
N1_005,6,50,20.416,0.414526599,3.553,6.8468225,49.25136296,16.51720906,0.453450521,0.380533854,FALSE,0
N1_005,7,1,3.983,0.255584011,0.68195,2.379853852,15.58391692,9.311434775,0.000325521,0,TRUE,1
N1_005,8,2,2.42,0.578714045,0.7563,1.108426504,4.181685274,1.915326773,0,0,TRUE,1
N1_005,9,3,2.277,0.220465435,0.69575,1.331152208,10.32814962,6.037917949,0,0,TRUE,1
N1_005,10,4,3.472,0.262380132,0.6134,1.942561023,13.23270924,7.40361325,0,0,TRUE,1
N1_006,1,2,12.571,0.194747517,3.374,3.575833759,64.55024525,18.36138303,0.805013021,0.573242188,FALSE,0
N1_006,2,6,14.827,0.256537958,3.5525,3.773513777,57.79651533,14.70937795,0.677734375,0.145507813,FALSE,0
N1_006,3,7,22.041,0.340556955,3.70615,5.807710189,64.72045192,17.05356509,0.806966146,0.444661458,FALSE,0
N1_006,4,10,19.396,0.395047618,3.499,6.675199658,49.09787861,16.89720264,0.451497396,0.42578125,FALSE,0
N1_006,5,17,13.337,0.213225908,2.638,4.292962993,62.54868432,20.13340234,0.771158854,0.681966146,FALSE,0
N1_006,6,22,22.796,0.393250184,6.89395,5.869522518,57.96818643,14.9256701,0.681640625,0.169921875,FALSE,0
N1_006,7,23,23.121,0.326967919,4.02235,6.110311813,70.71335956,18.68780227,0.878255208,0.603190104,FALSE,0
N1_006,8,25,21.752,0.390038677,5.527,7.183125293,55.76882823,18.41644357,0.633463542,0.575520833,FALSE,0
N1_006,9,35,19.613,0.396919994,4.743,7.528009288,49.4129807,18.96606219,0.459635417,0.614583333,FALSE,0
N1_006,10,37,13.386,0.288876374,3.70065,5.678866165,46.33816118,19.65846524,0.370442708,0.655273438,FALSE,0
N1_006,11,1,23.374,0.473968803,5.2236,6.273145051,49.31548207,13.23535434,0.456705729,0.0234375,TRUE,1
N1_006,12,3,14.921,0.207839513,1.731,1.988516742,71.79096876,9.567558695,0.890299479,0,TRUE,1
N1_006,13,4,22.223,0.415183935,8.87825,5.799958157,53.52567411,13.96961122,0.576497396,0.068684896,TRUE,1
N1_006,14,5,15.23,0.191854251,3.296,6.602306572,79.38317727,34.41313677,0.941080729,0.948567708,TRUE,1
N1_006,15,6,17.809,0.226419432,4.033,3.729341799,78.65490992,16.47094409,0.939778646,0.373697917,TRUE,1
N1_006,16,7,20.008,0.316797351,5.602,4.38814907,63.15709383,13.85159649,0.779296875,0.058919271,TRUE,1
N1_007,1,6,9.006,0.17320462,0.931,2.765451543,51.99630367,15.96638443,0.534505208,0.306315104,FALSE,0
N1_007,2,20,8.009,0.210698262,1.908,3.933543129,38.01170413,18.66908198,0.158854167,0.598958333,FALSE,0
N1_007,3,25,22.621,0.475032837,4.5055,8.595886292,47.61986589,18.09535177,0.407552083,0.545572917,FALSE,0
N1_007,4,36,7.122,0.157997617,1.347,2.72490334,45.07662917,17.24648377,0.334960938,0.462239583,FALSE,0
N1_007,5,47,5.259,0.142086433,1.0584,2.668185025,37.01268234,18.7786052,0.137044271,0.607096354,FALSE,0
N1_007,6,56,7.85,0.13650965,1.798,2.283046393,57.50509217,16.72443226,0.671549479,0.40234375,FALSE,0
N1_007,7,62,10.233,0.179608064,2.135,3.29208156,56.97405668,18.32925256,0.657877604,0.573242188,FALSE,0
N1_007,8,64,8.675,0.157216408,1.2914,2.983465032,55.17871885,18.9768044,0.618164063,0.614583333,FALSE,0
N1_007,9,4,8.359,0.201211729,1.627,3.427393536,41.54330395,17.03376617,0.239583333,0.443359375,FALSE,1
N1_007,10,17,8.694,0.234428494,1.2523,4.396742565,37.08593549,18.75515426,0.138997396,0.607096354,FALSE,1
N1_007,11,1,3.425,0.265031568,0.903,1.08393315,12.92298886,4.089826577,0,0,TRUE,3
N1_007,12,2,1.572,0.286547005,0.7827,0.543597176,5.486010927,1.897061099,0,0,TRUE,3
N1_007,13,3,3.245,0.320416002,0.7397,0.76434176,10.12745925,2.38546688,0,0,TRUE,3
N1_007,14,4,5.933,0.281617574,1.076,5.642074624,21.06757724,20.03452603,0.003255208,0.681966146,TRUE,3
N1_007,15,5,2.924,0.365480164,0.57755,2.832418156,8.000434193,7.749854672,0,0,TRUE,3
N1_007,16,6,2.823,0.319548267,0.608,1.997665058,8.834346142,6.251528374,0,0,TRUE,3
N1_007,17,7,7.46,0.50922203,1.109,3.698745671,14.64979825,7.263522501,0,0,TRUE,3
N1_007,18,8,2.904,0.215798509,0.77,1.51715562,13.45699754,7.030426805,0,0,TRUE,3
N1_007,19,9,4.778,0.304883178,1.04955,1.513519083,15.67157635,4.964259077,0.000325521,0,TRUE,3
N1_007,20,10,5.539,0.378883955,1.21,2.5081129,14.61925197,6.619739027,0,0,TRUE,3
N1_007,21,11,2.974,0.257193336,0.627,0.62903723,11.56328561,2.445775773,0,0,TRUE,3
RM_001,1,10,13.483,0.355501725,2.598,6.3841145,37.92667954,17.95804085,0.157877604,0.537434896,FALSE,0
RM_001,2,1,16.154,0.583148958,2.0766,8.153309633,27.70132704,13.9815214,0.024739583,0.069010417,TRUE,1
RM_001,3,2,15.507,0.614765193,2.8381,7.134092309,25.22426476,11.60458072,0.013020833,0.000325521,TRUE,1
RM_002,1,1,10.923,0.466078988,2.2181,5.350723742,23.43594174,11.48029386,0.005859375,0.000325521,TRUE,1
RM_002,2,2,15.036,0.605288099,2.39985,7.044387772,24.84106332,11.63807414,0.011067708,0.000325521,TRUE,1
RM_002,3,3,3.203,0.299337415,0.7292,1.600149082,10.70029954,5.345636741,0,0,TRUE,1
RM_002,4,4,2.846,0.352714794,0.872,1.42318184,8.06884215,4.034936619,0,0,TRUE,1
RM_002,5,5,14.411,0.734981547,4.82165,7.736478789,19.607295,10.52608576,0.001953125,0,TRUE,1
RM_002,6,6,3.434,0.25833874,0.60465,2.005708491,13.29262504,7.763870389,0,0,TRUE,1
RM_003,1,12,14.956,0.378813502,2.845,5.467587714,39.4811693,14.43345521,0.189453125,0.109049479,FALSE,0
RM_003,2,13,18.121,0.352814606,4.5656,5.418023345,51.36125226,15.35657325,0.516276042,0.231445313,FALSE,0
RM_003,3,15,10.402,0.215860392,2.4435,3.547550257,48.18855339,16.43446596,0.422526042,0.365234375,FALSE,0
RM_003,4,19,14.068,0.344264072,3.159,5.361142934,40.86397959,15.57276339,0.22265625,0.261393229,FALSE,0
RM_003,5,5,14.418,0.302924205,2.42215,4.631848937,47.59606456,15.29045506,0.406575521,0.222005208,FALSE,1
RM_003,6,6,12.523,0.255292309,2.807,3.98247356,49.05357333,15.59966133,0.44921875,0.261393229,FALSE,2
RM_003,7,6,15.255,0.212051469,2.8383,3.648681866,71.94008155,17.2065861,0.890299479,0.457356771,FALSE,3
RM_003,8,9,15.541,0.350342782,2.2579,5.507625477,44.35941255,15.72067632,0.316080729,0.275065104,FALSE,3
RM_003,9,4,12.05,0.291644392,2.097,4.322829131,41.31744109,14.82226041,0.233723958,0.16015625,FALSE,4
RM_003,10,9,13.219,0.288647758,2.462,4.892296184,45.79630239,16.94901849,0.354817708,0.433268229,FALSE,4
RM_003,11,5,12.326,0.300131946,2.121,4.639751136,41.06860385,15.45903792,0.226236979,0.244791667,FALSE,5
RM_003,12,2,15.359,0.26366384,3.2484,4.425784532,58.25220488,16.78570918,0.688151042,0.410807292,FALSE,6
RM_003,13,1,13.438,0.406483579,1.82055,6.542613115,33.05914601,16.0956394,0.071289063,0.32421875,TRUE,8
RM_003,14,2,12.517,0.342627722,2.49315,3.78212204,36.53236204,11.03857567,0.127278646,0.000325521,TRUE,8
RM_004,1,4,11.079,0.293660569,2.596,6.356147128,37.72723064,21.6445373,0.152669271,0.749348958,FALSE,0
RM_004,2,7,13.149,0.332429823,2.9242,5.882254181,39.55421296,17.69472466,0.191080729,0.508789063,FALSE,0
RM_004,3,11,11.809,0.298303388,2.245,4.882062835,39.58721384,16.3660992,0.192057292,0.360026042,FALSE,0
RM_004,4,17,6.757,0.172654056,2.199,4.244488493,39.13606285,24.58377511,0.181640625,0.878255208,FALSE,0
RM_004,5,1,14.155,0.442506964,4.7737,6.430443537,31.98819717,14.5318471,0.058268229,0.124348958,TRUE,1
RM_004,6,2,16.055,0.644499927,2.85955,8.119725891,24.91078636,12.59849,0.011393229,0.005859375,TRUE,1
RM_004,7,3,13.552,0.461036864,2.76815,7.959459713,29.39461257,17.26425874,0.036132813,0.462239583,TRUE,1
RM_004,8,4,12.348,0.393810354,2.47805,4.436670659,31.35519384,11.26600814,0.052408854,0.000325521,TRUE,1
RM_005,1,1,6.916,0.157690161,2.17035,2.321630745,43.85815796,14.72273683,0.302083333,0.145507813,FALSE,0
RM_005,2,15,10.21,0.167037754,2.0392,3.581897616,61.12390608,21.44364089,0.745442708,0.735677083,FALSE,0
RM_005,3,20,12.182,0.185189161,2.307,3.74692443,65.78138786,20.23295758,0.823242188,0.685872396,FALSE,0
RM_005,4,21,13.54,0.249172501,3.5775,3.721121883,54.33986476,14.93391875,0.595052083,0.170898438,FALSE,0
RM_005,5,24,10.892,0.219767642,2.10855,3.280396582,49.56143638,14.92665869,0.4609375,0.170898438,FALSE,0
RM_005,6,26,11.057,0.19140045,2.353,4.435522659,57.76893411,23.17404506,0.675455729,0.814453125,FALSE,0
RM_005,7,8,12.827,0.339229161,2.413,5.321913646,37.81219736,15.68825517,0.154947917,0.270182292,FALSE,1
RM_005,8,7,15.231,0.321818475,2.951,6.060109727,47.32792291,18.83083225,0.394856771,0.611328125,FALSE,2
RM_005,9,5,20.328,0.514282185,3.9706,8.458272884,39.52693793,16.44675459,0.190755208,0.371744792,FALSE,3
RM_005,10,2,8.742,0.625939003,0.78925,1.152224318,13.96621709,1.840793292,0,0,TRUE,5
RM_005,11,3,14.334,0.786558324,2.2703,4.96332959,18.22369628,6.310186339,0.000651042,0,TRUE,5
RM_005,12,4,13.015,0.416394029,2.39555,4.224648814,31.25645208,10.14579587,0.050130208,0,TRUE,5
RM_005,13,5,7.327,0.302730215,1.804,5.846656884,24.2030681,19.31309332,0.008789063,0.635742188,TRUE,5
RM_005,14,6,19.731,0.571370341,2.148,9.586874588,34.532769,16.77874034,0.092447917,0.410807292,TRUE,5
RM_006,1,2,12.403,0.296068856,2.0746,5.346583958,41.89228199,18.05858283,0.245768229,0.543294271,FALSE,0
RM_006,2,3,6.031,0.145768181,1.0078,2.846261912,41.37391262,19.52594788,0.234049479,0.648763021,FALSE,0
RM_006,3,5,13.201,0.274708072,2.27455,4.220101503,48.05464907,15.36213141,0.421875,0.231445313,FALSE,0
RM_006,4,1,2.206,0.643673138,0.583,3.830948975,3.427205317,5.951699318,0,0,TRUE,1
RM_006,5,2,2.128,0.192694434,0.7896,3.707222481,11.04339109,19.23886642,0,0.630533854,TRUE,1
RM_006,6,3,6.906,0.399522568,0.7994,4.591546761,17.28563179,11.49258422,0.000325521,0.000325521,TRUE,1
RM_006,7,4,4.955,0.278120402,0.64595,1.599647911,17.81602489,5.751638143,0.000325521,0,TRUE,1
RM_006,8,5,14.171,0.494680481,2.694,5.766011692,28.64677411,11.65603235,0.030924479,0.000325521,TRUE,1
RM_006,9,6,4.448,0.433598179,1.3136,1.24986751,10.25834567,2.882547877,0,0,TRUE,1
RM_006,10,7,2.41,0.473326251,0.6942,4.74428252,5.091625478,10.02328206,0,0,TRUE,1
RM_007,1,2,9.493,0.221809196,0.593,4.77166895,42.79804515,21.51249375,0.272460938,0.743164063,FALSE,0
RM_007,2,7,15.93,0.333015781,2.9154,5.244452307,47.83557085,15.74835969,0.412760417,0.279622396,FALSE,0
RM_007,3,1,1.406,0.22520622,0.76,1.285700545,6.243166832,5.708992177,0,0,TRUE,1
RM_007,4,2,2.123,0.239523566,0.564,1.293627047,8.863428499,5.400834119,0,0,TRUE,1
RM_007,5,3,15.144,0.435936122,2.883,6.178767244,34.73903452,14.17356105,0.096028646,0.083333333,TRUE,1
RM_007,6,4,17.346,0.44982044,2.787,5.148367054,38.56205377,11.44538263,0.169921875,0.000325521,TRUE,1
RM_007,7,5,6.317,0.246066039,1.4438,1.746393789,25.67197007,7.097256466,0.015299479,0,TRUE,1
RM_007,8,6,4.723,0.472134282,1.79825,3.705989554,10.00350998,7.849439659,0,0,TRUE,1
RM_007,9,7,5.553,0.201355923,0.61,3.732178275,27.57803162,18.53522969,0.024739583,0.584309896,TRUE,1
RM_008,1,4,12.412,0.236574905,2.89605,4.245513908,52.46541261,17.94574919,0.550130208,0.537434896,FALSE,0
RM_008,2,7,13.623,0.278883362,2.478,5.35619038,48.84837841,19.20584413,0.444335938,0.630533854,FALSE,0
RM_008,3,11,11.956,0.282301136,2.8111,5.344185462,42.35193721,18.93079685,0.258463542,0.614583333,FALSE,0
RM_008,4,18,13.109,0.29147193,2.60775,5.585995452,44.97517143,19.16478016,0.331054688,0.625,FALSE,0
RM_008,5,1,4.127,0.83486996,0.85435,1.406956251,4.943284823,1.68524,0,0,TRUE,1
RM_008,6,2,17.233,0.499651016,2.68,9.428545847,34.49007296,18.87026253,0.092122396,0.611328125,TRUE,1
RM_008,7,3,2.292,0.135742865,0.6356,0.693374997,16.88486537,5.108003259,0.000325521,0,TRUE,1
RM_008,8,4,14.082,0.18433777,2.367,4.33198481,76.39237479,23.50025615,0.926432292,0.827148438,TRUE,1
RM_009,1,2,16.891,0.559856731,2.534,8.248529509,30.17021866,14.7332863,0.041015625,0.148763021,TRUE,1
RM_009,2,3,16.211,0.594318528,2.717,7.395706266,27.27661889,12.44401093,0.0234375,0.004231771,TRUE,1
RM_009,3,4,16.278,0.484554511,3.68905,6.798817837,33.5937436,14.03106912,0.078125,0.074869792,TRUE,1
RM_009,4,5,15.902,0.590496851,4.064,7.722962773,26.92986419,13.07875353,0.020182292,0.016276042,TRUE,1
RM_010,1,6,10.947,0.215193395,1.651,3.570563809,50.87052036,16.59234849,0.502929688,0.38671875,FALSE,0
RM_010,2,8,10.503,0.169647712,1.90645,3.886841059,61.91064927,22.91124951,0.758463542,0.800455729,FALSE,0
RM_010,3,1,16.415,0.518590088,3.325,6.749229522,31.65313104,13.01457487,0.055338542,0.014973958,TRUE,1
RM_010,4,2,11.622,0.39275719,2.163,6.532384983,29.59080141,16.6321207,0.037760417,0.393880208,TRUE,1
RM_010,5,3,9.022,0.280580697,2.6026,2.771527795,32.15474227,9.877827748,0.060546875,0,TRUE,1
RM_010,6,4,8.016,0.268616164,1.68285,2.710832375,29.8418378,10.09184382,0.0390625,0,TRUE,1
RM_011,1,2,12.219,0.298842609,2.803,4.688414285,40.88774362,15.68857364,0.222981771,0.270182292,FALSE,0
RM_011,2,1,13.536,0.545990234,2.226,9.330588996,24.79165224,17.08929651,0.011067708,0.44921875,TRUE,1
RM_011,3,2,12.23,0.586106206,2.602,9.226253067,20.86652535,15.74160618,0.003255208,0.278971354,TRUE,1
RM_012,1,4,18.959,0.456358477,5.10305,8.943763158,41.54409513,19.59810894,0.239583333,0.654947917,FALSE,0
RM_012,2,9,10.648,0.199246411,1.892,4.34262722,53.44136405,21.79525941,0.573893229,0.755859375,FALSE,0
RM_012,3,16,13.403,0.303621926,2.004,6.406799638,44.14371583,21.10124171,0.310546875,0.724934896,FALSE,0
RM_012,4,2,13.04,0.29215787,1.6857,6.283078799,44.63340313,21.50576602,0.322591146,0.743164063,FALSE,1
RM_012,5,1,13.475,0.34216813,2.6837,5.149243073,39.38122468,15.04886815,0.186848958,0.190755208,FALSE,3
RM_012,6,1,14.154,0.426234764,2.75315,6.267487797,33.20705206,14.70430928,0.074869792,0.145507813,TRUE,5
RM_013,1,23,11.838,0.328737826,2.822,5.931033223,36.010459,18.04183382,0.116210938,0.543294271,FALSE,0
RM_013,2,1,16.904,0.401330036,4.059,5.402642452,42.11994738,13.46184429,0.254231771,0.034179688,TRUE,1
RM_013,3,2,17.334,0.467226648,3.492,6.443737201,37.09976746,13.79145908,0.139973958,0.055013021,TRUE,1
RM_013,4,3,18.926,0.456163956,4.245,5.250603677,41.48946829,11.51034317,0.238606771,0.000325521,TRUE,1
RM_013,5,4,15.15,0.438054486,3.007,7.824721882,34.58473883,17.86243979,0.092773438,0.52734375,TRUE,1
RM_013,6,6,15.974,0.475403007,2.43,8.471943189,33.60096541,17.82055027,0.078450521,0.51953125,TRUE,1
RM_013,7,7,9.779,0.456530572,2.36815,4.233192685,21.42025221,9.272528374,0.00390625,0,TRUE,1
RM_014,1,3,7.126,0.150828288,2.0322,2.594055357,47.2457791,17.1987323,0.393229167,0.457356771,FALSE,0
RM_014,2,5,10.705,0.188715871,2.4433,3.015984009,56.72548865,15.98161296,0.650390625,0.311523438,FALSE,0
RM_014,3,15,10.239,0.203270593,2.2001,3.124529999,50.3712802,15.37128392,0.486002604,0.236653646,FALSE,0
RM_014,4,21,8.726,0.19065338,1.886,3.508154875,45.76892366,18.40069593,0.353841146,0.575520833,FALSE,0
RM_014,5,1,9.706,0.204170582,2.011,5.241645645,47.53868027,25.67287414,0.401692708,0.908528646,TRUE,1
RM_014,6,2,11.41,0.273937296,1.967,3.034809176,41.65186764,11.07848117,0.241210938,0.000325521,TRUE,1
RM_014,7,3,18.904,0.585363588,3.337,9.190653546,32.29445833,15.70076058,0.063151042,0.275065104,TRUE,1
RM_014,8,4,12.441,0.317084358,2.13375,4.105893328,39.23561563,12.948899,0.18359375,0.012369792,TRUE,1
RM_014,9,5,13.455,0.438882676,2.60575,5.731731738,30.65739598,13.0598268,0.044270833,0.015950521,TRUE,1
RM_015,1,8,14.414,0.403543502,3.13725,7.125249225,35.71857791,17.65670665,0.111653646,0.508789063,FALSE,0
RM_015,2,10,13.122,0.302906877,2.802,5.337219445,43.32024455,17.62000088,0.290364583,0.499023438,FALSE,0
RM_015,3,2,15.803,0.41677976,3.37365,6.753321883,37.91690845,16.20357449,0.157877604,0.339192708,FALSE,1
RM_015,4,4,12.503,0.344905441,2.707,6.582084692,36.25051535,19.08373688,0.119791667,0.619466146,FALSE,1
RM_015,5,7,13.421,0.279183221,3.5926,5.142488554,48.07237318,18.41976223,0.421875,0.575520833,FALSE,1
RM_015,6,1,8.028,0.324944632,1.6726,2.423847359,24.70574739,7.459262652,0.011067708,0,TRUE,3
RM_015,7,2,14.636,0.46291462,2.604,7.060769862,31.61706146,15.25285561,0.055013021,0.216796875,TRUE,3
RM_015,8,3,16.768,0.516874843,4.396,9.092699386,32.4411223,17.59168492,0.065755208,0.499023438,TRUE,3
RM_015,9,4,17.37,0.675960454,3.406,11.87187858,25.69676955,17.562978,0.015299479,0.499023438,TRUE,3
SC_U1_009,1,1,14.554,0.429939948,5.1253,5.972953857,33.85123916,13.89253054,0.081705729,0.0625,TRUE,1
SC_U1_009,2,2,2.344,0.269399999,0.5917,1.058107745,8.700816667,3.927645691,0,0,TRUE,1
SC_U1_009,3,3,5.517,0.32625235,0.801,4.593525222,16.91022301,14.07966937,0.000325521,0.077799479,TRUE,1
SC_U1_009,4,4,3.754,0.347542303,0.97025,1.55316689,10.80156276,4.469000968,0,0,TRUE,1
SC_U1_010,1,10,10.207,0.222456851,2.5997,3.290600523,45.88305542,14.79208447,0.358723958,0.153971354,FALSE,0
SC_U1_010,2,14,11.665,0.259726426,1.989,5.112964358,44.91264204,19.68596125,0.331054688,0.655273438,FALSE,0
SC_U1_010,3,17,13.044,0.368863051,2.956,6.28836968,35.36271784,17.04797935,0.106119792,0.444661458,FALSE,0
SC_U1_010,4,1,9.703,0.341844443,1.53605,3.063677236,28.38425546,8.962196981,0.028971354,0,TRUE,1
SC_U1_010,5,2,9.648,0.265778619,2.30575,2.967195264,36.3008885,11.16416091,0.120117188,0.000325521,TRUE,1
SC_U2_008,1,11,13.923,0.329039789,4.4652,6.047348526,42.31403145,18.37877582,0.258463542,0.573242188,FALSE,0
SC_U2_008,2,17,16.749,0.377138648,4.39,6.068836795,44.41072287,16.09179229,0.319010417,0.32421875,FALSE,0
SC_U2_008,3,2,14.916,0.339458527,5.27965,4.976656482,43.94056656,14.6605729,0.304361979,0.138346354,FALSE,1
SC_U2_008,4,1,10.501,0.322096846,0.783,6.181503721,32.60199573,19.19144443,0.06640625,0.625,TRUE,3
SC_U2_008,5,2,2.159,0.41936355,0.809,3.534405082,5.148277668,8.428021655,0,0,TRUE,3
SC_U2_009,1,1,14.532,0.309700528,2.87305,5.383751778,46.92274857,17.38373459,0.383789063,0.473632813,FALSE,0
SC_U2_009,2,6,10.62,0.230099528,1.6202,3.924621403,46.15394074,17.05619055,0.366861979,0.444661458,FALSE,0
SC_U2_009,3,7,16.144,0.381500687,2.994,5.99907419,42.31709285,15.72493679,0.258463542,0.275065104,FALSE,0
SC_U2_009,4,9,17.209,0.414045245,3.685,7.45534991,41.56309048,18.0061237,0.239583333,0.538736979,FALSE,0
SC_U2_009,5,10,8.188,0.185039787,1.4552,4.29463216,44.24994279,23.20923637,0.3125,0.814453125,FALSE,0
SC_U2_009,6,11,9.592,0.192810838,1.601,3.91474439,49.74824087,20.30354951,0.466145833,0.69140625,FALSE,0
SC_U2_009,7,12,7.915,0.213763076,1.653,3.16557067,37.02697466,14.80878142,0.137369792,0.153971354,FALSE,0
SC_U2_009,8,13,15.159,0.430314383,2.8596,7.576058481,35.22773253,17.60586858,0.103841146,0.499023438,FALSE,0
SC_U2_009,9,17,15.646,0.294930125,2.215,4.29772866,53.04985376,14.57202332,0.563151042,0.127929688,FALSE,0
SC_U2_009,10,22,13.71,0.259794036,1.763,5.526982866,52.77257413,21.27447943,0.556640625,0.729492188,FALSE,0
SC_U2_009,11,23,14.23,0.28853995,2.3686,4.320477632,49.31726097,14.97358559,0.456705729,0.17578125,FALSE,0
SC_U2_009,12,24,13.919,0.364382142,3.41525,5.300076765,38.19890821,14.54538012,0.163736979,0.124348958,FALSE,0
SC_U2_009,13,2,15.186,0.375218865,3.333,3.89202004,40.47237869,10.3726662,0.211588542,0,TRUE,1
SC_U2_009,14,3,14.562,0.334027907,1.7858,3.272587017,43.59515988,9.797346122,0.295898438,0,TRUE,1
SC_U2_010,1,8,9.444,0.212575445,2.318,3.415492837,44.42657997,16.06720306,0.319010417,0.322591146,FALSE,0
SC_U2_010,2,13,7.442,0.207232561,1.57195,3.959036941,35.91134502,19.10431894,0.115559896,0.625,FALSE,0
SC_U2_010,3,1,17.445,0.405839736,4.318,6.894851972,42.98494812,16.98910028,0.278645833,0.4375,FALSE,1
SC_U2_010,4,2,15.82,0.404658507,1.8938,6.721721739,39.09469271,16.61084993,0.181640625,0.38671875,FALSE,3
SC_U2_010,5,1,15.837,0.493408851,2.53835,5.56907054,32.09711375,11.28692875,0.059570313,0.000325521,TRUE,5
SC_U3_007,1,2,6.585,0.158501024,1.373,2.52115563,41.54547295,15.90624192,0.239583333,0.298502604,FALSE,0
SC_U3_007,2,5,8.734,0.185598906,2.41175,3.005646603,47.05846693,16.19431203,0.386393229,0.339192708,FALSE,0
SC_U3_007,3,18,11.318,0.300073222,2.52,5.792131122,37.71746079,19.30239252,0.152669271,0.635742188,FALSE,0
SC_U3_007,4,35,10.552,0.223043102,1.9455,3.457517,47.30924167,15.50156438,0.394205729,0.251953125,FALSE,0
SC_U3_007,5,41,12.932,0.230081456,3.57575,4.171267761,56.20618123,18.12952612,0.641601563,0.553385417,FALSE,0
SC_U3_007,6,53,10.3,0.225620714,1.5868,3.715945852,45.65183676,16.46987898,0.350911458,0.373697917,FALSE,0
SC_U3_007,7,58,10.52,0.239032346,4.0359,3.719437277,44.01078003,15.56039314,0.307942708,0.256510417,FALSE,0
SC_U3_007,8,6,11.214,0.319103585,4.34065,4.929699976,35.14219369,15.44858849,0.103190104,0.244791667,FALSE,1
SC_U3_007,9,6,12.909,0.223205485,1.6286,5.629913095,57.83460026,25.22300514,0.678385417,0.899739583,FALSE,2
SC_U3_007,10,1,2.709,0.501081444,0.5772,1.095595741,5.406306764,2.186462409,0,0,TRUE,4
SC_U3_007,11,2,2.072,0.211733753,0.86,2.003099161,9.785874792,9.460462157,0,0,TRUE,4
SC_U3_007,12,3,2.61,0.275870625,0.6048,2.438358977,9.460956574,8.838777161,0,0,TRUE,4
SC_U3_007,13,4,2.586,0.320367127,0.608,1.084481279,8.071989227,3.385120339,0,0,TRUE,4
SC_U3_007,14,5,10.716,0.216858004,1.09,2.367939372,49.41482363,10.91930818,0.459635417,0.000325521,TRUE,4
SC_U3_007,15,6,9.539,0.361198952,1.3799,6.927382497,26.40926824,19.1788555,0.017903646,0.625,TRUE,4
SC_U3_007,16,7,10.809,0.132867622,4.478,2.624926704,81.35164781,19.75595455,0.952799479,0.662760417,TRUE,4
SC_U3_007,17,8,2.103,0.373918434,0.676,1.324640008,5.624221237,3.542590807,0,0,TRUE,4
SC_U3_008,1,6,13.373,0.205462087,2.66875,4.710521175,65.08743399,22.92647395,0.814778646,0.800455729,FALSE,0
SC_U3_008,2,14,9.494,0.2342513,1.414,3.485353839,40.52912406,14.87869582,0.212890625,0.166341146,FALSE,0
SC_U3_008,3,62,10.92,0.263454527,1.907,3.78198578,41.44927824,14.35536455,0.236328125,0.104166667,FALSE,0
SC_U3_008,4,69,9.849,0.210121009,1.321,3.347439356,46.87299024,15.93100744,0.383463542,0.305664063,FALSE,0
SC_U3_008,5,2,7.624,0.218975393,0.9072,3.004884527,34.81669747,13.7224758,0.097005208,0.049804688,TRUE,1
SC_U3_008,6,3,6.781,0.340852833,0.7402,2.431139593,19.89421637,7.132519846,0.002604167,0,TRUE,1
SC_U3_008,7,4,11.211,0.323705325,0.816,5.405031203,34.63335058,16.69738119,0.09375,0.40234375,TRUE,1
SC_U3_008,8,6,4.54,0.350901511,0.6068,2.280256501,12.93810332,6.498280659,0,0,TRUE,1
SC_U3_008,9,7,3.111,0.266037999,0.665,3.86837706,11.6938182,14.54069369,0,0.124348958,TRUE,1
SC_U3_008,10,8,2.213,0.361905624,0.771,3.763945383,6.114853854,10.40035063,0,0,TRUE,1
SC_U3_008,11,9,2.616,0.359805498,0.725,1.478517983,7.270594855,4.10921454,0,0,TRUE,1
SC_U3_008,12,10,6.645,0.314595285,0.7236,3.433614235,21.12237634,10.91438557,0.003255208,0.000325521,TRUE,1
SC_U3_008,13,11,13.279,0.689703082,0.8679,3.092146311,19.25321251,4.483300703,0.000976563,0,TRUE,1
SC_U3_008,14,12,3.832,0.235226427,0.78545,4.141601948,16.29068659,17.60687352,0.000325521,0.499023438,TRUE,1
SC_U3_009,1,2,14.285,0.285152238,3.81065,4.463336637,50.09604726,15.65246924,0.475911458,0.270182292,FALSE,0
SC_U3_009,2,6,9.349,0.130727506,2.13,2.871920057,71.51517127,21.96875118,0.888346354,0.762695313,FALSE,0
SC_U3_009,3,7,11.306,0.229608598,2.3668,3.82720024,49.24031626,16.66836637,0.453125,0.393880208,FALSE,0
SC_U3_009,4,9,12.329,0.257889819,3.90025,5.332322513,47.80723815,20.67674688,0.412109375,0.708658854,FALSE,0
SC_U3_009,5,13,13.41,0.255521287,3.4444,4.01777494,52.48095035,15.72383648,0.550130208,0.275065104,FALSE,0
SC_U3_009,6,15,9.562,0.240975034,1.7373,3.765468655,39.68045922,15.62597003,0.194010417,0.264322917,FALSE,0
SC_U3_009,7,21,11.655,0.230378338,2.504,3.993514332,50.59069395,17.33459128,0.493164063,0.470703125,FALSE,0
SC_U3_009,8,23,9.766,0.196571599,1.1663,3.134167742,49.68164299,15.94415348,0.465169271,0.306315104,FALSE,0
SC_U3_009,9,24,12.306,0.204632182,2.8226,3.48735225,60.13716838,17.0420518,0.730794271,0.444661458,FALSE,0
SC_U3_009,10,25,9.857,0.17801495,2.69375,2.901495769,55.37175399,16.29916911,0.624023438,0.352539063,FALSE,0
SC_U3_009,11,49,10.854,0.264732277,1.773,4.781368218,40.9999117,18.06114564,0.225585938,0.543294271,FALSE,0
SC_U3_009,12,52,13.153,0.27136229,1.38185,4.673988961,48.47025716,17.22416535,0.431966146,0.458333333,FALSE,0
SC_U3_009,13,56,7.125,0.182765273,0.826,3.729977282,38.9844301,20.40856682,0.179036458,0.6953125,FALSE,0
SC_U3_009,14,61,11.024,0.310858432,5.2973,4.557476172,35.46308824,14.66093792,0.107421875,0.138346354,FALSE,0
SC_U3_009,15,1,12.253,0.319626138,1.499,5.585999212,38.33541301,17.47666587,0.166015625,0.486653646,FALSE,1
SC_U3_009,16,8,11.661,0.316883361,2.664,5.070317515,36.79902897,16.00057981,0.133463542,0.312174479,FALSE,1
SC_U3_009,17,1,6.143,0.219594743,0.7561,3.382142681,27.97425799,15.40174701,0.026367188,0.237630208,TRUE,3
SC_U3_009,18,2,11.567,0.463999389,1.61575,3.79185519,24.92891212,8.172112459,0.01171875,0,TRUE,3
SC_U3_009,19,3,3.457,0.355230301,0.6137,0.570949823,9.731714871,1.607266673,0,0,TRUE,3
SC_U3_009,20,4,14.213,0.253935192,3.9368,3.424502596,55.97097379,13.48573454,0.637044271,0.034505208,TRUE,3
SC_U3_010,1,3,9.491,0.258295762,2.0494,3.975257145,36.74469895,15.39033053,0.131835938,0.237630208,FALSE,0
SC_U3_010,2,7,12.017,0.21024137,3.0315,3.209298508,57.15811296,15.26482871,0.662760417,0.222005208,FALSE,0
SC_U3_010,3,15,8.241,0.226952548,0.794,4.451062723,36.31155533,19.61230559,0.120117188,0.654947917,FALSE,0
SC_U3_010,4,23,10.011,0.204397059,2.2852,3.446547306,48.97819994,16.86202008,0.448242188,0.419921875,FALSE,0
SC_U3_010,5,28,10.431,0.279026491,2.23,4.536659703,37.38354726,16.25888528,0.145182292,0.345703125,FALSE,0
SC_U3_010,6,29,9.488,0.218492055,1.452,4.213809438,43.42491988,19.28587028,0.291992188,0.630533854,FALSE,0
SC_U3_010,7,31,12.935,0.271581827,2.4567,4.704742669,47.628371,17.3234812,0.407552083,0.470703125,FALSE,0
SC_U3_010,8,35,12.2,0.283902389,3.256,4.346930886,42.97251617,15.31135719,0.278645833,0.227213542,FALSE,0
SC_U3_010,9,40,12.104,0.289978103,2.61,5.081100223,41.74108277,17.52235831,0.243164063,0.491210938,FALSE,0
SC_U3_010,10,45,11.387,0.201646543,3.4761,3.203791273,56.47009787,15.88815375,0.644856771,0.298502604,FALSE,0
SC_U3_010,11,49,9.424,0.189466982,2.687,2.899106388,49.7395373,15.30138055,0.466145833,0.227213542,FALSE,0
SC_U3_010,12,52,11.157,0.291306707,2.968,4.767479298,38.29983904,16.36584115,0.164713542,0.360026042,FALSE,0
SC_U3_010,13,57,10.441,0.202696993,1.384,3.061486283,51.5103843,15.10375778,0.522135417,0.198567708,FALSE,0
SC_U3_010,14,1,13.259,0.293127966,2.813,5.448954973,45.23280461,18.58899733,0.339192708,0.595052083,FALSE,1
SC_U3_010,15,3,6.621,0.164644509,0.5659,3.366291699,40.21391332,20.44581824,0.205729167,0.6953125,FALSE,1
SC_U3_010,16,1,12.043,0.241435654,3.3928,3.080179377,49.88078516,12.75776516,0.469401042,0.008463542,TRUE,3
SC_U3_010,17,2,14.312,0.348458836,5.5621,4.528564684,41.07228319,12.99598177,0.2265625,0.014648438,TRUE,3
SC_U3_010,18,3,14.114,0.373599467,3.4648,3.04790461,37.77842645,8.158214549,0.154296875,0,TRUE,3
SC_U3_010,19,4,13.308,0.273337453,3.05125,2.88405559,48.687071,10.55126385,0.436848958,0,TRUE,3
SR_CC_MX_002,1,5,16.584,0.411132711,2.87875,5.939616179,40.33734014,14.44695599,0.209309896,0.112955729,FALSE,0
SR_CC_MX_002,2,7,18.808,0.381314834,0.667,7.393272609,49.32407112,19.38889324,0.456705729,0.636393229,FALSE,0
SR_CC_MX_002,3,11,23.068,0.398747635,3.6767,7.608486311,57.85112677,19.08095657,0.678385417,0.619466146,FALSE,0
SR_CC_MX_002,4,20,9.3,0.171755148,3.4886,3.531252102,54.14684848,20.5598035,0.590494792,0.702799479,FALSE,0
SR_CC_MX_002,5,21,17.105,0.256915497,5.5747,4.639022974,66.57831142,18.05661013,0.831380208,0.543294271,FALSE,0
SR_CC_MX_002,6,35,8.705,0.16688221,0.6162,3.461684948,52.16254014,20.74328318,0.541666667,0.708658854,FALSE,0
SR_CC_MX_002,7,44,9.455,0.148383907,2.31885,2.308486598,63.71984794,15.5575267,0.791992188,0.255859375,FALSE,0
SR_CC_MX_002,8,46,20.682,0.383318646,5.964,5.767583427,53.95511069,15.04644629,0.584960938,0.190755208,FALSE,0
SR_CC_MX_002,9,48,18.407,0.341723529,2.8192,4.920424317,53.86518168,14.39884554,0.583333333,0.107096354,FALSE,0
SR_CC_MX_002,10,55,6.365,0.157694326,3.512,2.790381867,40.36289795,17.69487801,0.209309896,0.508789063,FALSE,0
SR_CC_MX_002,11,60,17.942,0.295097923,5.41275,4.901037528,60.80015681,16.60817357,0.737304688,0.38671875,FALSE,0
SR_CC_MX_002,12,65,16.226,0.280786634,4.33425,6.23300346,57.78765106,22.19836244,0.677734375,0.770507813,FALSE,0
SR_CC_MX_002,13,4,19.489,0.273030829,7.4924,5.092404372,71.38021761,18.65138962,0.88671875,0.598958333,FALSE,1
SR_CC_MX_002,14,16,17.828,0.275698755,2.3606,4.192694558,64.66478248,15.20752084,0.806966146,0.210611979,FALSE,1
SR_CC_MX_002,15,18,18.638,0.338180059,7.193,5.598764832,55.11265226,16.55557352,0.616861979,0.380533854,FALSE,1
SR_CC_MX_002,16,1,17.442,0.220508835,6.6423,4.497431382,79.09887143,20.39569698,0.940429688,0.6953125,TRUE,3
SR_CC_MX_002,17,2,16.508,0.21735617,7.2901,4.14622069,75.94907465,19.07569813,0.922200521,0.619466146,TRUE,3
SR_CC_MX_002,18,3,2.115,0.342544809,0.899,4.32398585,6.174374692,12.62312473,0,0.005859375,TRUE,3
SR_CC_MX_002,19,4,17.554,0.210015921,3.4812,3.527109956,83.58413942,16.79448846,0.960286458,0.413736979,TRUE,3
SR_CC_MX_002,20,5,17.937,0.171344038,3.239,5.965486195,104.6841207,34.81583747,0.991210938,0.94921875,TRUE,3
SR_CC_MX_002,21,6,20.157,0.368132806,5.40075,5.195916398,54.75469635,14.11424441,0.609375,0.079752604,TRUE,3
SR_CC_MX_002,22,7,8.734,0.19996547,0.588,1.188345865,43.67754103,5.942755355,0.299153646,0,TRUE,3
SR_CC_MX_002,23,8,2.403,0.751239108,0.556,2.554899747,3.198715262,3.400914196,0,0,TRUE,3
SR_CC_MX_002,24,9,3.735,0.151206025,1.37615,1.95329425,24.70139663,12.91809799,0.011067708,0.01171875,TRUE,3
SR_CC_MX_002,25,10,5.953,0.446138516,0.605,5.77265879,13.34338952,12.93916258,0,0.012369792,TRUE,3
SR_CC_MX_002,26,11,10.215,0.152935842,0.68505,11.76283521,66.79271451,76.91352855,0.833658854,0.994791667,TRUE,3
SR_CC_MX_002,27,12,15.825,0.158616143,2.6879,4.42841328,99.76916422,27.91905793,0.987304688,0.930664063,TRUE,3
SR_CC_MX_002,28,13,11.433,0.220356927,0.6946,2.099454134,51.88400555,9.527515954,0.53125,0,TRUE,3
SR_CC_MX_002,29,14,1.901,0.270204209,0.6058,0.574980328,7.035419655,2.127947343,0,0,TRUE,3
SR_CC_MX_002,30,15,2.326,0.231859036,0.5885,0.401315312,10.03195753,1.730859059,0,0,TRUE,3
SR_CC_MX_003,1,12,18.537,0.300428301,0.89615,5.897573271,61.70191013,19.63055165,0.754882813,0.654947917,FALSE,0
SR_CC_MX_003,2,14,17.617,0.355173434,0.851,6.826844705,49.60111965,19.22115803,0.461914063,0.630533854,FALSE,0
SR_CC_MX_003,3,30,22.912,0.497710095,8.023,7.849495933,46.03483075,15.77122105,0.361328125,0.279622396,FALSE,0
SR_CC_MX_003,4,46,19.907,0.277778609,5.4703,4.923246841,71.66498562,17.72363561,0.889648438,0.51171875,FALSE,0
SR_CC_MX_003,5,59,19.249,0.323717192,1.906,6.427350202,59.46239647,19.85483121,0.712565104,0.669921875,FALSE,0
SR_CC_MX_003,6,62,20.803,0.407936891,5.04845,6.400583846,50.99563301,15.69013242,0.505533854,0.270182292,FALSE,0
SR_CC_MX_003,7,66,20.515,0.410052004,3.88575,8.049952788,50.03023957,19.63154114,0.474934896,0.654947917,FALSE,0
SR_CC_MX_003,8,100,19.019,0.338979866,6.301,5.602675164,56.10657717,16.52804703,0.640299479,0.380533854,FALSE,0
SR_CC_MX_003,9,11,17.339,0.33853942,9.2061,4.956504167,51.21707836,14.64084793,0.513020833,0.137044271,FALSE,1
SR_CC_MX_003,10,19,19.403,0.29634471,6.6252,4.451376727,65.47442667,15.02094207,0.819335938,0.184895833,FALSE,1
SR_CC_MX_003,11,30,15.658,0.221262874,4.54925,5.025082285,70.76650366,22.7109148,0.878580729,0.795572917,FALSE,1
SR_CC_MX_003,12,4,9.567,0.225412302,0.6617,3.593040732,42.44222663,15.93986088,0.263020833,0.306315104,FALSE,2
SR_CC_MX_003,13,1,12.253,0.236213626,1.5386,2.733562869,51.87253678,11.57241822,0.53125,0.000325521,TRUE,4
SR_CC_MX_003,14,2,3,0.254044288,0.5545,2.45847448,11.80896457,9.677346006,0,0,TRUE,4
SR_CC_MX_003,15,3,22.506,0.453573521,7.2998,6.109215607,49.6192987,13.46907465,0.462239583,0.034179688,TRUE,4
SR_CC_MX_003,16,4,3.033,0.265990389,0.621,1.309448412,11.40266764,4.922916263,0,0,TRUE,4
SR_CC_MX_003,17,5,13.924,0.17334619,2.8805,3.563626052,80.32481143,20.55785627,0.947916667,0.702799479,TRUE,4
SR_CC_MX_003,18,6,22.809,0.40193867,6.7028,5.406908806,56.74746346,13.45207418,0.651692708,0.032226563,TRUE,4
SR_CC_MX_003,19,7,17.423,0.229427032,6.14235,3.749179915,75.9413565,16.34149162,0.922200521,0.358398438,TRUE,4
SR_CC_MX_003,20,8,2.115,0.287944472,0.664,1.49903102,7.345166197,5.205972566,0,0,TRUE,4
SR_CC_MX_003,21,9,2.1,0.30732204,0.5544,2.781399028,6.833222893,9.050437865,0,0,TRUE,4
SR_CC_MX_003,22,10,3.824,0.268997303,0.7725,3.954474298,14.21575591,14.70079533,0,0.145507813,TRUE,4
SR_CC_MX_003,23,11,1.901,0.299197671,0.63425,1.715843467,6.35365908,5.734815582,0,0,TRUE,4
SR_CC_MX_003,24,12,2.706,0.25841964,0.772,5.576646599,10.47134032,21.57980946,0,0.743164063,TRUE,4
SR_CC_MX_003,25,13,2.547,0.228345967,0.593,1.84978243,11.15412736,8.100788699,0,0,TRUE,4
SR_CC_MX_003,26,14,2.437,0.310546702,0.564,3.897390853,7.847450925,12.55009579,0,0.005208333,TRUE,4
SR_CC_MX_003,27,15,1.902,0.470250693,0.5673,1.202421563,4.044651133,2.556979883,0,0,TRUE,4
SR_CC_MX_003,28,16,3.609,0.255292511,0.6145,7.521072924,14.13672489,29.46060925,0,0.935221354,TRUE,4
SR_CC_MX_003,29,17,1.701,0.32222015,0.826,4.55895396,5.278999471,14.14856881,0,0.081705729,TRUE,4
SR_CC_MX_003,30,18,21.981,0.423111417,7.0003,4.788060575,51.95085526,11.31631145,0.533528646,0.000325521,TRUE,4
SR_CC_MX_003,31,19,3.208,0.287541791,0.68725,4.297808279,11.15663913,14.9467257,0,0.17578125,TRUE,4
SR_CC_MX_003,32,20,4.351,0.353550809,0.65,0.294275576,12.30657628,0.832343098,0,0,TRUE,4
SR_CC_MX_003,33,21,2.719,0.374280002,0.651,0.813987736,7.264614687,2.174809584,0,0,TRUE,4
SR_CC_MX_003,34,22,1.946,0.258617908,0.573,0.882399002,7.524614275,3.411979509,0,0,TRUE,4
SR_CC_MX_005,1,4,8.85,0.212389124,1.2076,5.10006357,41.66880025,24.01282827,0.241536458,0.861002604,FALSE,0
SR_CC_MX_005,2,36,6.542,0.128793117,0.6098,3.094942479,50.79463994,24.0303407,0.500976563,0.861002604,FALSE,0
SR_CC_MX_005,3,51,10.152,0.235125668,2.694,4.959680209,43.17691082,21.09374213,0.283854167,0.724934896,FALSE,0
SR_CC_MX_005,4,1,3.001,0.336653444,0.7536,2.593064305,8.914211505,7.70247373,0,0,TRUE,1
SR_CC_MX_005,5,2,3.805,0.303026405,0.62155,1.788369918,12.55666151,5.901696639,0,0,TRUE,1
SR_CC_MX_005,6,3,2.601,0.239963133,0.5924,1.24427942,10.83916504,5.185294115,0,0,TRUE,1
SR_CC_MX_005,7,4,2.731,0.311690023,0.623,1.573948794,8.76191023,5.049724659,0,0,TRUE,1
SR_CC_MX_005,8,5,7.457,0.263839474,0.64175,2.119542303,28.26339772,8.033454085,0.027994792,0,TRUE,1
SR_CC_MX_005,9,6,3.26,0.474724401,0.66715,1.855723232,6.867142267,3.909053817,0,0,TRUE,1
SR_CC_MX_005,10,7,2.815,0.373814107,0.61245,5.0407493,7.530480925,13.48464172,0,0.034505208,TRUE,1
SR_CC_MX_005,11,8,2.803,0.25113012,0.617,1.928225681,11.16154445,7.678193592,0,0,TRUE,1
SR_CC_MX_005,12,9,3.187,0.30205467,0.5861,2.535936722,10.55107011,8.395621633,0,0,TRUE,1
SR_CC_MX_005,13,10,3.305,0.42790756,0.7768,1.625984983,7.723630779,3.799851032,0,0,TRUE,1
SR_CC_MX_005,14,11,8.899,0.273202894,0.645,3.561749798,32.57286146,13.03701345,0.06640625,0.015299479,TRUE,1
SR_CC_MX_005,15,12,11.519,0.371665509,2.60985,5.120054633,30.99292166,13.77597466,0.047851563,0.055013021,TRUE,1
SR_CC_MX_005,16,13,2.348,0.32016778,0.59075,0.864762217,7.333654867,2.700965775,0,0,TRUE,1
SR_CC_MX_005,17,14,13.805,0.385938504,3.16305,4.867126101,35.76994742,12.61114413,0.112304688,0.005859375,TRUE,1
SR_CC_MX_005,18,15,2.534,0.378080014,1.054,6.438969338,6.702284991,17.03070543,0,0.443359375,TRUE,1
SR_CC_MX_005,19,16,2.553,0.537790449,0.558,2.430033242,4.747202191,4.518550384,0,0,TRUE,1
SR_CC_MX_005,20,17,14.004,0.497063922,3.0579,5.614818194,28.17343882,11.29596807,0.027018229,0.000325521,TRUE,1
SR_CC_MX_005,21,18,10.019,0.190456165,2.472,5.500262751,52.60528062,28.87941566,0.553385417,0.934895833,TRUE,1
SR_CC_MX_005,22,19,4.454,0.278034816,0.6182,1.684847506,16.01957649,6.059843625,0.000325521,0,TRUE,1
SR_CC_MX_005,23,20,2.825,0.391767803,0.578,1.355314203,7.21090395,3.459483378,0,0,TRUE,1
SR_CC_MX_005,24,21,3.411,0.388643869,0.613,4.826069189,8.776672617,12.41771601,0,0.003580729,TRUE,1
SR_CC_MX_005,25,22,2.905,0.261988351,0.684,1.47705932,11.08827926,5.637881661,0,0,TRUE,1
SR_CC_MX_005,26,23,1.616,0.30034171,1.064,4.86592606,5.380538056,16.20129972,0,0.339192708,TRUE,1
SR_CC_MX_005,27,24,2.6,0.386519229,0.59315,1.859173242,6.726702853,4.810040751,0,0,TRUE,1
SR_CC_MX_005,28,25,3.1,0.266591826,0.64,2.538344803,11.62826352,9.521465249,0,0,TRUE,1
SR_CC_MX_005,29,26,7.637,0.353510817,0.846,1.991321502,21.60329935,5.632986054,0.004231771,0,TRUE,1
SR_CC_MX_005,30,27,2.543,0.410451473,0.638,1.193809961,6.195616702,2.908528876,0,0,TRUE,1
SR_CC_MX_005,31,28,2.31,0.320508272,0.554,2.899781553,7.207302282,9.047446843,0,0,TRUE,1
SR_CC_MX_005,32,29,3.151,0.325962315,0.6095,2.052945191,9.666761632,6.298105937,0,0,TRUE,1
SR_CC_MX_005,33,30,2.413,0.281018698,0.62215,1.083449969,8.586617238,3.855437289,0,0,TRUE,1
SR_CC_MX_005,34,31,3.202,0.319505341,0.641,2.215677155,10.0217417,6.934710849,0,0,TRUE,1
SR_CC_MX_005,35,32,7.497,0.542811692,0.667,2.666483288,13.81141952,4.912354187,0,0,TRUE,1
SR_CC_MX_005,36,33,3.673,0.342828037,0.58695,2.31571063,10.71382619,6.754729428,0,0,TRUE,1
SR_CC_MX_005,37,34,3.264,0.262103638,0.6928,1.126877706,12.45308928,4.299359277,0,0,TRUE,1
SR_CC_MX_005,38,35,2.957,0.333850602,0.6151,3.643825141,8.857255271,10.91453819,0,0.000325521,TRUE,1
SR_CC_MX_005,39,36,2.911,0.303234844,0.56985,3.114731833,9.599820276,10.27168183,0,0,TRUE,1
SR_CC_MX_005,40,37,8.352,0.266238417,0.694,6.115463082,31.37037886,22.96987473,0.053385417,0.808919271,TRUE,1
SR_CC_MX_005,41,38,3.544,0.22560637,0.587,1.689402566,15.70877634,7.488275131,0.000325521,0,TRUE,1
SR_CC_MX_006,1,3,12.409,0.256429363,2.796,4.460993272,48.39149401,17.39657742,0.430013021,0.478190104,FALSE,0
SR_CC_MX_006,2,5,18.101,0.379311646,0.95,7.562468859,47.72065454,19.93734953,0.409505208,0.677083333,FALSE,0
SR_CC_MX_006,3,18,16.968,0.299984154,4.1513,4.493239635,56.56298769,14.97825661,0.647786458,0.180664063,FALSE,0
SR_CC_MX_006,4,19,16.479,0.413048091,2.692,6.370644159,39.89608075,15.42349255,0.196614583,0.241210938,FALSE,0
SR_CC_MX_006,5,20,18.32,0.289118156,0.8554,4.955936232,63.36509696,17.14156004,0.78515625,0.452148438,FALSE,0
SR_CC_MX_006,6,24,18.345,0.3675739,2.779,7.596084666,49.90833136,20.66546255,0.469726563,0.708658854,FALSE,0
SR_CC_MX_006,7,29,16.646,0.366865469,5.48325,7.207501018,45.37358075,19.64616902,0.341471354,0.654947917,FALSE,0
SR_CC_MX_006,8,43,17.755,0.272465357,0.717,6.226557943,65.16424771,22.8526592,0.815429688,0.800130208,FALSE,0
SR_CC_MX_006,9,45,16.211,0.231587714,0.97295,3.828718465,69.99939569,16.53247664,0.870442708,0.380533854,FALSE,0
SR_CC_MX_006,10,49,16.608,0.314893384,0.84195,6.296607156,52.74166059,19.99599696,0.556640625,0.677408854,FALSE,0
SR_CC_MX_006,11,50,9.289,0.196090713,0.618,4.282318911,47.37093286,21.83845857,0.396484375,0.755859375,FALSE,0
SR_CC_MX_006,12,52,17.728,0.32063075,0.738,7.401700403,55.29101616,23.0848114,0.623046875,0.808919271,FALSE,0
SR_CC_MX_006,13,54,15.351,0.249985838,6.1748,4.098850643,61.40747861,16.39633139,0.750651042,0.363606771,FALSE,0
SR_CC_MX_006,14,9,16.54,0.362334276,0.9765,5.196418596,45.64845529,14.34150435,0.350911458,0.103190104,FALSE,1
SR_CC_MX_006,15,4,15.121,0.4294606,6.0921,6.78962585,35.20928348,15.8096595,0.103515625,0.284830729,FALSE,3
SR_CC_MX_006,16,1,16.383,0.224661597,0.675,7.241442691,72.9230106,32.23266814,0.902669271,0.944661458,TRUE,5
SR_CC_MX_006,17,2,2.289,0.340598489,0.582,5.706556615,6.720523059,16.75449774,0,0.410807292,TRUE,5
SR_CC_MX_006,18,3,2.134,0.35730284,0.868,4.388297191,5.972524595,12.28173051,0,0.002278646,TRUE,5
SR_SM_MX_001,1,49,6.723,0.173516164,0.76,3.23352747,38.74566973,18.63530975,0.173828125,0.595052083,FALSE,0
SR_SM_MX_001,2,89,8.378,0.146167234,0.9753,3.098929914,57.31790755,21.20126263,0.666992188,0.729166667,FALSE,0
SR_SM_MX_001,3,1,5.438,0.456166565,0.593,1.970587176,11.92108413,4.319885161,0,0,TRUE,1
SR_SM_MX_001,4,2,4.216,0.528741583,0.9618,2.368118285,7.973649385,4.478781998,0,0,TRUE,1
SR_SM_MX_001,5,3,4.686,0.356052169,0.598,5.196029547,13.16099269,14.59345004,0,0.131510417,TRUE,1
SR_SM_MX_001,6,4,5.801,0.268797656,0.9899,1.296640724,21.58128936,4.823854278,0.004231771,0,TRUE,1
SR_SM_MX_001,7,5,2.891,0.642845892,0.567,1.507367812,4.497189818,2.344835411,0,0,TRUE,1
SR_SM_MX_001,8,6,4.318,0.27355506,0.743,3.348561522,15.78475643,12.24090505,0.000325521,0.001953125,TRUE,1
SR_SM_MX_001,9,7,4.954,0.227773525,0.66005,2.919049843,21.74967435,12.81558003,0.004231771,0.009440104,TRUE,1
SR_SM_MX_001,10,8,4.438,0.240441257,0.597,2.924583248,18.45773082,12.16340026,0.000651042,0.001627604,TRUE,1
SR_SM_MX_001,11,9,2.844,0.225903247,0.5896,1.975542032,12.5894605,8.745080304,0,0,TRUE,1
SR_SM_MX_001,12,10,4.371,0.259698897,0.8474,1.909774157,16.8310303,7.35380158,0.000325521,0,TRUE,1
SR_SM_MX_001,13,11,5.124,0.407420709,0.647,2.780241432,12.57668029,6.824006168,0,0,TRUE,1
SR_SM_MX_001,14,12,4.432,0.341351612,0.8497,2.974442372,12.98367973,8.713720018,0,0,TRUE,1
SR_SM_MX_001,15,13,4.527,0.359866063,0.57305,1.729729631,12.57968023,4.806592811,0,0,TRUE,1
SR_SM_MX_001,16,14,4.03,0.309737481,0.559,4.656335419,13.01101821,15.03316748,0,0.184895833,TRUE,1
SR_SM_MX_001,17,15,4.908,0.337186105,0.7245,1.889612673,14.55575996,5.604064483,0,0,TRUE,1
SR_SM_MX_001,18,16,6.124,0.34541906,1.2972,2.439517529,17.72918956,7.062486725,0.000325521,0,TRUE,1
SR_SM_MX_001,19,17,3.903,0.26048987,0.6111,2.385919393,14.98330816,9.159355757,0,0,TRUE,1
SR_SM_MX_001,20,18,4.018,0.643489423,0.69395,2.616346815,6.244080872,4.065873843,0,0,TRUE,1
SR_SM_MX_001,21,19,4.387,0.446023212,0.6311,3.022794899,9.835810962,6.777214316,0,0,TRUE,1
SR_SM_MX_001,22,21,3.606,0.200489734,0.599,2.492298657,17.98595829,12.43105371,0.000651042,0.003580729,TRUE,1
SR_SM_MX_001,23,22,4.707,0.342484392,0.63495,2.930502258,13.74369202,8.556600916,0,0,TRUE,1
SR_SM_MX_001,24,23,4.117,0.410242157,1.2049,2.23266421,10.03553616,5.442308094,0,0,TRUE,1
SR_SM_MX_001,25,24,6.43,0.564275658,0.6633,3.91069067,11.39513979,6.930461408,0,0,TRUE,1
SR_SM_MX_001,26,25,3.7,0.217506578,0.57785,2.75403099,17.0109798,12.66182853,0.000325521,0.006510417,TRUE,1
SR_SM_MX_001,27,26,3.91,0.450105705,0.939,1.587620466,8.686848343,3.527216934,0,0,TRUE,1
SR_SM_MX_001,28,27,4.749,0.277164833,0.599,4.77826864,17.13420838,17.2398085,0.000325521,0.462239583,TRUE,1
SR_SM_MX_001,29,28,4.532,0.271287337,0.6309,1.740005861,16.70553462,6.413885297,0.000325521,0,TRUE,1
SR_SM_MX_001,30,29,3.047,0.422578231,0.621,1.506848246,7.210499215,3.565844467,0,0,TRUE,1
SR_SM_MX_001,31,30,2.203,0.314938921,0.786,2.443762677,6.995007142,7.759481335,0,0,TRUE,1
SR_SM_MX_001,32,31,2.469,0.336254481,0.6465,2.49572411,7.342653077,7.422128925,0,0,TRUE,1
SR_SM_MX_001,33,32,3.7,0.382502537,0.6162,1.645212232,9.67313846,4.301179924,0,0,TRUE,1
SR_SM_MX_001,34,33,3.727,0.311189285,0.572,2.783034158,11.97663344,8.943219741,0,0,TRUE,1
SR_SM_MX_001,35,34,3.92,0.20044276,0.5882,1.305503731,19.5567054,6.513099966,0.001627604,0,TRUE,1
SR_SM_MX_001,36,35,1.905,0.338915104,0.722,1.035349222,5.620876667,3.054892539,0,0,TRUE,1
SR_SM_MX_001,37,36,6.736,0.267657391,0.56255,2.37007348,25.16650097,8.854877752,0.013020833,0,TRUE,1
SR_SM_MX_001,38,37,3.759,0.38173421,0.585,4.947754409,9.847165654,12.96125493,0,0.013346354,TRUE,1
SR_SM_MX_001,39,39,2.627,0.287127137,0.901,2.06853292,9.149257125,7.204240411,0,0,TRUE,1
SR_SM_MX_001,40,40,3.304,0.351714912,0.555,3.586176903,9.393971892,10.1962606,0,0,TRUE,1
SR_SM_MX_001,41,41,4.906,0.464024007,0.6958,2.636302474,10.57272885,5.681392422,0,0,TRUE,1
SR_SM_MX_001,42,42,3.209,0.275223559,0.55515,1.728190699,11.65961231,6.279225163,0,0,TRUE,1
SR_SM_MX_001,43,43,4.349,0.341169337,0.588,4.323054668,12.74733548,12.67128723,0,0.006510417,TRUE,1
SR_SM_MX_001,44,44,4.166,0.33018908,0.589,2.009038151,12.61701325,6.084508153,0,0,TRUE,1
SR_SM_MX_001,45,45,4.74,0.262769064,0.689,2.285395443,18.03865313,8.697353514,0.000651042,0,TRUE,1
SR_SM_MX_001,46,46,3.816,0.346724263,0.7265,1.428898088,11.00586375,4.121136705,0,0,TRUE,1
SR_SM_MX_001,47,47,3.274,0.307718719,0.57445,1.660036556,10.63958674,5.394655753,0,0,TRUE,1
SR_SM_MX_001,48,48,3.912,0.262677964,0.632,4.989010869,14.89276048,18.99287933,0,0.614583333,TRUE,1
SR_SM_MX_001,49,49,4.121,0.36678159,0.69785,2.182157094,11.23556937,5.949472796,0,0,TRUE,1
SR_SM_MX_001,50,50,4.27,0.199292516,0.6928,1.945433839,21.42579201,9.761700425,0.00390625,0,TRUE,1
SR_SM_MX_001,51,51,1.868,0.312995774,0.60545,0.997049586,5.968131693,3.185504942,0,0,TRUE,1
SR_SM_MX_001,52,52,4.752,0.52701434,0.57325,2.035901389,9.01683244,3.863085372,0,0,TRUE,1
SR_SM_MX_001,53,53,4.319,0.311886601,0.862,3.351713895,13.84798189,10.74657868,0,0,TRUE,1
SR_SM_MX_001,54,54,3.054,0.234516977,0.5984,2.808466951,13.02251135,11.97553789,0,0.001302083,TRUE,1
SR_SM_MX_001,55,55,3.18,0.865728904,0.5707,1.90121158,3.673205301,2.196081904,0,0,TRUE,1
SR_SM_MX_001,56,56,3.508,0.275978274,0.6078,1.45781894,12.71114549,5.282368487,0,0,TRUE,1
SR_SM_MX_001,57,57,2.921,0.532999147,0.716,1.882848994,5.480308961,3.532555363,0,0,TRUE,1
SR_SM_MX_001,58,58,4.203,0.428565671,0.591,3.069898046,9.807131741,7.163191665,0,0,TRUE,1
SR_SM_MX_001,59,59,3.73,0.254486881,0.604,1.335314819,14.65694415,5.247087057,0,0,TRUE,1
SR_SM_MX_001,60,60,2.508,0.303641024,0.5627,1.359945492,8.259753461,4.478793653,0,0,TRUE,1
SR_SM_MX_001,61,61,7.936,0.415167101,1.0509,3.021296379,19.11519475,7.277302003,0.000976563,0,TRUE,1
SR_SM_MX_001,62,63,3.216,0.261764135,0.56635,1.833310417,12.2858695,7.003673051,0,0,TRUE,1
SR_SM_MX_001,63,64,2.802,0.26518277,0.796,2.613344178,10.56629734,9.85487924,0,0,TRUE,1
SR_SM_MX_001,64,65,3.254,0.263437475,0.5574,3.821532303,12.35207707,14.50641105,0,0.120442708,TRUE,1
SR_SM_MX_001,65,66,3.782,0.316396411,0.5927,3.240280423,11.95335937,10.24120475,0,0,TRUE,1
SR_SM_MX_001,66,67,5.104,0.313802142,0.63815,2.240975798,16.265026,7.141365523,0.000325521,0,TRUE,1
SR_SM_MX_001,67,68,6.157,0.278338203,0.794,2.976192622,22.12057105,10.69272054,0.004557292,0,TRUE,1
SR_SM_MX_001,68,69,4.813,0.280358077,0.6635,3.010712486,17.16733135,10.73881131,0.000325521,0,TRUE,1
SR_SM_MX_001,69,70,3.283,0.330878047,0.5868,1.485826233,9.922084687,4.490555504,0,0,TRUE,1
SR_SM_MX_001,70,71,4.506,0.302755494,0.639,2.449932316,14.88329722,8.092115142,0,0,TRUE,1
SR_SM_MX_001,71,72,4.048,0.411595776,0.9306,1.838542975,9.834891999,4.466865512,0,0,TRUE,1
SR_SM_MX_001,72,73,5.709,0.375077625,0.615,4.584757022,15.22084928,12.22348846,0.000325521,0.001953125,TRUE,1
SR_SM_MX_001,73,74,4.451,0.355822509,0.60545,2.00534503,12.50904563,5.635801501,0,0,TRUE,1
SR_SM_MX_001,74,75,2.466,0.276931452,0.568,3.400118284,8.904730675,12.27783357,0,0.002278646,TRUE,1
SR_SM_MX_001,75,76,3.582,0.628280772,0.6146,3.351585209,5.701272676,5.334534109,0,0,TRUE,1
SR_SM_MX_001,76,77,4.953,0.268795923,0.60695,2.22265177,18.42661874,8.268919195,0.000651042,0,TRUE,1
SR_SM_MX_001,77,78,4.943,0.280495108,0.8039,2.480061001,17.62241071,8.841726388,0.000325521,0,TRUE,1
SR_SM_MX_001,78,79,3.636,0.390645841,0.7322,1.274399994,9.307663418,3.262289934,0,0,TRUE,1
SR_SM_MX_001,79,80,3.45,0.324710294,0.6175,0.918206717,10.62485563,2.827772119,0,0,TRUE,1
SR_SM_MX_001,80,81,4.647,0.429765764,0.575,3.429639752,10.81286688,7.980253518,0,0,TRUE,1
SR_SM_MX_001,81,82,3.414,0.296259954,0.575,2.217513695,11.52366343,7.485026794,0,0,TRUE,1
SR_SM_MX_001,82,83,4.213,0.259202727,0.65,3.381434486,16.25368702,13.04552049,0.000325521,0.015950521,TRUE,1
SR_SM_MX_001,83,84,3.095,0.43308333,0.606,1.518014117,7.146430685,3.505131719,0,0,TRUE,1
SR_SM_MX_001,84,85,3.482,0.352791532,0.75985,1.464006417,9.869851409,4.149777657,0,0,TRUE,1
SR_SM_MX_001,85,86,5.679,0.2603296,0.58,3.586997398,21.81465342,13.77867671,0.004231771,0.055013021,TRUE,1
SR_SM_MX_001,86,87,4.903,0.308144152,0.594,4.245397919,15.91138422,13.77731134,0.000325521,0.055013021,TRUE,1
SR_SM_MX_001,87,88,1.617,0.329229118,0.8983,1.791319431,4.911473228,5.44095079,0,0,TRUE,1
SR_SM_MX_001,88,89,7.368,0.393787437,0.607,2.443143111,18.71060197,6.204218011,0.000976563,0,TRUE,1
SR_SM_MX_001,89,90,4.12,0.228474004,0.58105,4.328494548,18.03268614,18.94523875,0.000651042,0.614583333,TRUE,1
SR_SM_MX_001,90,91,3.778,0.315372895,0.6031,1.820738128,11.97946956,5.773286652,0,0,TRUE,1
SR_SM_MX_001,91,92,4.567,0.27561141,0.675,2.459618768,16.57043156,8.924226946,0.000325521,0,TRUE,1
SR_SM_MX_001,92,93,4.562,0.374368341,0.715,2.303288065,12.18585949,6.152464865,0,0,TRUE,1
SR_SM_MX_001,93,94,3.477,0.420018116,0.6164,2.019529677,8.278214371,4.808196604,0,0,TRUE,1
SR_SM_MX_001,94,95,5.501,0.280100599,0.6399,1.315820263,19.63937249,4.69767029,0.001953125,0,TRUE,1
SR_SM_MX_002,1,1,16.202,0.330223451,1.2011,5.414307003,49.06374739,16.39588885,0.44921875,0.363606771,FALSE,0
SR_SM_MX_002,2,2,15.252,0.242338487,1.743,4.607824096,62.93676335,19.01400044,0.776692708,0.618489583,FALSE,0
SR_SM_MX_002,3,13,10.107,0.215776026,0.696,4.567345402,46.84023603,21.16706606,0.383138021,0.729166667,FALSE,0
SR_SM_MX_002,4,35,13.831,0.268534705,2.887,4.014507543,51.50544687,14.94967862,0.522135417,0.17578125,FALSE,0
SR_SM_MX_002,5,45,12.805,0.228504061,3.138,3.995223915,56.03839136,17.48425781,0.639322917,0.486653646,FALSE,0
SR_SM_MX_002,6,46,10.227,0.186341553,2.84445,2.989222196,54.88308874,16.04162971,0.61328125,0.319335938,FALSE,0
SR_SM_MX_002,7,57,7.83,0.22344538,0.66065,3.599011035,35.04212084,16.10689394,0.100585938,0.32421875,FALSE,0
SR_SM_MX_002,8,59,12.648,0.231192216,1.1024,4.339337785,54.70772433,18.769394,0.606770833,0.607096354,FALSE,0
SR_SM_MX_002,9,67,12.913,0.302717756,2.244,5.268998449,42.65689652,17.40564715,0.268554688,0.478190104,FALSE,0
SR_SM_MX_002,10,76,10.259,0.184321053,1.3218,2.831660494,55.65831917,15.36265363,0.6328125,0.231445313,FALSE,0
SR_SM_MX_002,11,87,9.888,0.250218246,0.707,4.920956247,39.51750179,19.66665628,0.190755208,0.655273438,FALSE,0
SR_SM_MX_002,12,94,9.603,0.243393188,0.789,4.337761257,39.45467855,17.82203229,0.187825521,0.51953125,FALSE,0
SR_SM_MX_002,13,16,10.81,0.201025354,1.404,4.882078353,53.77431158,24.28588367,0.581054688,0.872395833,FALSE,1
SR_SM_MX_002,14,20,9.128,0.192195608,1.044,4.845468524,47.49328101,25.21113039,0.400065104,0.899739583,FALSE,1
SR_SM_MX_002,15,22,10.427,0.255174897,1.0141,4.293010372,40.86216998,16.82379587,0.22265625,0.41796875,FALSE,1
SR_SM_MX_002,16,24,12.27,0.270694543,0.6249,5.0503416,45.32784386,18.656976,0.340169271,0.598958333,FALSE,1
SR_SM_MX_002,17,10,12.601,0.178361643,3.6349,2.849174043,70.64859793,15.97414105,0.877929688,0.311523438,FALSE,2
SR_SM_MX_002,18,15,14.084,0.309922818,0.729,4.858309984,45.44357241,15.6758706,0.34375,0.270182292,FALSE,2
SR_SM_MX_002,19,3,14.826,0.375101474,4.111,5.42743758,39.52530454,14.46925153,0.190755208,0.1171875,FALSE,3
SR_SM_MX_002,20,1,6.204,0.6711145,0.5984,2.107249832,9.244324178,3.139925946,0,0,TRUE,5
SR_SM_MX_002,21,2,11.043,0.381428265,0.602,10.14349986,28.95170863,26.59346668,0.033528646,0.927734375,TRUE,5
SR_SM_MX_002,22,3,3.136,0.297287681,0.6,1.787766612,10.54870483,6.013591292,0,0,TRUE,5
SR_SM_MX_002,23,4,3.844,0.253143179,0.6307,1.07276551,15.18508226,4.237781611,0.000325521,0,TRUE,5
SR_SM_MX_002,24,5,2.123,0.320997136,0.5692,0.718813399,6.613766171,2.239314057,0,0,TRUE,5
SR_SM_MX_002,25,6,2.165,0.292233163,0.5725,1.984631471,7.408467883,6.791260283,0,0,TRUE,5
SR_SM_MX_002,26,7,2.416,0.300900312,0.573,0.632796405,8.029237277,2.103010134,0,0,TRUE,5
SR_SM_MX_002,27,8,9.375,0.373935039,1.678,4.689143941,25.07119958,12.53999612,0.013020833,0.005208333,TRUE,5
SR_SM_MX_002,28,9,6.447,0.297959738,1.0322,1.700409001,21.63715152,5.706841505,0.004231771,0,TRUE,5
SR_SM_MX_002,29,10,2.452,0.28942756,0.6733,0.878709655,8.471895342,3.036026195,0,0,TRUE,5
SR_SM_MX_002,30,11,2.372,0.268997124,0.9592,3.050009306,8.817938146,11.33844579,0,0.000325521,TRUE,5
SR_SM_MX_002,31,12,2.519,0.690168348,0.6175,0.643606052,3.649834142,0.932534872,0,0,TRUE,5
SR_SM_MX_003,1,4,12.901,0.206951262,0.713,4.010419495,62.33834889,19.37856985,0.767903646,0.636393229,FALSE,0
SR_SM_MX_003,2,17,15.407,0.268216513,3.3864,4.67788511,57.44239921,17.44070513,0.670247396,0.480794271,FALSE,0
SR_SM_MX_003,3,32,9.006,0.18007161,0.995,3.521649417,50.01343634,19.55693859,0.474934896,0.648763021,FALSE,0
SR_SM_MX_003,4,39,15.247,0.377858394,0.94,6.607304353,40.35109515,17.48619182,0.209309896,0.486653646,FALSE,0
SR_SM_MX_003,5,42,17.823,0.329116704,1.198,7.708409322,54.15404251,23.42150738,0.590494792,0.827148438,FALSE,0
SR_SM_MX_003,6,43,6.712,0.181406024,0.695,2.915230417,36.99987388,16.07019633,0.136393229,0.322591146,FALSE,0
SR_SM_MX_003,7,65,11.36,0.248151106,1.487,4.734927728,45.7785588,19.08082459,0.354166667,0.619466146,FALSE,0
SR_SM_MX_003,8,82,10.547,0.249204841,1.3421,4.036409277,42.32261281,16.19715435,0.258463542,0.339192708,FALSE,0
SR_SM_MX_003,9,85,14.442,0.292358432,1.1195,5.333827257,49.39826736,18.24413688,0.45703125,0.5625,FALSE,0
SR_SM_MX_003,10,87,17.473,0.326226716,1.231,5.432869329,53.56091076,16.65366161,0.577799479,0.393880208,FALSE,0
SR_SM_MX_003,11,3,18.242,0.382851143,5.62315,6.39581238,47.6477616,16.70574189,0.408203125,0.40234375,FALSE,1
SR_SM_MX_003,12,30,15.181,0.218967142,1.482,3.712458089,69.3300366,16.95440717,0.864908854,0.433268229,FALSE,1
SR_SM_MX_003,13,33,13.599,0.284100816,0.782,5.415404687,47.86681072,19.06155976,0.412760417,0.619466146,FALSE,1
SR_SM_MX_003,14,12,11.435,0.310435997,0.59,6.620600071,36.83529013,21.32677958,0.134114583,0.735677083,FALSE,3
SR_SM_MX_003,15,2,18.606,0.489169031,3.00715,7.968989636,38.03593201,16.29087112,0.159830729,0.352539063,FALSE,4
SR_SM_MX_003,16,1,4.7,0.240768259,0.7017,2.16578162,19.5208456,8.995295448,0.001627604,0,TRUE,6
SR_SM_MX_003,17,2,2.739,0.422105296,0.863,5.326562353,6.488902241,12.61903702,0,0.005859375,TRUE,6
SR_SM_MX_003,18,3,15.608,0.319167484,0.6978,3.523337795,48.90222468,11.03915021,0.446614583,0.000325521,TRUE,6
SR_SM_MX_003,19,4,14.097,0.438909746,1.7194,3.624736344,32.11822047,8.258500464,0.059570313,0,TRUE,6
SR_SM_MX_003,20,5,20.935,0.434695664,4.1045,6.19674454,48.16013067,14.25536311,0.422200521,0.093098958,TRUE,6
SR_SM_MX_003,21,6,6.119,0.375622414,0.593,3.023601729,16.29029519,8.049577496,0.000325521,0,TRUE,6
SR_SM_MX_003,22,7,2.413,0.291846177,0.5625,3.974175695,8.268054168,13.61736424,0,0.045247396,TRUE,6
SR_SM_MX_003,23,9,2.175,0.369729794,1.018,3.749328659,5.882674419,10.14072634,0,0,TRUE,6
SR_SM_MX_003,24,10,3.421,0.330124483,0.60055,1.764807743,10.36275763,5.345885677,0,0,TRUE,6
SR_SM_MX_003,25,11,2.83,0.400126387,0.58,1.609943819,7.07276524,4.023588225,0,0,TRUE,6
SR_SM_MX_003,26,12,4.238,0.239501745,0.58745,4.198881204,17.69506938,17.5317353,0.000325521,0.491210938,TRUE,6
SR_SM_MX_003,27,13,2.737,0.402178121,0.591,5.567279989,6.805442303,13.84282161,0,0.058919271,TRUE,6
SR_SM_MX_003,28,14,2.031,0.213597838,0.6561,1.901489653,9.5085232,8.902195212,0,0,TRUE,6
SR_SM_MX_003,29,15,3.65,0.288819336,0.614,4.998582418,12.63765803,17.30695213,0,0.465494792,TRUE,6
SR_SM_MX_003,30,16,5.128,0.425149571,0.582,4.909573801,12.06163749,11.5478743,0,0.000325521,TRUE,6
SR_SM_MX_004,1,2,12.808,0.319679661,1.42175,6.775583121,40.06510759,21.19491464,0.205403646,0.729166667,FALSE,0
SR_SM_MX_004,2,26,16.475,0.368267918,0.937,6.094167898,44.73645186,16.54819112,0.326171875,0.380533854,FALSE,0
SR_SM_MX_004,3,42,15.9,0.314646071,2.48645,4.90564066,50.53296852,15.59098019,0.4921875,0.261393229,FALSE,0
SR_SM_MX_004,4,51,16.462,0.357268576,1.06,5.198585246,46.07738015,14.55091657,0.36328125,0.127929688,FALSE,0
SR_SM_MX_004,5,60,15.828,0.253686964,2.3518,4.264384262,62.39185393,16.80963103,0.767903646,0.413736979,FALSE,0
SR_SM_MX_004,6,20,16.268,0.374191134,0.597,7.213843623,43.47510813,19.2784996,0.294270833,0.630533854,FALSE,1
SR_SM_MX_004,7,8,16.894,0.291473871,2.086,5.438402471,57.96059855,18.65828474,0.681640625,0.598958333,FALSE,2
SR_SM_MX_004,8,11,16.631,0.350108055,1.8022,6.314646692,47.50247742,18.03627935,0.400716146,0.543294271,FALSE,2
SR_SM_MX_004,9,1,13.328,0.260969945,1.67225,4.073317277,51.07101512,15.60837697,0.506835938,0.262044271,FALSE,3
SR_SM_MX_004,10,1,8.485,0.222156582,0.90095,3.538821226,38.19378165,15.92940073,0.163736979,0.305664063,FALSE,5
SR_SM_MX_004,11,2,5.812,0.32541147,0.564,9.428060903,17.86046447,28.97273688,0.000325521,0.934895833,TRUE,7
SR_SM_MX_004,12,3,8.929,0.364737886,0.568,14.34645608,24.48059369,39.33360536,0.010416667,0.960286458,TRUE,7
SR_SM_MX_004,13,4,3.036,0.309579016,0.6828,3.534708482,9.806866242,11.41779094,0,0.000325521,TRUE,7
SR_SM_MX_004,14,5,8.873,0.243897057,1.6147,2.258889682,36.38010282,9.261652081,0.122395833,0,TRUE,7
SR_SM_MX_004,15,6,9.937,0.242627788,1.4525,6.622643293,40.95573756,27.29548563,0.224934896,0.930338542,TRUE,7
SR_SM_MX_004,16,7,2.524,0.213792273,0.69,3.697106661,11.8058523,17.29298541,0,0.465494792,TRUE,7
SR_SM_MX_004,17,8,7.885,0.598000253,1.08035,3.522138103,13.18561316,5.889860561,0,0,TRUE,7
SR_SM_MX_004,18,9,5.595,0.241844954,0.922,2.517941514,23.13465671,10.41138741,0.005859375,0,TRUE,7
SR_SM_MX_004,19,10,3.06,0.267284347,0.793,2.894229215,11.44848186,10.82827799,0,0,TRUE,7
SR_SM_MX_004,20,11,10.909,0.535429153,0.6518,4.642911581,20.37431085,8.671383611,0.002604167,0,TRUE,7
SR_SM_MX_006,1,7,6.802,0.168745098,0.72435,3.191042519,40.30931905,18.9104309,0.208007813,0.614257813,FALSE,0
SR_SM_MX_006,2,8,15.445,0.313201017,2.6929,5.623126581,49.3133776,17.95373029,0.456054688,0.537434896,FALSE,0
SR_SM_MX_006,3,20,10.58,0.239902669,0.998,4.926418801,44.10121838,20.53507291,0.309895833,0.702148438,FALSE,0
SR_SM_MX_006,4,27,6.207,0.150485915,0.633,3.056799157,41.24638512,20.31285891,0.231119792,0.69140625,FALSE,0
SR_SM_MX_006,5,63,16.172,0.424853205,3.2041,8.046911566,38.0649123,18.94045159,0.160481771,0.614583333,FALSE,0
SR_SM_MX_006,6,86,8.344,0.152740549,0.8825,3.19243125,54.62858468,20.90100682,0.603190104,0.71875,FALSE,0
SR_SM_MX_006,7,10,16.321,0.351626838,1.357,5.89613547,46.4156834,16.7681611,0.373046875,0.410807292,FALSE,1
SR_SM_MX_006,8,20,15.35,0.405863697,1.05715,5.832783086,37.82057895,14.37128555,0.154947917,0.104492188,FALSE,1
SR_SM_MX_006,9,28,11.432,0.272037829,0.697,6.045997781,42.02356728,22.22484207,0.25,0.770507813,FALSE,1
SR_SM_MX_006,10,46,19.416,0.322363236,4.30105,4.720729501,60.23019321,14.64413113,0.730794271,0.137044271,FALSE,1
SR_SM_MX_006,11,1,4.041,0.244603278,0.6938,3.408601412,16.52062897,13.93522377,0.000325521,0.065755208,TRUE,3
SR_SM_MX_006,12,2,6.343,0.364299986,0.611,5.958218437,17.41147471,16.35525298,0.000325521,0.360026042,TRUE,3
SR_SM_MX_006,13,3,3.451,0.400933393,0.558,4.51200601,8.607414742,11.25375458,0,0.000325521,TRUE,3
SR_SM_MX_006,14,4,6.817,0.255239825,0.7435,3.463331422,26.70821449,13.56893039,0.01953125,0.041015625,TRUE,3
SR_SM_MX_006,15,5,4.788,0.273543622,0.60615,3.42155079,17.50360678,12.50824553,0.000325521,0.004557292,TRUE,3
SR_SM_MX_006,16,6,5.25,0.377611437,0.611,4.478215219,13.90318057,11.85932092,0,0.000976563,TRUE,3
SR_SM_MX_006,17,7,3.101,0.318031775,0.6202,4.005460521,9.75059802,12.59452932,0,0.005859375,TRUE,3
SR_SM_MX_006,18,8,3.704,0.316293437,0.5766,2.562352074,11.7106445,8.101186348,0,0,TRUE,3
SR_SM_MX_006,19,9,2.033,0.232283892,0.7803,4.28639092,8.752221197,18.45324223,0,0.580078125,TRUE,3
SR_SM_MX_006,20,10,2.321,0.302270647,0.93155,3.788614761,7.678549084,12.53384938,0,0.005208333,TRUE,3
SR_SM_MX_006,21,11,18.362,0.564501396,0.913,5.371882879,32.52782037,9.516155175,0.066080729,0,TRUE,3
SR_SM_MX_006,22,13,3.391,0.279912459,0.603,2.744368805,12.11450182,9.804382449,0,0,TRUE,3
SR_SM_MX_006,23,14,4.156,0.277623753,0.584,5.675271163,14.96990067,20.44231126,0,0.6953125,TRUE,3
SR_SM_MX_006,24,15,2.57,0.218850337,0.56785,2.827267661,11.743185,12.91872653,0,0.01171875,TRUE,3
SR_SM_MX_006,25,16,3.817,0.252316349,0.601,4.740504061,15.1278346,18.78793853,0.000325521,0.607096354,TRUE,3
SR_SM_MX_006,26,17,2.917,0.187384888,0.5985,3.470860753,15.56689029,18.52262892,0.000325521,0.584309896,TRUE,3
SR_SM_MX_006,27,18,3.556,0.221217893,0.56475,4.658726674,16.07464906,21.05944779,0.000325521,0.724934896,TRUE,3
SR_SM_MX_006,28,19,5.2,0.246612658,0.59245,6.829790054,21.08569786,27.69440183,0.003255208,0.930664063,TRUE,3
SR_SM_MX_006,29,20,2.603,0.258102791,0.57255,3.699687121,10.08512923,14.33416163,0,0.103190104,TRUE,3
SR_SM_MX_006,30,21,3.307,0.257404475,0.81455,4.680015612,12.84748449,18.18156274,0,0.555989583,TRUE,3
SR_SM_MX_006,31,22,5.347,0.330037397,0.645,4.550201268,16.20119433,13.78692631,0.000325521,0.055013021,TRUE,3
SR_SM_MX_006,32,23,2.692,0.326125499,0.606,2.038584435,8.254491,6.250920086,0,0,TRUE,3
SR_SM_MX_006,33,24,3.121,0.353754146,0.6468,2.249635059,8.822511445,6.359317865,0,0,TRUE,3
SR_SM_MX_006,34,25,7.76,0.503149242,0.9247,4.898714197,15.42285936,9.736105681,0.000325521,0,TRUE,3
SR_SM_MX_006,35,26,6.214,0.263323855,0.59,3.674317052,23.59831776,13.95360498,0.006184896,0.065755208,TRUE,3
SR_SM_MX_006,36,27,4.907,0.301642279,0.5933,3.807464494,16.26761347,12.62244971,0.000325521,0.005859375,TRUE,3
SR_SM_MX_008,1,56,8.747,0.158833835,1.34215,2.317661144,55.07013021,14.59173442,0.615559896,0.131510417,FALSE,0
SR_SM_MX_008,2,1,2.654,0.283460532,0.993,4.049361385,9.362855502,14.28545046,0,0.096679688,TRUE,1
SR_SM_MX_008,3,2,9.037,0.272793821,0.811,5.791723447,33.12758314,21.23113865,0.07421875,0.729492188,TRUE,1
SR_SM_MX_008,4,3,2.504,0.427906742,0.79,5.375302156,5.851742342,12.56185432,0,0.005533854,TRUE,1
SR_SM_MX_008,5,5,2.688,0.171337168,0.59265,0.751160749,15.6883648,4.384108574,0.000325521,0,TRUE,1
SR_SM_MX_008,6,6,4.62,0.451102632,0.593,3.136096406,10.2415718,6.952068511,0,0,TRUE,1
SR_SM_MX_008,7,7,6.415,0.470913779,1.093,3.110314901,13.62245127,6.604850065,0,0,TRUE,1
SR_SM_MX_008,8,8,2.21,0.367317866,0.907,11.41393879,6.016587279,31.07373709,0,0.941080729,TRUE,1
SR_SM_MX_008,9,9,5.494,0.323154898,0.732,2.845203427,17.00113484,8.804457063,0.000325521,0,TRUE,1
SR_SM_MX_008,10,10,4.139,0.18796227,0.832,5.06994001,22.02037678,26.97317934,0.004231771,0.929361979,TRUE,1
SR_SM_MX_008,11,11,2.857,0.268503577,0.57,2.045244437,10.64045414,7.617196231,0,0,TRUE,1
SR_SM_MX_008,12,13,7.926,0.256385711,0.5556,8.445063635,30.91435932,32.93890129,0.047526042,0.9453125,TRUE,1
SR_SM_MX_008,13,14,2.933,0.268152009,0.969,3.848056285,10.93782596,14.35027955,0,0.103190104,TRUE,1
SR_SM_MX_008,14,15,5.702,0.572525278,0.667,5.422260632,9.959385575,9.470779432,0,0,TRUE,1
SR_SM_MX_008,15,16,2.436,0.21620255,0.9958,4.785156516,11.26721215,22.1327478,0,0.770507813,TRUE,1
SR_SM_MX_008,16,17,7.718,0.475354846,0.59,5.802888303,16.23629183,12.20748742,0.000325521,0.001627604,TRUE,1
SR_SM_MX_008,17,18,2.446,0.464305295,0.6588,1.763340223,5.268085517,3.79780339,0,0,TRUE,1
SR_SM_MX_008,18,19,4.809,0.29961377,0.77585,1.365752313,16.05066415,4.558376315,0.000325521,0,TRUE,1
SR_SM_MX_008,19,20,2.616,0.315202223,0.8897,7.732510788,8.29943385,24.53190435,0,0.878255208,TRUE,1
SR_SM_MX_008,20,21,2.049,0.227510299,0.994,9.259650777,9.006185694,40.69991916,0,0.961914063,TRUE,1
SR_SM_MX_008,21,22,5.571,0.31031984,0.681,2.148528013,17.95244543,6.923592157,0.000325521,0,TRUE,1
SR_SM_MX_008,22,23,8.13,0.249113901,1.883,3.154502176,32.6356737,12.66289098,0.06640625,0.006510417,TRUE,1
