Plot Name,Unique_treeID,treeID,HT.m.,DBH.m.,CBH.m.,CW.m.,Ht-DBH_ratio,CW-DBH_ratio,Ht-DBH_Quant,CW-DBH_Quant,flag,Segmentation_Attempt
BD_001_C,1,1,10.718,0.174016679,4.238,2.739184761,61.59179721,15.74093229,0.75390625,0.278971354,FALSE,0
BD_001_C,2,11,14.649,0.410091937,3.27005,6.107651685,35.72125826,14.89337178,0.111653646,0.166992188,FALSE,0
BD_001_C,3,13,14.415,0.341842146,2.254,5.76306854,42.16858617,16.85885899,0.254882813,0.419921875,FALSE,0
BD_001_C,4,1,8.421,0.257255376,1.8327,2.322115501,32.73400985,9.026499429,0.068684896,0,TRUE,1
BD_002_C,1,5,9.478,0.226924807,1.3765,4.217069603,41.76713917,18.58355487,0.243164063,0.595052083,FALSE,1
BD_002_C,2,7,10.529,0.220264038,1.655,5.512844958,47.8017206,25.02834784,0.412109375,0.892252604,FALSE,1
BD_002_C,3,6,9.628,0.212261666,1.701,4.546797728,45.35910883,21.42072009,0.340820313,0.735677083,FALSE,2
BD_002_C,4,4,9.563,0.237845034,2.62475,3.836724295,40.20685164,16.13119361,0.205729167,0.329101563,FALSE,3
BD_002_C,5,1,7.755,0.242053764,0.821,4.768578622,32.03833672,19.70049356,0.059244792,0.662760417,TRUE,5
BD_002_C,6,2,9.848,0.327172946,2.001,5.976440525,30.10028833,18.26691541,0.040364583,0.5625,TRUE,5
BD_002_C,7,3,10.367,0.337395311,1.93985,6.353803397,30.72656814,18.83192563,0.045247396,0.611328125,TRUE,5
BD_003_C,1,2,9.477,0.177915441,2.0939,3.661586833,53.26687747,20.58048931,0.568359375,0.702799479,FALSE,0
BD_003_C,2,4,13.321,0.347785875,5.62725,6.20149835,38.30230313,17.83136924,0.164713542,0.5234375,FALSE,0
BD_003_C,3,5,15.603,0.321213792,6.66575,4.94860104,48.57512474,15.40594199,0.43359375,0.237630208,FALSE,0
BD_003_C,4,8,11.307,0.310668612,3.682,5.474265969,36.39569487,17.62091747,0.122721354,0.499023438,FALSE,0
BD_003_C,5,1,11.448,0.404443073,2.0532,5.680466831,28.30559047,14.04515791,0.028320313,0.074869792,TRUE,1
BD_003_C,6,2,11.502,0.297247778,3.14435,3.615016569,38.69499067,12.16162688,0.172851563,0.001627604,TRUE,1
BD_004_C,1,5,16.624,0.303641127,2.672,6.756156105,54.74884174,22.25046447,0.609375,0.777669271,FALSE,0
BD_004_C,2,6,13.354,0.297002581,3.2558,4.390184392,44.96257224,14.78163718,0.331054688,0.151692708,FALSE,0
BD_004_C,3,16,14.145,0.299153729,2.84545,6.343612048,47.28338179,21.20519126,0.393554688,0.729166667,FALSE,0
BD_004_C,4,22,6.258,0.172173071,1.4718,2.473940637,36.34714748,14.36891742,0.12109375,0.104492188,FALSE,0
BD_004_C,5,29,9.11,0.175555018,1.5152,2.976586607,51.89256381,16.95529204,0.531901042,0.433268229,FALSE,0
BD_004_C,6,1,11.888,0.405936554,1.5246,3.265296724,29.28536461,8.043859784,0.03515625,0,TRUE,1
BD_004_C,7,2,5.264,0.497180473,0.92795,1.895883187,10.58770463,3.813269605,0,0,TRUE,1
BD_004_C,8,3,8.887,0.255224894,0.5612,4.426795348,34.82027112,17.34468484,0.097005208,0.470703125,TRUE,1
BD_004_C,9,4,12.482,0.288783743,1.1322,3.240112731,43.22265472,11.2198585,0.285481771,0.000325521,TRUE,1
BD_004_C,10,5,10.578,0.245980084,1.4099,3.397275623,43.0034816,13.81118168,0.280273438,0.056315104,TRUE,1
BD_004_C,11,6,2.269,0.231346982,0.83345,0.97934569,9.807778674,4.233233041,0,0,TRUE,1
BD_004_C,12,7,12.217,0.439733066,1.91705,3.816687615,27.78276401,8.679555643,0.025065104,0,TRUE,1
BD_004_C,13,8,10.379,0.472596676,1.6381,5.786758646,21.9616441,12.24460294,0.004231771,0.002278646,TRUE,1
BD_004_C,14,9,6.203,0.297814466,1.415,2.262757147,20.82840394,7.597875199,0.003255208,0,TRUE,1
BD_004_C,15,10,3.116,0.28753981,0.574,2.572480919,10.83676031,8.946520895,0,0,TRUE,1
BD_004_C,16,11,15.091,0.472252976,1.932,5.589717574,31.95533065,11.83627813,0.058268229,0.000976563,TRUE,1
BD_005_C,1,3,7.906,0.160197209,1.642,2.864645595,49.35167123,17.88199438,0.456705729,0.52734375,FALSE,0
BD_005_C,2,7,6.945,0.188694016,0.852,3.658935831,36.80561864,19.39084188,0.133789063,0.641601563,FALSE,0
BD_005_C,3,1,3.421,0.262826292,0.9284,1.351458885,13.01620161,5.142023184,0,0,TRUE,1
BD_005_C,4,2,6.686,0.297470809,0.7821,4.126865279,22.47615499,13.87317733,0.004882813,0.061523438,TRUE,1
BD_005_C,5,3,4.438,0.263208176,0.5982,2.935638612,16.86117838,11.15329569,0.000325521,0.000325521,TRUE,1
BD_005_C,6,4,5.642,0.562499018,0.9588,3.235113941,10.03023972,5.751323709,0,0,TRUE,1
BD_005_C,7,5,5.206,0.753405285,1.0716,2.106512405,6.909959494,2.795988358,0,0,TRUE,1
BD_005_C,8,6,3.576,0.416663158,0.60705,2.406326579,8.582472269,5.775232422,0,0,TRUE,1
BD_005_C,9,7,4.327,0.255238117,0.58995,4.540918128,16.95279709,17.79090909,0.000325521,0.51953125,TRUE,1
BD_005_C,10,8,7.775,0.438157805,0.8646,3.464481743,17.7447484,7.906926927,0.000325521,0,TRUE,1
BD_005_C,11,9,7.958,0.402224739,1.4783,5.08149901,19.78495909,12.63348204,0.002278646,0.006184896,TRUE,1
BD_005_C,12,10,4.374,0.258595358,1.4137,3.784410462,16.91445678,14.63448724,0.000325521,0.137044271,TRUE,1
BD_005_C,13,11,6.143,0.741258344,0.73375,6.4935278,8.287259162,8.760141258,0,0,TRUE,1
BD_005_C,14,12,2.508,0.28462254,0.7185,1.657292089,8.811670359,5.822771759,0,0,TRUE,1
BGT_MX_001_C,1,1,6.954,0.388134827,0.871,7.949639928,17.91645458,20.48164549,0.000325521,0.6953125,TRUE,1
BGT_MX_001_C,2,2,6.505,0.277702888,0.679,1.935984145,23.42431528,6.971422445,0.005859375,0,TRUE,1
BGT_MX_001_C,3,3,2.009,0.48785855,0.6886,3.55034997,4.117996905,7.27741672,0,0,TRUE,1
BGT_MX_001_C,4,4,11.634,0.228086383,0.65,6.175721597,51.00699052,27.07623972,0.505859375,0.929361979,TRUE,1
BGT_MX_001_C,5,5,9.05,0.618412751,0.575,6.002545686,14.634239,9.706374387,0,0,TRUE,1
BGT_MX_001_C,6,6,10.403,0.332373497,1.16425,3.416761278,31.29912608,10.27988484,0.050455729,0,TRUE,1
BGT_MX_001_C,7,7,1.63,0.358480154,1.081,2.771830523,4.546974163,7.732172867,0,0,TRUE,1
BGT_MX_001_C,8,8,6.311,0.229291411,0.6112,3.394705142,27.52392677,14.80519977,0.024739583,0.153971354,TRUE,1
BGT_MX_001_C,9,9,7.685,0.414621305,0.723,4.037104917,18.53498579,9.736848699,0.000651042,0,TRUE,1
BGT_MX_001_C,10,10,10.225,0.459248004,1.1083,2.93325751,22.26465858,6.387088213,0.004557292,0,TRUE,1
BGT_MX_003_C,1,1,13.27,0.285187264,4.0939,4.677547319,46.5308297,16.40166976,0.375651042,0.365234375,FALSE,0
BGT_MX_003_C,2,3,14.131,0.334811622,4.1972,5.995721888,42.20582278,17.90774718,0.255208333,0.52734375,FALSE,0
BGT_MX_003_C,3,5,11.62,0.252027026,2.388,4.627295172,46.10616638,18.36031335,0.36328125,0.573242188,FALSE,0
BGT_MX_003_C,4,7,11.52,0.223824926,4.073,4.865421414,51.46879839,21.73762099,0.522135417,0.749674479,FALSE,0
BGT_MX_003_C,5,9,11.878,0.248579055,0.8274,3.598138255,47.78359149,14.47482476,0.411458333,0.1171875,FALSE,0
BGT_MX_003_C,6,12,9.615,0.223856254,3.6167,4.029233925,42.9516702,17.99920194,0.277994792,0.538736979,FALSE,0
BGT_MX_003_C,7,13,13.191,0.249897551,4.548,3.813745397,52.78563126,15.26123556,0.556640625,0.222005208,FALSE,0
BGT_MX_003_C,8,16,12.513,0.274856414,3.9393,4.88098718,45.52558856,17.75831648,0.34765625,0.517578125,FALSE,0
BGT_MX_003_C,9,1,12.034,0.26715288,0.58,7.321168082,45.04536875,27.40441382,0.334635417,0.930664063,TRUE,1
BGT_MX_003_C,10,2,14.206,0.637305544,3.196,9.182002208,22.29072088,14.40753544,0.004557292,0.107096354,TRUE,1
BGT_MX_004_C,1,8,8.84,0.140609994,0.89,3.158862462,62.86893111,22.46541929,0.776041667,0.787434896,FALSE,0
BGT_MX_004_C,2,21,8.212,0.185471325,2.5985,2.726571417,44.2763861,14.70077067,0.313802083,0.145507813,FALSE,0
BGT_MX_004_C,3,1,9.035,0.23869933,1.601,3.30142061,37.85096511,13.83087508,0.15625,0.05859375,TRUE,1
BGT_MX_004_C,4,2,8.128,0.515110748,1.228,3.237352966,15.77913105,6.284770755,0.000325521,0,TRUE,1
BGT_MX_004_C,5,3,8.109,0.3308441,0.647,6.878509535,24.51003356,20.79078795,0.010416667,0.713216146,TRUE,1
BGT_MX_004_C,6,4,2.007,0.371088193,0.5691,2.838549206,5.408417834,7.649257673,0,0,TRUE,1
BGT_MX_004_C,7,5,7.736,0.322647298,0.613,7.879680293,23.97664583,24.42196273,0.007161458,0.877604167,TRUE,1
BGT_MX_004_C,8,6,10.458,0.46424167,1.66235,4.300032121,22.52706011,9.262486333,0.004882813,0,TRUE,1
BGT_MX_004_C,9,7,2.438,0.517141562,0.55985,3.724369413,4.714376451,7.201837348,0,0,TRUE,1
BGT_MX_004_C,10,8,2.648,0.203780282,0.963,7.753814616,12.99438774,38.04987672,0,0.956054688,TRUE,1
BGT_MX_004_C,11,9,7.551,0.40516058,0.569,5.738765609,18.63705495,14.16417561,0.000976563,0.083333333,TRUE,1
BGT_MX_005_C,1,21,7.084,0.138655711,1.661,2.113551322,51.09057514,15.24316101,0.5078125,0.215169271,FALSE,0
BGT_MX_005_C,2,22,6.257,0.132308856,1.1794,2.266756476,47.29086319,17.13231107,0.393554688,0.452148438,FALSE,0
BGT_MX_005_C,3,31,8.21,0.175212144,2.983,2.721004884,46.85748255,15.52977331,0.383138021,0.255859375,FALSE,0
BGT_MX_005_C,4,38,11.797,0.297964112,0.673,4.592435285,39.59201635,15.4127128,0.192708333,0.241210938,FALSE,0
BGT_MX_005_C,5,49,13.023,0.290282725,0.8,4.28679963,44.8631588,14.76767047,0.330403646,0.151041667,FALSE,0
BGT_MX_005_C,6,69,7.48,0.17592468,2.0551,2.921607916,42.51819589,16.6071521,0.264973958,0.38671875,FALSE,0
BGT_MX_005_C,7,18,11.293,0.169524677,2.7784,2.552439694,66.61567028,15.05644922,0.831380208,0.190755208,FALSE,1
BGT_MX_005_C,8,1,12.026,0.242899495,1.51195,4.233030715,49.5101893,17.42708731,0.459960938,0.480794271,FALSE,2
BGT_MX_005_C,9,8,9.479,0.257364429,0.8204,4.808607779,36.8310416,18.6840419,0.133789063,0.603190104,FALSE,3
BGT_MX_005_C,10,1,10.312,0.301827458,1.9384,3.298737322,34.165215,10.92921546,0.086914063,0.000325521,TRUE,5
BGT_MX_005_C,11,2,10.205,0.297022103,2.1266,4.888598985,34.35771239,16.45870436,0.08984375,0.373697917,TRUE,5
BGT_MX_005_C,12,3,7.134,0.253366642,1.3493,3.118571281,28.15682421,12.30853145,0.027018229,0.002929688,TRUE,5
BGT_MX_005_C,13,4,7.302,0.284183416,0.8582,3.29530796,25.69467319,11.59570817,0.015299479,0.000325521,TRUE,5
BGT_MX_005_C,14,5,3.009,0.515434327,0.5797,0.66257143,5.837795124,1.285462366,0,0,TRUE,5
BGT_MX_005_C,15,6,9.207,0.307155186,0.687,5.162162408,29.97507589,16.8063658,0.039388021,0.413736979,TRUE,5
BGT_MX_005_C,16,7,5.599,0.407086326,0.7822,2.284274382,13.75383954,5.611277605,0,0,TRUE,5
BGT_MX_005_C,17,8,10.207,0.209837049,0.7865,2.050449845,48.64250633,9.77162923,0.435221354,0,TRUE,5
BGT_MX_005_C,18,9,4.767,0.282108241,0.792,4.80873944,16.89776938,17.04572479,0.000325521,0.444661458,TRUE,5
BGT_MX_005_C,19,10,10.209,0.2422613,1.476,3.144502432,42.14044918,12.97979674,0.254557292,0.013997396,TRUE,5
BGT_MX_005_C,20,11,2.505,0.344724103,0.56765,0.995281598,7.266680744,2.887183082,0,0,TRUE,5
BGT_MX_005_C,21,12,5.679,0.303916818,0.603,5.382615292,18.686034,17.71081746,0.000976563,0.51171875,TRUE,5
BGT_MX_006_C,1,3,8.823,0.157285568,1.1726,2.708349183,56.09542019,17.21931151,0.639322917,0.457356771,FALSE,0
BGT_MX_006_C,2,14,11.841,0.19342724,2.1767,3.091595525,61.2168172,15.98324788,0.748697917,0.311523438,FALSE,0
BGT_MX_006_C,3,33,10.667,0.242150696,2.6172,3.492650511,44.05108125,14.42345847,0.30859375,0.109049479,FALSE,0
BGT_MX_006_C,4,38,8.011,0.200930256,0.581,4.341649229,39.86955553,21.60774248,0.196614583,0.749348958,FALSE,0
BGT_MX_006_C,5,39,7.358,0.148624611,1.12055,2.521120531,49.50727832,16.9630084,0.459960938,0.433268229,FALSE,0
BGT_MX_006_C,6,61,10.792,0.26338693,0.705,6.463113218,40.97393897,24.53847355,0.224934896,0.878255208,FALSE,0
BGT_MX_006_C,7,64,11.105,0.196406899,1.907,3.236054729,56.54078388,16.47627835,0.647135417,0.373697917,FALSE,0
BGT_MX_006_C,8,70,6.271,0.171410945,0.604,3.007570579,36.58459503,17.54596582,0.127604167,0.491210938,FALSE,0
BGT_MX_006_C,9,76,9.99,0.170555063,1.882,2.785342778,58.573459,16.33104714,0.694661458,0.358398438,FALSE,0
BGT_MX_006_C,10,78,10.858,0.173686547,0.99685,3.128939072,62.51491663,18.01486141,0.770182292,0.538736979,FALSE,0
BGT_MX_006_C,11,87,11.822,0.237128029,1.6273,4.973499857,49.85492463,20.97390124,0.468424479,0.71875,FALSE,0
BGT_MX_006_C,12,2,6.146,0.395375269,0.673,2.803990785,15.54472543,7.091973132,0.000325521,0,TRUE,1
BGT_MX_006_C,13,3,4.518,0.354768155,0.5636,2.592908525,12.73507765,7.308740904,0,0,TRUE,1
BGT_MX_006_C,14,4,2.513,0.593770774,0.6391,0.64363177,4.232272977,1.083973476,0,0,TRUE,1
BGT_MX_006_C,15,5,6.236,0.253156492,0.6742,2.113350406,24.63298475,8.348000051,0.011067708,0,TRUE,1
BGT_MX_006_C,16,6,4.224,0.406260878,0.6237,2.340070685,10.39726006,5.76001976,0,0,TRUE,1
BGT_MX_006_C,17,7,1.716,0.376707084,0.5728,1.652270014,4.555263423,4.386086922,0,0,TRUE,1
BGT_MX_006_C,18,8,6.136,0.281254785,0.6356,3.582331346,21.81651772,12.73696142,0.004231771,0.008463542,TRUE,1
BGT_MX_006_C,19,9,12.452,0.41793295,0.6559,4.285010787,29.79425288,10.25286661,0.0390625,0,TRUE,1
BGT_MX_006_C,20,10,11.812,0.528707676,1.4533,3.322064975,22.34126821,6.283368154,0.004557292,0,TRUE,1
BGT_MX_006_C,21,11,9.158,0.388545443,0.6588,3.09434014,23.56995856,7.963907935,0.005859375,0,TRUE,1
BGT_MX_006_C,22,12,2.318,0.339281371,0.6754,1.364331272,6.832087452,4.02123838,0,0,TRUE,1
BGT_MX_006_C,23,13,2.342,0.276416954,0.6834,3.964739364,8.472707497,14.34332918,0,0.103190104,TRUE,1
BGT_MX_006_C,24,14,7.922,0.461062881,0.65,4.033144112,17.18203812,8.747492536,0.000325521,0,TRUE,1
BGT_MX_006_C,25,15,9.184,0.481195327,1.1106,2.560871498,19.08580465,5.321896028,0.000976563,0,TRUE,1
BGT_MX_006_C,26,16,4.938,0.798381591,0.5938,1.27835898,6.185012351,1.601187947,0,0,TRUE,1
BGT_MX_006_C,27,17,8.238,0.221717105,0.8317,2.566957949,37.15545534,11.57762702,0.140950521,0.000325521,TRUE,1
BGT_MX_006_C,28,18,8.477,0.282967955,0.5653,4.501134482,29.9574558,15.90687004,0.039388021,0.298502604,TRUE,1
BGT_MX_006_C,29,19,7.471,0.242512022,0.676,2.486164761,30.80672013,10.25171757,0.045572917,0,TRUE,1
BGT_MX_006_C,30,20,7.968,0.597232077,0.71,3.375308307,13.3415473,5.651585772,0,0,TRUE,1
BGT_MX_006_C,31,21,10.841,0.245510228,0.819,3.504763948,44.15701972,14.27542946,0.310546875,0.093098958,TRUE,1
BGT_MX_006_C,32,22,6.354,0.413248692,0.597,3.720051264,15.37572924,9.001967419,0.000325521,0,TRUE,1
BGT_MX_006_C,33,23,6.666,0.187458607,1.4319,2.456125855,35.55985031,13.10223038,0.109049479,0.017252604,TRUE,1
BGT_MX_006_C,34,24,7.307,0.372871629,0.597,3.094182439,19.59655664,8.298251185,0.001953125,0,TRUE,1
BGT_MX_006_C,35,25,4.829,0.484670255,0.693,2.881885694,9.963475065,5.946075017,0,0,TRUE,1
BGT_MX_006_C,36,26,6.411,0.565051227,0.9509,3.417435699,11.34587396,6.048010403,0,0,TRUE,1
BGT_MX_006_C,37,27,8.209,0.24738673,1.2064,2.810487518,33.18286307,11.36070441,0.074869792,0.000325521,TRUE,1
BGT_MX_006_C,38,28,9.603,0.414218503,0.616,7.388772011,23.18341632,17.83786083,0.005859375,0.5234375,TRUE,1
BGT_MX_006_C,39,29,9.838,0.271944644,2.1325,3.437875235,36.17648004,12.64181997,0.118164063,0.006184896,TRUE,1
BGT_MX_006_C,40,30,10.483,0.377853232,0.952,3.995892073,27.74357637,10.57524915,0.024739583,0,TRUE,1
BGT_MX_006_C,41,31,2.448,0.259311877,0.57935,2.943404796,9.440369748,11.35082908,0,0.000325521,TRUE,1
BGT_MX_006_C,42,32,10.21,0.387931987,0.8634,4.0784218,26.31904651,10.51323928,0.017578125,0,TRUE,1
BGT_MX_008_C,1,1,15.567,0.437075295,2.459,7.34718887,35.61628894,16.80989283,0.110351563,0.41796875,FALSE,0
BGT_MX_008_C,2,2,15.071,0.302727328,1.6851,5.244964545,49.78407506,17.32570556,0.466145833,0.470703125,FALSE,0
BGT_MX_008_C,3,4,14.901,0.307174612,3.041,6.629117649,48.50986844,21.58094255,0.432942708,0.743164063,FALSE,0
BGT_MX_008_C,4,6,14.027,0.30236926,6.76,5.513782224,46.39029769,18.23526048,0.373046875,0.5625,FALSE,0
BGT_MX_008_C,5,15,12.629,0.339355584,0.639,6.83846535,37.21465211,20.15132702,0.142903646,0.685872396,FALSE,0
BGT_MX_008_C,6,1,15.323,0.516129913,0.638,9.121107176,29.68826187,17.67211501,0.038085938,0.508789063,TRUE,1
BGT_MX_008_C,7,2,18.312,0.433994209,2.887,5.441987425,42.19411142,12.53930886,0.254882813,0.005208333,TRUE,1
BGT_MX_008_C,8,3,10.758,0.174735822,2.08,6.552368555,61.56722686,37.49871364,0.753255208,0.956054688,TRUE,1
BGT_MX_008_C,9,4,1.468,0.322749371,0.8726,4.781533582,4.548420947,14.81500511,0,0.154947917,TRUE,1
CW_001_C,1,6,9.162,0.17139696,1.8415,3.097712901,53.45485708,18.07332464,0.57421875,0.545572917,FALSE,0
CW_001_C,2,28,11.984,0.217325588,2.6934,3.192584796,55.14306938,14.69033085,0.617513021,0.141601563,FALSE,0
CW_001_C,3,33,8.603,0.210053141,0.9921,4.119402263,40.95630264,19.61123861,0.224934896,0.654947917,FALSE,0
CW_001_C,4,8,9.818,0.21242866,1.362,4.264105757,46.21786918,20.07311897,0.3671875,0.681966146,FALSE,1
CW_001_C,5,11,10.205,0.222588429,1.4316,3.708607092,45.84694738,16.66127528,0.356770833,0.393880208,FALSE,1
CW_001_C,6,1,9.502,0.300772879,1.4466,1.568214043,31.59194413,5.213947636,0.055013021,0,TRUE,3
CW_001_C,7,2,8.234,0.245125708,1.3366,5.213962791,33.590928,21.270567,0.078125,0.729492188,TRUE,3
CW_001_C,8,3,4.722,0.250064647,0.6137,1.464579869,18.88311706,5.85680498,0.000976563,0,TRUE,3
CW_001_C,9,4,12.732,0.376634568,1.17465,4.3957378,33.80465069,11.67109495,0.080729167,0.000325521,TRUE,3
CW_001_C,10,5,8.214,0.255803925,1.0791,4.370208435,32.11053152,17.0842118,0.059570313,0.444661458,TRUE,3
CW_002_C,1,21,7.147,0.192954947,3.3003,4.083493206,37.0397345,21.16293608,0.138020833,0.724934896,FALSE,0
CW_002_C,2,27,8.546,0.182419628,1.7801,3.816999933,46.84802876,20.92428302,0.383138021,0.71875,FALSE,0
CW_002_C,3,39,7.9,0.187616594,0.8422,4.687531934,42.10714956,24.98463395,0.25390625,0.892252604,FALSE,0
CW_002_C,4,1,4.669,0.29674713,0.693,3.261535138,15.73393481,10.99095764,0.000325521,0.000325521,TRUE,1
CW_002_C,5,2,4.056,0.231830535,0.6395,1.112659961,17.49553826,4.799453877,0.000325521,0,TRUE,1
CW_002_C,6,3,5.223,0.211516571,0.6132,2.145500457,24.69310077,10.14341547,0.011067708,0,TRUE,1
CW_002_C,7,4,3.372,0.286793656,0.70425,2.62991127,11.75758225,9.170046876,0,0,TRUE,1
CW_002_C,8,5,6.037,0.611360554,0.70975,1.011166568,9.874696621,1.653961088,0,0,TRUE,1
CW_002_C,9,6,3.956,0.657358275,0.5912,1.812739991,6.018027235,2.757613406,0,0,TRUE,1
CW_002_C,10,7,2.682,0.339595219,0.5713,0.874581572,7.897637679,2.575364795,0,0,TRUE,1
CW_002_C,11,8,7.502,0.301078641,3.02835,5.053500616,24.91707803,16.78465332,0.01171875,0.410807292,TRUE,1
CW_002_C,12,9,3.031,0.601459793,0.6305,2.750335742,5.039405853,4.572767415,0,0,TRUE,1
CW_002_C,13,10,4.002,0.588792911,0.8941,0.561232817,6.796956835,0.953192211,0,0,TRUE,1
CW_002_C,14,11,5.114,0.563026661,1.3138,1.35272474,9.083051212,2.402594465,0,0,TRUE,1
CW_002_C,15,12,2.668,0.317880662,0.5853,1.101510485,8.393086847,3.465169851,0,0,TRUE,1
CW_002_C,16,13,2.202,0.454515253,0.5978,0.69123701,4.844721896,1.520822469,0,0,TRUE,1
CW_002_C,17,14,3.302,0.430167879,0.84765,1.078506791,7.676072897,2.507176484,0,0,TRUE,1
CW_002_C,18,15,2.619,0.212909602,0.6678,0.851287863,12.30099526,3.998353556,0,0,TRUE,1
CW_002_C,19,16,8.479,0.625982574,1.27005,2.56337313,13.5451055,4.094959249,0,0,TRUE,1
CW_002_C,20,18,2.417,0.298731915,0.599,1.24465823,8.090866351,4.166472234,0,0,TRUE,1
CW_002_C,21,19,6.363,0.573204963,0.9104,2.764132271,11.10074128,4.822240644,0,0,TRUE,1
CW_002_C,22,20,2.802,0.279102573,0.6086,1.339046421,10.03931985,4.797685695,0,0,TRUE,1
CW_002_C,23,21,7.525,0.251415174,2.43815,3.813206933,29.93057215,15.16697212,0.039388021,0.206380208,TRUE,1
CW_002_C,24,22,6.821,0.216467877,3.6231,4.173177061,31.51044895,19.27850502,0.053710938,0.630533854,TRUE,1
CW_002_C,25,23,3.104,0.259636349,0.5894,1.906537937,11.95518275,7.34310872,0,0,TRUE,1
CW_002_C,26,24,2.109,0.312085599,0.62075,1.051184369,6.757761363,3.368256575,0,0,TRUE,1
CW_002_C,27,25,9.677,0.304462247,2.723,5.245145515,31.78390786,17.22757278,0.056966146,0.458333333,TRUE,1
CW_002_C,28,27,4.922,0.235399111,0.9753,1.183412364,20.9091699,5.02725928,0.003255208,0,TRUE,1
CW_002_C,29,28,2.485,0.292231246,0.6266,0.628965876,8.503539681,2.152288243,0,0,TRUE,1
CW_002_C,30,29,2.738,0.633772927,0.5515,0.943372223,4.32015929,1.488501926,0,0,TRUE,1
CW_002_C,31,30,7.663,0.583331806,0.9384,5.739960402,13.13660582,9.839957876,0,0,TRUE,1
CW_002_C,32,31,3.07,0.261693249,0.61635,0.908414962,11.73129231,3.471296891,0,0,TRUE,1
CW_003_C,1,5,6.154,0.168652815,0.7338,3.239139219,36.48916266,19.20596,0.125651042,0.630533854,FALSE,0
CW_003_C,2,44,5.802,0.131515573,1.0585,2.105708964,44.11644858,16.01109983,0.310221354,0.312174479,FALSE,0
CW_003_C,3,1,4.71,0.541541253,0.6935,5.596494265,8.697398352,10.33438216,0,0,TRUE,1
CW_003_C,4,2,4.807,0.204148536,1.29475,2.546517794,23.54658087,12.47384797,0.005859375,0.004557292,TRUE,1
CW_003_C,5,4,3.906,0.287099047,0.7388,1.552647274,13.60506085,5.40805444,0,0,TRUE,1
CW_003_C,6,5,4.752,0.322521931,0.6525,1.411176313,14.73388176,4.375442959,0,0,TRUE,1
CW_003_C,7,6,5.414,0.252332851,1.87315,2.6457526,21.45578734,10.48516903,0.00390625,0,TRUE,1
CW_003_C,8,7,3.37,0.566550766,0.5948,3.312055044,5.948275431,5.845998708,0,0,TRUE,1
CW_003_C,9,8,7.859,0.282374734,0.9666,6.54172297,27.83181019,23.1668141,0.025065104,0.814453125,TRUE,1
CW_003_C,10,9,6.711,0.316857691,1.1757,2.656661097,21.17985513,8.384398324,0.00390625,0,TRUE,1
CW_003_C,11,10,3.542,0.347167035,0.703,1.455108704,10.20258158,4.191379239,0,0,TRUE,1
CW_003_C,12,11,5.1,0.249998594,1.4351,2.518221006,20.40011473,10.07294067,0.002604167,0,TRUE,1
CW_003_C,13,12,5.777,0.451060131,0.894,2.95960186,12.80760501,6.561435282,0,0,TRUE,1
CW_003_C,14,13,4.405,0.275235968,0.696,3.127710939,16.00444898,11.3637435,0.000325521,0.000325521,TRUE,1
CW_003_C,15,14,5.901,0.245473509,0.7146,1.736473438,24.0392539,7.0739749,0.008138021,0,TRUE,1
CW_003_C,16,15,4.04,0.425354177,0.6332,1.560047554,9.497967141,3.667643664,0,0,TRUE,1
CW_003_C,17,16,7.832,0.272327178,0.89505,3.708622456,28.75952394,13.61826051,0.032226563,0.045247396,TRUE,1
CW_003_C,18,17,4.806,0.235875813,0.66185,3.320898775,20.37512851,14.07901359,0.002604167,0.077799479,TRUE,1
CW_003_C,19,18,4.793,0.298814886,0.571,1.621898161,16.04003089,5.427768954,0.000325521,0,TRUE,1
CW_003_C,20,19,1.659,0.244150066,0.7234,1.490384502,6.795001221,6.104378849,0,0,TRUE,1
CW_003_C,21,20,5.933,0.329398814,1.579,3.764981623,18.01160096,11.42985785,0.000651042,0.000325521,TRUE,1
CW_003_C,22,21,5.508,0.145053091,1.479,1.734305932,37.97230351,11.9563528,0.158203125,0.001302083,TRUE,1
CW_003_C,23,22,5.819,0.324413546,0.9405,3.943542242,17.93698218,12.15591114,0.000325521,0.001627604,TRUE,1
CW_003_C,24,23,4.921,0.345593363,0.9728,3.327452701,14.23927808,9.628230907,0,0,TRUE,1
CW_003_C,25,25,6.621,0.563297742,0.922,2.985629547,11.75399705,5.300268975,0,0,TRUE,1
CW_003_C,26,26,4.45,0.376108475,0.8606,1.924816093,11.83169298,5.117715293,0,0,TRUE,1
CW_003_C,27,27,5.365,0.383715099,1.05835,3.562573863,13.98172763,9.284424494,0,0,TRUE,1
CW_003_C,28,28,5.049,0.452309616,1.3303,2.405931293,11.16270763,5.319213229,0,0,TRUE,1
CW_003_C,29,29,5.725,0.264935256,1.06985,2.964503552,21.60905302,11.18953964,0.004231771,0.000325521,TRUE,1
CW_003_C,30,30,3.783,0.609832116,0.5985,2.209550383,6.203346623,3.623210919,0,0,TRUE,1
CW_003_C,31,31,5.87,0.493687071,0.60665,4.776701305,11.89012301,9.675564926,0,0,TRUE,1
CW_003_C,32,32,4.904,0.355483826,0.8918,2.844552234,13.79528304,8.001917455,0,0,TRUE,1
CW_003_C,33,33,3.003,0.243271399,0.698,2.939925496,12.3442378,12.08496152,0,0.001302083,TRUE,1
CW_003_C,34,34,7.324,0.339052648,1.69425,4.216407354,21.601365,12.43584847,0.004231771,0.003580729,TRUE,1
CW_003_C,35,35,4.179,0.19596697,0.85485,2.630078292,21.32502232,13.42102854,0.00390625,0.03125,TRUE,1
CW_004_C,1,9,9.05,0.248138101,3.811,4.780492769,36.47162601,19.26545242,0.125,0.630533854,FALSE,0
CW_004_C,2,12,10.671,0.161573663,2.99315,3.219813295,66.04417934,19.92783495,0.826822917,0.677083333,FALSE,0
CW_004_C,3,22,9.95,0.138636602,1.572,3.418098253,71.77036842,24.65509255,0.890299479,0.885416667,FALSE,0
CW_004_C,4,23,8.362,0.158974039,0.8561,2.669060053,52.59978314,16.78928247,0.552408854,0.410807292,FALSE,0
CW_004_C,5,30,10.471,0.163452592,1.2012,3.275340418,64.06138846,20.03847339,0.797851563,0.681966146,FALSE,0
CW_004_C,6,31,6.351,0.137985044,0.9706,2.569342159,46.02672736,18.62043946,0.361002604,0.595052083,FALSE,0
CW_004_C,7,32,7.401,0.146546509,1.68705,2.730450267,50.50273831,18.63197072,0.489583333,0.595052083,FALSE,0
CW_004_C,8,34,8.802,0.162472639,2.689,3.486880871,54.17527563,21.461342,0.590820313,0.743164063,FALSE,0
CW_004_C,9,38,10.23,0.257335739,3.1003,3.859089992,39.75351437,14.9963235,0.195963542,0.180664063,FALSE,0
CW_004_C,10,41,9.912,0.259645347,1.9849,4.76188609,38.17514968,18.3399631,0.162434896,0.573242188,FALSE,0
CW_004_C,11,42,12.328,0.289185095,1.93,4.899668699,42.63013619,16.94301946,0.267903646,0.427083333,FALSE,0
CW_004_C,12,48,7.9,0.150204506,1.92145,3.222705325,52.59496004,21.45545035,0.552408854,0.743164063,FALSE,0
CW_004_C,13,49,11.366,0.241775226,2.19,4.86481471,47.01060649,20.1212291,0.385416667,0.681966146,FALSE,0
CW_004_C,14,51,9.623,0.274576758,2.7644,4.754566448,35.04666626,17.31598291,0.1015625,0.470703125,FALSE,0
CW_004_C,15,1,10.21,0.222024089,1.16545,3.692332943,45.98600105,16.63032581,0.360026042,0.393880208,FALSE,1
CW_004_C,16,7,9.684,0.265704764,1.8439,5.63687745,36.4464673,21.21481512,0.124023438,0.729492188,FALSE,2
CW_004_C,17,1,6.636,0.414265059,1.1357,3.554232817,16.0187297,8.579610429,0.000325521,0,TRUE,4
CW_004_C,18,2,11.749,0.327909797,3.1081,3.402489345,35.8299755,10.3762967,0.113932292,0,TRUE,4
CW_004_C,19,3,9.619,0.411015323,0.8384,2.474655398,23.40302045,6.020834897,0.005859375,0,TRUE,4
CW_004_C,20,4,11.214,0.394862152,1.74,2.756935708,28.39978445,6.982020675,0.029622396,0,TRUE,4
CW_004_C,21,5,7.249,0.243997523,1.0189,3.362687866,29.70931795,13.78164753,0.038085938,0.055013021,TRUE,4
CW_004_C,22,6,3.318,0.297306947,0.6654,0.454368462,11.16018323,1.528280679,0,0,TRUE,4
CW_004_C,23,7,5.749,0.2642486,0.6653,3.478554698,21.75602821,13.16394749,0.004231771,0.019205729,TRUE,4
CW_004_C,24,8,5.958,0.255411077,0.856,2.761862626,23.32710101,10.81340189,0.005859375,0,TRUE,4
CW_004_C,25,9,2.522,0.19141927,0.5972,0.778842826,13.17526703,4.068779623,0,0,TRUE,4
CW_004_C,26,10,12.597,0.320754364,1.5757,3.608354923,39.27304324,11.2495895,0.185221354,0.000325521,TRUE,4
CW_004_C,27,11,8.463,0.32684792,1.46335,2.869014816,25.89277609,8.777827982,0.015950521,0,TRUE,4
CW_004_C,28,12,5.335,0.246652055,1.31755,3.845376973,21.62965967,15.59028964,0.004231771,0.261393229,TRUE,4
CW_004_C,29,13,9.325,0.323206714,2.983,3.968952981,28.85150459,12.2799212,0.032226563,0.002278646,TRUE,4
CW_004_C,30,14,2.086,0.26972257,0.644,0.891841513,7.733872612,3.306514215,0,0,TRUE,4
CW_005_C,1,23,9.251,0.216487458,0.896,3.101281015,42.73226772,14.32545353,0.271158854,0.101236979,FALSE,0
CW_005_C,2,28,10.132,0.242378288,0.895,4.105600971,41.80242412,16.93881495,0.243815104,0.427083333,FALSE,0
CW_005_C,3,33,9.967,0.243764236,2.5394,4.009892598,40.88786843,16.4498807,0.222981771,0.371744792,FALSE,0
CW_005_C,4,46,12.046,0.288729025,2.09,4.440681484,41.7207796,15.38010074,0.241861979,0.236653646,FALSE,0
CW_005_C,5,1,9.177,0.2910381,1.4826,2.552317976,31.53195406,8.769703951,0.054036458,0,TRUE,1
CW_005_C,6,2,8.632,0.292253261,1.30575,6.175381667,29.53602633,21.13024044,0.037434896,0.724934896,TRUE,1
CW_005_C,7,3,10.174,0.365085438,2.6149,5.457907278,27.86744948,14.94967126,0.025065104,0.17578125,TRUE,1
CW_005_C,8,4,8.239,0.351037291,1.98415,4.783240149,23.47044091,13.62601715,0.005859375,0.045898438,TRUE,1
CW_005_C,9,5,3.035,0.25175345,0.608,1.867693865,12.05544553,7.418741901,0,0,TRUE,1
CW_005_C,10,6,6.068,0.505440687,1.23325,2.303674158,12.00536513,4.557753693,0,0,TRUE,1
CW_005_C,11,7,6.314,0.757042965,1.51035,2.472521569,8.340345646,3.26602542,0,0,TRUE,1
CW_005_C,12,8,7.328,0.371936634,1.0703,2.369735414,19.70228077,6.371341766,0.001953125,0,TRUE,1
CW_005_C,13,9,7.405,0.373222238,1.2881,2.065204854,19.84072559,5.533445348,0.002278646,0,TRUE,1
CW_005_C,14,10,7.604,0.413148798,2.1541,3.965350528,18.40499124,9.597875029,0.000651042,0,TRUE,1
CW_005_C,15,11,6.67,0.270605971,2.80625,3.09147506,24.64838446,11.42426774,0.011067708,0.000325521,TRUE,1
CW_005_C,16,12,6.774,0.35214312,1.243,3.274098855,19.23649681,9.297636871,0.000976563,0,TRUE,1
CW_005_C,17,13,3.049,0.247048937,0.606,1.204665388,12.34168435,4.876221701,0,0,TRUE,1
CW_005_C,18,14,6.698,0.501625732,1.3464,2.066867093,13.35258454,4.120337055,0,0,TRUE,1
CW_005_C,19,15,8.905,0.293119643,2.45075,5.000591629,30.38008611,17.05989942,0.042643229,0.444661458,TRUE,1
CW_005_C,20,16,6.235,0.241005903,0.82,1.404214944,25.87073557,5.826475303,0.015950521,0,TRUE,1
CW_005_C,21,17,6.402,0.252819622,0.71925,2.125146318,25.32240157,8.405780765,0.013997396,0,TRUE,1
CW_006_C,1,2,10.759,0.245189024,2.6,4.377153395,43.88043083,17.85215883,0.302408854,0.52734375,FALSE,0
CW_006_C,2,9,12.523,0.222340318,2.2514,5.57825457,56.32356782,25.08881255,0.643229167,0.892252604,FALSE,0
CW_006_C,3,21,9.827,0.179825975,1.8564,2.842799539,54.64727768,15.80861462,0.604166667,0.284830729,FALSE,0
CW_006_C,4,33,10.32,0.246994417,1.876,4.435350782,41.78232094,17.95729165,0.243489583,0.537434896,FALSE,0
CW_006_C,5,37,10.621,0.224042525,1.68945,4.2503175,47.40617876,18.97103015,0.396809896,0.614583333,FALSE,0
CW_006_C,6,38,6.125,0.153374469,0.697,2.963922066,39.93493866,19.32474219,0.196614583,0.635742188,FALSE,0
CW_006_C,7,45,13.01,0.199263927,1.90895,5.027878407,65.29029201,25.23225591,0.816731771,0.899739583,FALSE,0
CW_006_C,8,50,16.073,0.275003853,4.5344,4.113621899,58.44645387,14.95841551,0.692057292,0.17578125,FALSE,0
CW_006_C,9,7,10.349,0.186225457,2.22425,3.505469383,55.57242369,18.82379262,0.629882813,0.611328125,FALSE,1
CW_006_C,10,1,11.766,0.300994435,3.1268,3.782344136,39.09042368,12.56615968,0.181640625,0.005533854,TRUE,3
CW_006_C,11,2,16.129,0.610854025,1.3808,8.553055993,26.40401692,14.00180018,0.017903646,0.0703125,TRUE,3
CW_006_C,12,3,6.34,0.568447515,0.8038,3.615637107,11.15318447,6.360546945,0,0,TRUE,3
CW_006_C,13,4,11.82,0.337591767,2.3824,3.981016372,35.01270224,11.7923977,0.100260417,0.000651042,TRUE,3
CW_006_C,14,5,12.818,0.167687864,2.70775,2.949387699,76.43964017,17.58855784,0.926432292,0.499023438,TRUE,3
CW_006_C,15,6,7.359,0.345671048,0.9038,1.011494845,21.28902619,2.926177504,0.00390625,0,TRUE,3
CW_006_C,16,7,9.087,0.383083369,0.902,3.23819569,23.72068522,8.452979051,0.006510417,0,TRUE,3
CW_006_C,17,8,6.087,0.279420252,1.132,4.512149007,21.78439091,16.1482533,0.004231771,0.330078125,TRUE,3
CW_007_C,1,6,10.509,0.237487008,2.7,5.194368272,44.25084179,21.87222082,0.3125,0.755859375,FALSE,0
CW_007_C,2,29,8.451,0.171808391,0.6963,3.878298866,49.18851715,22.57339608,0.452473958,0.787434896,FALSE,0
CW_007_C,3,37,7.838,0.195554476,2.34,4.231985352,40.08090308,21.64095365,0.205403646,0.749348958,FALSE,0
CW_007_C,4,6,9.717,0.271891314,2.5063,5.250294064,35.73854518,19.31026774,0.111653646,0.635742188,FALSE,1
CW_007_C,5,12,7.208,0.200915716,1.86405,4.804054128,35.87574006,23.91079316,0.114583333,0.848958333,FALSE,1
CW_007_C,6,14,7.555,0.195642163,1.7674,3.78534877,38.61642034,19.34832816,0.171875,0.636393229,FALSE,1
CW_007_C,7,1,7.11,0.26535899,2.409,4.394536879,26.79389158,16.56072358,0.01953125,0.384440104,TRUE,3
CW_007_C,8,2,8.618,0.30461111,1.335,5.523142393,28.29181113,18.13178248,0.027994792,0.553385417,TRUE,3
CW_007_C,9,3,2.06,0.43116845,0.7,0.749867175,4.777715064,1.73915131,0,0,TRUE,3
CW_007_C,10,4,9.451,0.267965449,2.0407,7.221463758,35.26947241,26.94923466,0.104817708,0.929361979,TRUE,3
CW_007_C,11,5,8.338,0.254316368,0.837,3.938089366,32.78593541,15.48500163,0.068684896,0.246744792,TRUE,3
CW_008_C,1,1,13.147,0.243463712,2.01855,3.78453057,53.99983377,15.54453653,0.585286458,0.255859375,FALSE,0
CW_008_C,2,13,14.8,0.223119721,2.76705,3.703562864,66.33210163,16.5989938,0.830729167,0.38671875,FALSE,0
CW_008_C,3,20,16.187,0.289203047,2.5562,6.254312222,55.97105628,21.62602467,0.637044271,0.749348958,FALSE,0
CW_008_C,4,21,12.915,0.238505967,1.3038,3.573217483,54.14958856,14.98166911,0.590494792,0.180664063,FALSE,0
CW_008_C,5,44,12.961,0.314373115,3.827,5.48577991,41.22808021,17.44990156,0.231119792,0.480794271,FALSE,0
CW_008_C,6,49,8.832,0.168532004,3.401,3.355651858,52.40547661,19.911066,0.549479167,0.669921875,FALSE,0
CW_008_C,7,51,17.593,0.272697938,2.7622,4.198195993,64.51460589,15.3950412,0.805013021,0.237630208,FALSE,0
CW_008_C,8,68,15.66,0.290029603,3.31965,5.154994637,53.99448819,17.77402919,0.585286458,0.51953125,FALSE,0
CW_008_C,9,6,15.869,0.274167751,4.9981,5.085824656,57.88062204,18.55004693,0.679361979,0.584309896,FALSE,1
CW_008_C,10,9,12.536,0.304029681,1.9043,4.603346622,41.23281641,15.1411093,0.231119792,0.203125,FALSE,1
CW_008_C,11,19,19.54,0.338034524,4.27035,5.5014645,57.80474654,16.27485983,0.677734375,0.350260417,FALSE,1
CW_008_C,12,20,13.328,0.267687099,1.33715,5.253489835,49.78947462,19.62548761,0.466796875,0.654947917,FALSE,1
CW_008_C,13,8,15.255,0.228614073,3.4619,4.533626273,66.72817557,19.83091511,0.833658854,0.669921875,FALSE,2
CW_008_C,14,1,12.429,0.165492693,5.41575,2.957877306,75.10301396,17.87315959,0.917643229,0.52734375,TRUE,4
CW_008_C,15,2,3.695,0.35899834,0.6016,1.309281643,10.2925267,3.647040939,0,0,TRUE,4
CW_008_C,16,3,5.83,0.285017232,0.692,4.798490618,20.45490355,16.83579121,0.002604167,0.41796875,TRUE,4
CW_008_C,17,4,4.2,0.354119591,0.639,2.642432494,11.8604,7.461977703,0,0,TRUE,4
CW_008_C,18,5,5.914,0.643388454,0.994,1.136036881,9.19195855,1.765709151,0,0,TRUE,4
CW_008_C,19,6,7.632,0.248155507,1.4371,2.16068023,30.75490891,8.706960648,0.045247396,0,TRUE,4
CW_008_C,20,7,10.428,0.253867668,2.0148,2.383701591,41.0765187,9.389543825,0.226888021,0,TRUE,4
CW_008_C,21,8,5.005,0.328993094,0.65795,3.245413081,15.21308527,9.864684506,0.000325521,0,TRUE,4
CW_008_C,22,9,17.227,0.158870723,3.56535,3.688477331,108.4340757,23.21684739,0.993489583,0.814453125,TRUE,4
CW_008_C,23,10,3.728,0.284607118,1.14825,1.353543372,13.09875884,4.755831063,0,0,TRUE,4
CW_008_C,24,11,7.181,0.546619256,0.98145,1.431236554,13.13711495,2.618342728,0,0,TRUE,4
CW_008_C,25,12,13.798,0.227199147,3.476,3.049467194,60.73086177,13.42200106,0.735677083,0.03125,TRUE,4
CW_008_C,26,13,4.3,0.451637171,1.026,1.123498527,9.520916952,2.487613064,0,0,TRUE,4
CW_008_C,27,14,16.774,0.464314861,2.85,5.33355136,36.12634745,11.48692796,0.116861979,0.000325521,TRUE,4
CW_008_C,28,15,4.801,0.591046191,0.744,1.535067689,8.122884602,2.597204268,0,0,TRUE,4
CW_008_C,29,16,14.781,0.42156919,2.2863,3.209885522,35.06186021,7.614136898,0.1015625,0,TRUE,4
CW_009_C,1,6,10.96,0.223023818,0.8865,4.74019296,49.14273316,21.25420052,0.451497396,0.729492188,FALSE,0
CW_009_C,2,7,11.632,0.231842436,2.80905,3.609681957,50.17200558,15.56954808,0.479817708,0.261393229,FALSE,0
CW_009_C,3,13,10.078,0.258760771,1.2243,3.803733034,38.94717099,14.6998056,0.178059896,0.145507813,FALSE,0
CW_009_C,4,16,13.607,0.288996448,4.398,4.806301757,47.0836237,16.63100634,0.387369792,0.393880208,FALSE,0
CW_009_C,5,23,12.634,0.33651288,4.5176,5.786770803,37.5438824,17.19628324,0.1484375,0.457356771,FALSE,0
CW_009_C,6,26,15.803,0.29196826,2.26335,4.801891557,54.12574643,16.44662183,0.590169271,0.371744792,FALSE,0
CW_009_C,7,27,8.635,0.192402018,0.81645,3.476017582,44.87998677,18.06643,0.330403646,0.543294271,FALSE,0
CW_009_C,8,32,11.8,0.272610536,1.3235,5.965948796,43.28519418,21.88451289,0.288736979,0.755859375,FALSE,0
CW_009_C,9,2,14.283,0.397001749,2.6,9.675186019,35.97717145,24.37063826,0.115559896,0.872395833,FALSE,1
CW_009_C,10,1,12.876,0.434383783,5.3454,4.783749206,29.64199058,11.01272514,0.037760417,0.000325521,TRUE,3
CW_009_C,11,2,6.202,0.290491041,0.632,2.616997625,21.35005602,9.008875509,0.00390625,0,TRUE,3
CW_009_C,12,3,12.995,0.450508847,5.918,7.842422244,28.84516052,17.40792062,0.032226563,0.478190104,TRUE,3
CW_009_C,13,4,2.359,0.345719309,0.5672,0.918359237,6.823454572,2.656372419,0,0,TRUE,3
CW_009_C,14,5,8.143,0.232225062,0.7784,2.035166731,35.06512146,8.763768714,0.101888021,0,TRUE,3
CW_009_C,15,6,2.106,0.303932417,0.598,0.701954332,6.929172016,2.309573748,0,0,TRUE,3
CW_009_C,16,7,4.501,0.360401924,0.8982,1.033551893,12.48883456,2.86777574,0,0,TRUE,3
CW_009_C,17,8,16.409,0.407110863,4.32625,4.604895197,40.30597437,11.31115776,0.208007813,0.000325521,TRUE,3
CW_009_C,18,9,15.131,0.230365181,2.4094,2.977693101,65.68266915,12.9259686,0.822916667,0.01171875,TRUE,3
CW_010_C,1,2,10.935,0.261624749,3.114,4.116260853,41.79650456,15.73345364,0.243815104,0.275065104,FALSE,0
CW_010_C,2,7,9.88,0.225447145,2.4514,3.450055517,43.82401912,15.30316791,0.301757813,0.227213542,FALSE,0
CW_010_C,3,11,11.907,0.202278482,1.185,4.303696426,58.86439268,21.27609611,0.699544271,0.729492188,FALSE,0
CW_010_C,4,17,12.152,0.272601331,2.5271,5.183437997,44.57791885,19.01472008,0.321289063,0.618489583,FALSE,0
CW_010_C,5,20,12.375,0.220695826,3.86105,3.500852875,56.07265089,15.86279605,0.639322917,0.291666667,FALSE,0
CW_010_C,6,21,11.961,0.226737876,1.807,5.281833381,52.75254498,23.2948878,0.556640625,0.815104167,FALSE,0
CW_010_C,7,22,13.557,0.256959477,4.317,4.425800067,52.75929176,17.22372774,0.556640625,0.457356771,FALSE,0
CW_010_C,8,28,11.257,0.212512671,0.7758,3.332129377,52.97095908,15.67967388,0.560872396,0.270182292,FALSE,0
CW_010_C,9,30,13.365,0.256793672,2.561,4.386404679,52.04567492,17.08143599,0.538085938,0.444661458,FALSE,0
CW_010_C,10,33,13.648,0.246002569,3.297,3.581034709,55.47909536,14.55689963,0.627929688,0.127929688,FALSE,0
CW_010_C,11,44,9.08,0.151714752,1.6172,2.671359215,59.84915686,17.60777496,0.712890625,0.499023438,FALSE,0
CW_010_C,12,47,14.111,0.265847403,1.991,3.985461255,53.07932229,14.99153727,0.564127604,0.180664063,FALSE,0
CW_010_C,13,53,11.543,0.179749846,3.1424,3.281562044,64.21702316,18.25627184,0.799153646,0.5625,FALSE,0
CW_010_C,14,56,9.448,0.153718651,1.47595,2.555231628,61.46293862,16.62278204,0.751302083,0.393880208,FALSE,0
CW_010_C,15,58,16.109,0.27403376,4.1023,5.324462188,58.78472777,19.42994973,0.696614583,0.641601563,FALSE,0
CW_010_C,16,60,12.833,0.228576163,4.003,4.807433122,56.14321221,21.03208431,0.640625,0.724934896,FALSE,0
CW_010_C,17,61,10.096,0.206876573,2.2642,3.273599783,48.80204582,15.82392696,0.441731771,0.284830729,FALSE,0
CW_010_C,18,65,13.039,0.222559267,3.89115,4.345015082,58.58664165,19.5229574,0.694661458,0.648763021,FALSE,0
CW_010_C,19,69,13.502,0.231920844,0.946,3.317780731,58.21813939,14.30565998,0.687825521,0.101236979,FALSE,0
CW_010_C,20,70,14.096,0.271775294,5.3623,4.418744056,51.86637752,16.25881437,0.53125,0.345703125,FALSE,0
CW_010_C,21,76,14.505,0.292928979,4.2704,5.156945809,49.51712198,17.60476489,0.459960938,0.499023438,FALSE,0
CW_010_C,22,79,9.011,0.144075215,2.123,2.353768245,62.54372071,16.33707954,0.771158854,0.358398438,FALSE,0
CW_010_C,23,83,12.625,0.203471499,2.93555,3.857545434,62.0480021,18.95865245,0.762369792,0.614583333,FALSE,0
CW_010_C,24,3,14.276,0.257043758,1.0066,4.658017402,55.5391818,18.12149589,0.629231771,0.553385417,FALSE,1
CW_010_C,25,13,8.141,0.13085065,1.482,2.113087109,62.2159691,16.14884686,0.764648438,0.330078125,FALSE,1
CW_010_C,26,14,8.719,0.203597189,0.6691,3.85450277,42.82475627,18.93200386,0.272460938,0.614583333,FALSE,3
CW_010_C,27,1,5.076,0.272608531,0.781,1.470856419,18.62010697,5.395489335,0.000976563,0,TRUE,5
CW_010_C,28,2,11.125,0.387641113,1.9073,3.026293994,28.69922622,7.806947947,0.031901042,0,TRUE,5
CW_010_C,29,3,14.721,0.167684458,5.8745,3.853734522,87.78988934,22.9820615,0.970377604,0.808919271,TRUE,5
CW_010_C,30,4,11.728,0.362218814,1.58685,7.42475434,32.37821878,20.49798094,0.064127604,0.6953125,TRUE,5
CW_010_C,31,5,12.614,0.51991621,1.96475,5.058134597,24.26160169,9.728749554,0.009440104,0,TRUE,5
CW_010_C,32,6,8.477,0.284974747,1.171,2.040731826,29.74649539,7.161097071,0.038736979,0,TRUE,5
CW_010_C,33,7,3.01,0.369423478,0.6452,2.009399042,8.147830829,5.439283543,0,0,TRUE,5
CW_010_C,34,8,7.644,0.199439818,1.66975,2.10305298,38.32735137,10.54479991,0.165690104,0,TRUE,5
CW_010_C,35,9,14.337,0.361564279,5.2903,4.140586546,39.65270031,11.45186841,0.194010417,0.000325521,TRUE,5
CW_010_C,36,10,3.028,0.255735002,0.696,1.510978706,11.84038157,5.908376625,0,0,TRUE,5
CW_010_C,37,11,12.583,0.35805116,1.20825,3.794123228,35.14302254,10.59659526,0.103190104,0,TRUE,5
CW_010_C,38,12,9.554,0.315906302,1.2621,1.797711294,30.24314465,5.690647133,0.042317708,0,TRUE,5
CW_011_C,1,10,9.053,0.207844816,1.074,4.372522779,43.55653503,21.0374397,0.295898438,0.724934896,FALSE,0
CW_011_C,2,11,13.925,0.366294598,5.0476,6.249107828,38.0158487,17.06033305,0.158854167,0.444661458,FALSE,0
CW_011_C,3,16,9.161,0.247200067,0.913,4.999879412,37.05905142,20.22604391,0.138997396,0.685872396,FALSE,0
CW_011_C,4,19,14.472,0.28435152,4.743,4.778393877,50.89475175,16.80453083,0.503255208,0.413736979,FALSE,0
CW_011_C,5,22,13.467,0.306318115,6.107,5.450143974,43.96409922,17.79243116,0.306315104,0.51953125,FALSE,0
CW_011_C,6,29,14.508,0.337938686,3.68945,4.886315666,42.93086471,14.45917816,0.27734375,0.112955729,FALSE,0
CW_011_C,7,1,4.42,0.527454728,0.63075,2.146970217,8.379866112,4.07043506,0,0,TRUE,1
CW_011_C,8,2,5.125,0.399874395,0.654,2.439149545,12.81652455,6.099789275,0,0,TRUE,1
CW_011_C,9,3,13.22,0.281348145,7.3622,3.844269584,46.98804748,13.66374597,0.385416667,0.047200521,TRUE,1
CW_011_C,10,4,14.716,0.463357478,1.287,7.161568564,31.75949606,15.45581738,0.056640625,0.244791667,TRUE,1
CW_011_C,11,5,6.746,0.265327577,0.756,3.624163035,25.42517468,13.65920223,0.014973958,0.047200521,TRUE,1
CW_011_C,12,6,4.203,0.434186163,0.6132,1.730250154,9.680179522,3.985042138,0,0,TRUE,1
CW_012_C,1,11,15.844,0.43788697,5.894,6.515527327,36.18285334,14.87947297,0.118164063,0.166341146,FALSE,0
CW_012_C,2,27,13.876,0.277816748,2.553,4.088446755,49.94659287,14.71634373,0.470052083,0.145507813,FALSE,0
CW_012_C,3,41,13.74,0.253166265,6.5504,4.783039905,54.27263388,18.89288018,0.592773438,0.611328125,FALSE,0
CW_012_C,4,3,14.354,0.362701721,7.469,6.149191074,39.5752189,16.95385139,0.192057292,0.433268229,FALSE,1
CW_012_C,5,4,13.544,0.341893162,2.4085,6.663060303,39.61471446,19.48872056,0.193033854,0.641601563,FALSE,1
CW_012_C,6,7,8.664,0.235109252,0.915,3.678161545,36.850953,15.6444781,0.134440104,0.264322917,FALSE,1
CW_012_C,7,18,14.917,0.227098896,1.009,4.696968519,65.68503963,20.68248061,0.822916667,0.708658854,FALSE,1
CW_012_C,8,1,14.511,0.362615164,4.5255,4.216736416,40.01763143,11.62868195,0.205403646,0.000325521,TRUE,3
CW_012_C,9,2,4.221,0.296683717,0.599,3.411797206,14.22727219,11.49977908,0,0.000325521,TRUE,3
CW_012_C,10,3,3.916,0.522657773,0.6101,0.370892757,7.492474436,0.709628319,0,0,TRUE,3
CW_012_C,11,4,11.419,0.3386099,2.1571,4.272449885,33.72317227,12.61761656,0.079427083,0.005859375,TRUE,3
CW_012_C,12,5,2.616,0.289497552,0.554,0.934795913,9.036345837,3.229028728,0,0,TRUE,3
CW_012_C,13,6,13.111,0.434187146,5.695,6.197208574,30.19665626,14.27312769,0.041015625,0.093098958,TRUE,3
CW_012_C,14,7,13.22,0.297048256,2.8312,2.806262201,44.50455344,9.447159312,0.3203125,0,TRUE,3
CW_012_C,15,8,2.555,0.281610811,0.5754,0.540915715,9.072805096,1.920791724,0,0,TRUE,3
CW_012_C,16,9,5.067,0.283681911,0.568,3.022195454,17.86155481,10.65346551,0.000325521,0,TRUE,3
CW_012_C,17,10,8.92,0.307823583,0.7965,4.527230325,28.97763685,14.7072238,0.034179688,0.145507813,TRUE,3
CW_012_C,18,11,2.411,0.373869679,0.77095,2.393908061,6.448771148,6.403054847,0,0,TRUE,3
CW_012_C,19,12,4.004,0.356611608,0.67575,0.453027022,11.22790148,1.270365326,0,0,TRUE,3
CW_012_C,20,13,2.344,0.315634561,0.5635,1.660313418,7.426309687,5.260239598,0,0,TRUE,3
CW_013_C,1,7,7.106,0.129184328,0.698,2.687201642,55.00667235,20.80129753,0.615234375,0.713216146,FALSE,0
CW_013_C,2,8,7.764,0.129199396,0.8942,2.849255263,60.09316029,22.05316244,0.730794271,0.763020833,FALSE,0
CW_013_C,3,17,7.06,0.199702782,0.748,3.144553551,35.35253706,15.74616798,0.106119792,0.279622396,FALSE,0
CW_013_C,4,18,7.006,0.18980068,0.802,3.691065635,36.91240729,19.44706224,0.135091146,0.641601563,FALSE,0
CW_013_C,5,28,6.898,0.163426075,0.7444,3.21405649,42.20868681,19.66673003,0.255208333,0.655273438,FALSE,0
CW_013_C,6,1,7.563,0.342869311,0.664,4.788463426,22.05796714,13.965856,0.004231771,0.068684896,TRUE,1
CW_013_C,7,3,14.446,0.372660249,4.076,4.782176811,38.76453156,12.832538,0.173828125,0.009765625,TRUE,1
CW_013_C,8,4,6.649,0.279810501,0.87755,2.956349865,23.76251063,10.56554295,0.006510417,0,TRUE,1
CW_013_C,9,5,13.182,0.487810853,4.676,7.142616687,27.02276901,14.64218486,0.020507813,0.137044271,TRUE,1
CW_013_C,10,6,14.367,0.492437959,5.968,6.983173924,29.17524883,14.18081972,0.034830729,0.086263021,TRUE,1
CW_013_C,11,7,2.353,0.194671362,1.56225,1.410170844,12.08703721,7.243853575,0,0,TRUE,1
CW_013_C,12,8,2.118,0.421428776,0.7998,1.307320401,5.025760275,3.1021147,0,0,TRUE,1
CW_013_C,13,9,12.134,0.372176676,1.939,6.505680143,32.60279538,17.48008559,0.06640625,0.486653646,TRUE,1
CW_013_C,14,10,8.766,0.26859863,0.8432,4.112230458,32.63605632,15.30994579,0.06640625,0.227213542,TRUE,1
CW_013_C,15,11,2.647,0.193383986,0.5955,0.829550567,13.68779316,4.28965492,0,0,TRUE,1
CW_013_C,16,12,9.822,0.305541109,0.791,3.960492331,32.14624716,12.96222412,0.060546875,0.013346354,TRUE,1
CW_013_C,17,13,3.071,0.308692337,0.6779,0.949809436,9.948416704,3.076880513,0,0,TRUE,1
CW_013_C,18,14,4.245,0.450303708,0.58075,1.214994287,9.426971003,2.698166292,0,0,TRUE,1
CW_014_C,1,9,6.512,0.170805398,0.66705,3.874062405,38.12525887,22.68114743,0.161458333,0.795572917,FALSE,0
CW_014_C,2,19,11.443,0.307621296,4.7083,4.880958681,37.19833496,15.86677759,0.142252604,0.291666667,FALSE,0
CW_014_C,3,21,8.009,0.155453684,0.7503,3.159463381,51.52016845,20.32414603,0.522135417,0.69140625,FALSE,0
CW_014_C,4,25,8.946,0.219142578,3.5599,3.241411208,40.82273782,14.79133467,0.221679688,0.153971354,FALSE,0
CW_014_C,5,27,10.562,0.215775334,3.7902,3.610448444,48.94906101,16.73244283,0.447916667,0.40234375,FALSE,0
CW_014_C,6,34,10.624,0.302052587,2.9885,4.726289855,35.1726834,15.64724178,0.103190104,0.264322917,FALSE,0
CW_014_C,7,40,13.63,0.326903816,2.1899,5.296954111,41.69422116,16.20340251,0.241536458,0.339192708,FALSE,0
CW_014_C,8,50,7.036,0.18657382,1.591,3.113398107,37.7116146,16.68721852,0.15234375,0.40234375,FALSE,0
CW_014_C,9,18,12.211,0.225806377,2.2099,4.427785013,54.07730361,19.60876869,0.587890625,0.654947917,FALSE,1
CW_014_C,10,19,12.601,0.302310442,6.166,4.739342748,41.68231813,15.67707263,0.241536458,0.270182292,FALSE,1
CW_014_C,11,20,14.059,0.353582191,5.886,5.177683909,39.76161799,14.64350876,0.195963542,0.137044271,FALSE,1
CW_014_C,12,14,12.937,0.325758521,4.1978,4.861721717,39.71346616,14.92431173,0.1953125,0.169921875,FALSE,2
CW_014_C,13,18,12.019,0.330696408,1.78835,4.890773266,36.34451332,14.78931476,0.12109375,0.153971354,FALSE,2
CW_014_C,14,1,10.649,0.34993041,1.014,3.323714819,30.43176497,9.498216567,0.042643229,0,TRUE,4
CW_014_C,15,2,2.01,0.244406671,0.5726,0.615062913,8.223998093,2.516555336,0,0,TRUE,4
CW_014_C,16,3,13.14,0.335850887,1.1854,4.463082243,39.12450586,13.28888032,0.181640625,0.024414063,TRUE,4
CW_014_C,17,4,3.906,0.27002877,0.6374,2.186920947,14.46512535,8.098844249,0,0,TRUE,4
CW_014_C,18,5,8.12,0.515633068,0.7882,2.374060427,15.74763239,4.604166365,0.000325521,0,TRUE,4
CW_014_C,19,6,6.837,0.198956715,1.7417,2.373833824,34.36425851,11.9314084,0.08984375,0.000976563,TRUE,4
CW_014_C,20,7,2.22,0.329949199,0.5652,1.478771572,6.728308504,4.481815921,0,0,TRUE,4
CW_014_C,21,8,3.817,0.329459849,0.8195,1.402391239,11.58563028,4.256637778,0,0,TRUE,4
CW_015_C,1,8,13.375,0.254386656,4.1149,3.780159974,52.57744338,14.85989884,0.552083333,0.163736979,FALSE,0
CW_015_C,2,11,6.856,0.131927499,2.0372,1.991545437,51.96793723,15.09575675,0.534505208,0.198567708,FALSE,0
CW_015_C,3,15,18.485,0.445146087,7.494,9.7054106,41.52569352,21.80275391,0.238606771,0.755859375,FALSE,0
CW_015_C,4,27,7.693,0.159360496,1.907,3.005926811,48.27419709,18.86243381,0.426432292,0.611328125,FALSE,0
CW_015_C,5,38,11.442,0.285048758,1.5447,4.921758399,40.14050119,17.26637379,0.205403646,0.462239583,FALSE,0
CW_015_C,6,43,19.333,0.357205511,2.305,5.648820793,54.1229052,15.81392398,0.590169271,0.284830729,FALSE,0
CW_015_C,7,48,15.86,0.318666299,2.8935,4.939382141,49.76993184,15.50017103,0.466145833,0.251953125,FALSE,0
CW_015_C,8,54,17.007,0.236896526,2.41625,4.867739383,71.79083742,20.54795594,0.890299479,0.702148438,FALSE,0
CW_015_C,9,61,11.425,0.181072413,2.7041,2.753891944,63.09630385,15.208788,0.778971354,0.210611979,FALSE,0
CW_015_C,10,64,12.028,0.197394708,2.693,3.757880936,60.93375115,19.03739457,0.740234375,0.618489583,FALSE,0
CW_015_C,11,67,7.951,0.195538966,1.081,2.863439059,40.6619721,14.64382834,0.217773438,0.137044271,FALSE,0
CW_015_C,12,1,11.582,0.244518747,2.17215,3.502449401,47.36651137,14.32384816,0.395507813,0.101236979,FALSE,1
CW_015_C,13,16,15.906,0.224333528,5.7078,3.508776441,70.90335599,15.6408918,0.880533854,0.264322917,FALSE,1
CW_015_C,14,4,12.503,0.21000688,2.1892,3.121782662,59.53614461,14.86514469,0.712890625,0.163736979,FALSE,2
CW_015_C,15,9,16.708,0.245148964,2.3604,3.611617392,68.15447942,14.73233799,0.852539063,0.148111979,FALSE,2
CW_015_C,16,5,16.516,0.340169988,2.503,5.603232765,48.55219621,16.47186102,0.433268229,0.373697917,FALSE,3
CW_015_C,17,1,15.981,0.272968577,2.2097,3.310171591,58.5452003,12.12656647,0.694010417,0.001627604,TRUE,5
CW_015_C,18,2,16.753,0.33966639,2.396,4.480108381,49.32192444,13.18973121,0.456705729,0.020833333,TRUE,5
CW_015_C,19,3,15.422,0.207518362,2.415,2.699965549,74.31631537,13.01073085,0.911783854,0.014648438,TRUE,5
CW_015_C,20,4,7.216,0.244079234,1.6691,2.710376272,29.56417018,11.10449354,0.037434896,0.000325521,TRUE,5
CW_015_C,21,5,19.604,0.164714075,3.86635,6.417436612,119.0183659,38.96107011,0.997070313,0.958007813,TRUE,5
CW_015_C,22,6,11.934,0.281387775,2.07725,3.261022821,42.41122418,11.58907072,0.26171875,0.000325521,TRUE,5
CW_015_C,23,7,15.329,0.175261001,2.286,8.704067928,87.46383901,49.66346115,0.970052083,0.977539063,TRUE,5
CW_015_C,24,8,7.185,0.382016559,1.4492,4.107946843,18.80808523,10.75332141,0.000976563,0,TRUE,5
CW_015_C,25,9,11.965,0.523661246,2.258,5.484415351,22.84874065,10.4732122,0.005208333,0,TRUE,5
DC_LP_011_C,1,8,16.757,0.247792363,3.3191,4.670193162,67.62516722,18.84720377,0.846354167,0.611328125,FALSE,0
DC_LP_011_C,2,24,13.2,0.241001049,3.4366,3.857953372,54.77154586,16.00803561,0.609700521,0.312174479,FALSE,0
DC_LP_011_C,3,26,9.013,0.155359768,1.8806,3.194290257,58.01373242,20.56060138,0.68359375,0.702799479,FALSE,0
DC_LP_011_C,4,30,14.9,0.301934411,3.586,4.401571455,49.34846601,14.57790599,0.456705729,0.130208333,FALSE,0
DC_LP_011_C,5,31,23.297,0.556384307,5.496,9.483855493,41.87213714,17.04551221,0.244791667,0.444661458,FALSE,0
DC_LP_011_C,6,34,16.518,0.296439359,3.009,5.474003838,55.72134567,18.46584696,0.633463542,0.580078125,FALSE,0
DC_LP_011_C,7,42,6.12,0.145185234,1.054,2.225721686,42.15304706,15.33022075,0.254557292,0.23046875,FALSE,0
DC_LP_011_C,8,44,16.728,0.328142675,4.62825,5.732224975,50.97782548,17.46869706,0.505533854,0.480794271,FALSE,0
DC_LP_011_C,9,59,6.605,0.184830655,1.8716,2.650106037,35.73541418,14.33802223,0.111653646,0.103190104,FALSE,0
DC_LP_011_C,10,63,15.84,0.355117789,2.3216,5.280884242,44.60491841,14.87079613,0.321289063,0.163736979,FALSE,0
DC_LP_011_C,11,71,14.041,0.309375263,1.3697,4.725126262,45.38501188,15.27312239,0.341471354,0.222005208,FALSE,0
DC_LP_011_C,12,73,11.159,0.181123549,2.169,4.173749848,61.60987919,23.04366197,0.75390625,0.808919271,FALSE,0
DC_LP_011_C,13,19,13.012,0.250409724,1.6907,3.891841499,51.9628384,15.54189447,0.534505208,0.255859375,FALSE,1
DC_LP_011_C,14,4,15.217,0.367329251,1.6972,5.634641787,41.42605017,15.33948566,0.235677083,0.231445313,FALSE,2
DC_LP_011_C,15,16,13.352,0.279983629,2.397,4.525266068,47.68850257,16.16260954,0.408528646,0.330078125,FALSE,3
DC_LP_011_C,16,18,7.624,0.183821816,1.4406,4.229937045,41.47494653,23.01107198,0.237955729,0.808919271,FALSE,3
DC_LP_011_C,17,6,13.096,0.212376823,1.3427,3.704192887,61.66397926,17.44160609,0.754557292,0.480794271,FALSE,4
DC_LP_011_C,18,10,14.032,0.311641461,1.3492,5.514595751,45.02610127,17.69532118,0.334635417,0.508789063,FALSE,4
DC_LP_011_C,19,3,12.413,0.281223006,0.74625,5.576440482,44.1393475,19.8292471,0.310546875,0.669921875,FALSE,6
DC_LP_011_C,20,4,10.709,0.299550412,0.7543,5.18045739,35.75024289,17.29410869,0.112304688,0.465494792,FALSE,6
DC_LP_011_C,21,1,15.049,0.22122677,1.21415,3.61247687,68.02522133,16.32929355,0.852213542,0.358398438,FALSE,7
DC_LP_011_C,22,1,10.605,0.398763215,0.7067,5.731713467,26.59472988,14.37372667,0.018880208,0.104492188,TRUE,9
DC_LP_011_C,23,2,3.394,0.251663835,0.551,5.082201918,13.48624444,20.194407,0,0.685872396,TRUE,9
DC_LP_011_C,24,3,11.13,0.314974362,1.0898,2.850368974,35.33620934,9.049526931,0.10546875,0,TRUE,9
DC_LP_011_C,25,4,7.525,0.404704313,1.28,3.702187801,18.59382209,9.147883234,0.000976563,0,TRUE,9
DC_LP_011_C,26,5,26.963,0.270590825,3.3394,9.181868602,99.64491572,33.93266784,0.987304688,0.947591146,TRUE,9
DC_LP_011_C,27,1,10.605,0.398763215,0.7067,5.731713467,26.59472988,14.37372667,0.018880208,0.104492188,TRUE,9
DC_LP_011_C,28,2,3.394,0.251663835,0.551,5.082201918,13.48624444,20.194407,0,0.685872396,TRUE,9
DC_LP_011_C,29,3,11.13,0.314974362,1.0898,2.850368974,35.33620934,9.049526931,0.10546875,0,TRUE,9
DC_LP_011_C,30,4,7.525,0.404704313,1.28,3.702187801,18.59382209,9.147883234,0.000976563,0,TRUE,9
DC_LP_011_C,31,5,26.963,0.270590825,3.3394,9.181868602,99.64491572,33.93266784,0.987304688,0.947591146,TRUE,9
DC_PP_001_C,1,4,11.876,0.278641457,1.471,5.907130735,42.62108065,21.19975542,0.267903646,0.729166667,FALSE,0
DC_PP_001_C,2,3,6.607,0.16358464,2.41155,2.486755177,40.38887758,15.20164226,0.2109375,0.210611979,FALSE,1
DC_PP_001_C,3,2,18.629,0.398245843,4.09475,5.698046155,46.77763827,14.30786096,0.380859375,0.101236979,FALSE,2
DC_PP_001_C,4,1,14.652,0.283476476,4.794,3.161519484,51.68682848,11.15266962,0.524739583,0.000325521,TRUE,4
DC_PP_006_C,1,9,9.262,0.252564118,1.9126,4.207632562,36.6718759,16.65966089,0.130208333,0.393880208,FALSE,0
DC_PP_006_C,2,18,10.303,0.286641073,1.993,4.541296432,35.94390677,15.84314623,0.115559896,0.291666667,FALSE,0
DC_PP_006_C,3,24,12.633,0.347594782,1.87915,6.713055558,36.34404383,19.31287782,0.12109375,0.635742188,FALSE,0
DC_PP_006_C,4,5,8.557,0.189748829,2.1526,3.142381508,45.09645746,16.56074255,0.334960938,0.384440104,FALSE,1
DC_PP_006_C,5,6,10.043,0.237954543,2.034,4.762639912,42.20554015,20.01491487,0.255208333,0.677408854,FALSE,1
DC_PP_006_C,6,7,7.301,0.198157416,1.2239,4.674535519,36.84444494,23.59001048,0.134440104,0.836914063,FALSE,1
DC_PP_006_C,7,4,9.82,0.256359317,1.519,4.304823385,38.30560986,16.79214716,0.164713542,0.410807292,FALSE,3
DC_PP_006_C,8,2,10.616,0.268116259,1.868,6.124540684,39.59476401,22.84285447,0.192708333,0.800130208,FALSE,4
DC_PP_006_C,9,1,7.211,0.310162281,0.71,7.687181979,23.24911968,24.78438689,0.005859375,0.885416667,TRUE,6
DC_PP_010_C,1,1,9.218,0.547492088,1.18345,7.586353454,16.83677299,13.85655358,0.000325521,0.058919271,TRUE,1
DC_PP_010_C,2,2,4.427,0.316007853,0.7356,2.037955396,14.00914552,6.449065667,0,0,TRUE,1
LJ_001_C,1,5,17.474,0.355120815,6.6075,6.305306355,49.20578928,17.75538376,0.452473958,0.517578125,FALSE,0
LJ_001_C,2,7,18.317,0.415459472,7.1485,7.289500683,44.08853625,17.54563603,0.309895833,0.491210938,FALSE,0
LJ_001_C,3,8,18.937,0.293117174,1.805,4.917336073,64.60556281,16.77600805,0.805013021,0.410807292,FALSE,0
LJ_001_C,4,2,18.335,0.415036002,7.807,7.744414775,44.17689046,18.65962166,0.310872396,0.598958333,FALSE,1
LJ_001_C,5,4,17.841,0.376339319,7.2078,7.041235095,47.40668614,18.70980451,0.396809896,0.603190104,FALSE,1
LJ_001_C,6,1,19.179,0.215736202,3.47845,6.727795168,88.9002394,31.18528605,0.974283854,0.941080729,TRUE,3
LJ_002_C,1,1,20.614,0.396021919,6.9533,6.729630081,52.05267432,16.99307475,0.538411458,0.4375,FALSE,0
LJ_002_C,2,11,22.059,0.414043933,9.3974,6.997046688,53.27695501,16.89928562,0.568359375,0.42578125,FALSE,0
LJ_002_C,3,1,20.514,0.411759629,7.0939,5.394048576,49.82032856,13.09999378,0.467773438,0.017252604,TRUE,1
LJ_003_C,1,13,19.345,0.363231088,6.3077,6.266686218,53.25810659,17.25261528,0.568359375,0.462239583,FALSE,0
LJ_003_C,2,17,19.427,0.416350994,1.58365,7.296368216,46.66015045,17.5245606,0.378255208,0.491210938,FALSE,0
LJ_003_C,3,19,6.894,0.145530176,1.0138,2.375268165,47.37161871,16.32148214,0.396484375,0.352539063,FALSE,0
LJ_003_C,4,23,18.512,0.303432487,6.101,5.385322301,61.00862901,17.74800834,0.7421875,0.517578125,FALSE,0
LJ_003_C,5,1,3.135,0.313802478,0.576,0.929340302,9.990360871,2.961545452,0,0,TRUE,1
LJ_003_C,6,2,4.601,0.711222173,0.6059,2.315782931,6.469145891,3.256061211,0,0,TRUE,1
LJ_003_C,7,3,3.324,0.275035854,0.5678,0.956994929,12.08569701,3.479527905,0,0,TRUE,1
N1_001_C,1,6,23.01,0.526534869,6.31705,7.915550421,43.7008095,15.03328818,0.299153646,0.184895833,FALSE,0
N1_001_C,2,14,15.517,0.250170104,4.676,5.079125241,62.02579658,20.30268667,0.762369792,0.69140625,FALSE,0
N1_001_C,3,16,19.009,0.407642324,4.563,6.801672833,46.6315662,16.68539413,0.378255208,0.40234375,FALSE,0
N1_001_C,4,29,16.239,0.258354879,2.349,4.145923191,62.85540298,16.04739657,0.774414063,0.319335938,FALSE,0
N1_001_C,5,35,5.806,0.144787179,1.30005,2.984291242,40.10023575,20.61157119,0.205403646,0.702799479,FALSE,0
N1_001_C,6,47,9.128,0.129405964,1.05845,2.75733424,70.5377074,21.30762881,0.876302083,0.735677083,FALSE,0
N1_001_C,7,5,10.056,0.250748081,2.0998,3.848047682,40.10399589,15.34626973,0.205403646,0.231445313,FALSE,1
N1_001_C,8,7,12.826,0.322402436,4.3262,5.013909881,39.78257781,15.55171215,0.196289063,0.255859375,FALSE,1
N1_001_C,9,1,7.534,0.590789759,1.188,1.969896997,12.75242146,3.334345199,0,0,TRUE,3
N1_001_C,10,2,8.689,0.17740141,0.7926,0.752155919,48.97931762,4.23985311,0.448242188,0,TRUE,3
N1_001_C,11,4,14.525,0.14201131,2.978,3.323391678,102.2805857,23.40230273,0.989908854,0.827148438,TRUE,3
N1_001_C,12,6,2.765,0.168991333,0.76515,1.116758236,16.36178588,6.608375815,0.000325521,0,TRUE,3
N1_001_C,13,7,19.364,0.177990155,2.0696,5.314296146,108.792534,29.85724769,0.993489583,0.936848958,TRUE,3
N1_001_C,14,8,6.891,0.214161186,1.363,1.642092562,32.17669888,7.667554474,0.060546875,0,TRUE,3
N1_001_C,15,9,10.401,0.286301544,1.617,1.783636984,36.32882961,6.229924438,0.120768229,0,TRUE,3
N1_001_C,16,11,9.902,0.306042796,1.6461,1.173653474,32.35495205,3.834932527,0.063802083,0,TRUE,3
N1_001_C,17,13,15.846,0.213870864,4.4468,3.308991964,74.09143855,15.47191561,0.909830729,0.246744792,TRUE,3
N1_001_C,18,14,8.324,0.873627315,0.7402,0.900484399,9.52809036,1.030742038,0,0,TRUE,3
N1_001_C,19,15,2.32,0.222816377,0.59095,0.632103869,10.41216105,2.836882453,0,0,TRUE,3
N1_001_C,20,16,7.128,0.189988319,0.83835,0.53761258,37.51809603,2.829713863,0.148111979,0,TRUE,3
N1_001_C,21,17,9.915,0.31320184,0.85,0.631826844,31.65690215,2.017315237,0.055338542,0,TRUE,3
N1_001_C,22,18,5.025,0.314449704,0.6393,2.487388962,15.98029807,7.910291946,0.000325521,0,TRUE,3
N1_002_C,1,6,18.615,0.333250022,3.145,6.950616506,55.85896108,20.85706242,0.634765625,0.713216146,FALSE,0
N1_002_C,2,13,21.073,0.445173098,5.037,6.751966367,47.33664293,15.16705837,0.394856771,0.206380208,FALSE,0
N1_002_C,3,14,22.4,0.439886744,6.153,8.113228963,50.92219831,18.44390421,0.504231771,0.580078125,FALSE,0
N1_002_C,4,18,22.116,0.523911288,6.69,10.67404192,42.21325348,20.37375824,0.255208333,0.692708333,FALSE,0
N1_002_C,5,22,21.707,0.393591376,8.2019,6.876195439,55.15110679,17.47039153,0.617513021,0.480794271,FALSE,0
N1_002_C,6,24,23.317,0.39620993,6.537,6.376828935,58.85011513,16.09457121,0.699544271,0.32421875,FALSE,0
N1_002_C,7,4,22.263,0.308886494,5.595,7.268983562,72.07501921,23.53286304,0.897786458,0.836914063,FALSE,1
N1_002_C,8,1,9.356,0.337008085,1.249,2.358367393,27.76194525,6.997954943,0.024739583,0,TRUE,3
N1_002_C,9,2,2.1,0.407110552,0.62535,0.857068417,5.158304022,2.105247362,0,0,TRUE,3
N1_002_C,10,3,19.829,0.328319994,4.705,4.36704153,60.39534719,13.30117451,0.730794271,0.025065104,TRUE,3
N1_003_C,1,2,19.929,0.360052849,4.167,6.574292469,55.3502077,18.259243,0.624023438,0.5625,FALSE,0
N1_003_C,2,7,17.303,0.29054853,3.7981,6.094858364,59.55287407,20.97707523,0.712890625,0.71875,FALSE,0
N1_003_C,3,30,19.723,0.416440972,10.1054,9.067419612,47.36085385,21.77360113,0.395507813,0.755859375,FALSE,0
N1_003_C,4,44,11.601,0.167264033,2.9836,2.993095665,69.35740932,17.89443679,0.865234375,0.52734375,FALSE,0
N1_003_C,5,23,12.339,0.228647004,0.794,5.033242565,53.96528183,22.01315776,0.585286458,0.763020833,FALSE,1
N1_003_C,6,1,18.938,0.286855269,3.6392,5.403780558,66.01935564,18.83800351,0.826822917,0.611328125,FALSE,3
N1_003_C,7,4,18.608,0.292854984,1.996,4.566622494,63.53998052,15.59346003,0.790364583,0.261393229,FALSE,3
N1_003_C,8,1,11.805,0.297219754,2.4378,2.278597661,39.71808688,7.66637356,0.1953125,0,TRUE,5
N1_003_C,9,2,3.908,0.386017423,0.603,2.168791138,10.12389535,5.618376287,0,0,TRUE,5
N1_003_C,10,3,6.419,0.261079953,1.583,1.602596774,24.58633813,6.138337151,0.010742188,0,TRUE,5
N1_003_C,11,4,3.509,0.258010153,0.6859,0.849411355,13.60023999,3.292162518,0,0,TRUE,5
N1_004_C,1,6,11.835,0.261750723,2.912,6.162642382,45.21477478,23.5439364,0.338541667,0.836914063,FALSE,0
N1_004_C,2,9,17.944,0.395964735,2.735,8.13678548,45.31716693,20.54926805,0.340169271,0.702148438,FALSE,0
N1_004_C,3,10,20.768,0.442517691,3.471,8.676976,46.93145698,19.60820136,0.383789063,0.654947917,FALSE,0
N1_004_C,4,1,6.205,0.382840671,0.8457,2.997486321,16.20778686,7.829592171,0.000325521,0,TRUE,1
N1_005_C,1,2,18.178,0.418378101,4.6907,6.41455262,43.44873684,15.33195119,0.293294271,0.23046875,FALSE,0
N1_005_C,2,8,20.42,0.359283133,3.389,7.626073153,56.83539832,21.22580339,0.653320313,0.729492188,FALSE,0
N1_005_C,3,10,21.148,0.495335208,2.712,8.31348776,42.69432023,16.78355914,0.26953125,0.410807292,FALSE,0
N1_005_C,4,12,18.729,0.387731965,2.644,8.497327851,48.30398753,21.91546898,0.427408854,0.762695313,FALSE,0
N1_005_C,5,14,19.238,0.508487583,4.89295,8.34895775,37.83376556,16.41919691,0.155273438,0.365234375,FALSE,0
N1_005_C,6,25,21.303,0.368147896,4.317,8.004015867,57.86533131,21.74130545,0.679361979,0.749674479,FALSE,0
N1_005_C,7,1,2.109,0.284786522,0.5801,1.057025108,7.405547097,3.711640217,0,0,TRUE,1
N1_005_C,8,2,2.435,0.182373403,0.7048,1.14158238,13.35172761,6.259588084,0,0,TRUE,1
N1_005_C,9,3,3.145,0.521380577,0.654,1.175547453,6.032062063,2.254682096,0,0,TRUE,1
N1_006_C,1,3,13.135,0.206333076,2.574,4.204746789,63.65920714,20.37844285,0.791666667,0.692708333,FALSE,0
N1_006_C,2,12,12.423,0.200276964,3.433,3.512622236,62.02910089,17.53882308,0.762369792,0.491210938,FALSE,0
N1_006_C,3,13,23.081,0.355023517,4.9738,7.716585462,65.01259459,21.73542057,0.813802083,0.749674479,FALSE,0
N1_006_C,4,17,21.407,0.438303427,4.13315,6.796276761,48.84059461,15.50587182,0.444335938,0.251953125,FALSE,0
N1_006_C,5,18,19.15,0.369766143,3.373,7.475576746,51.7894901,20.21703958,0.528971354,0.685872396,FALSE,0
N1_006_C,6,21,22.035,0.353062924,3.167,5.136226294,62.41097117,14.54762293,0.769856771,0.127929688,FALSE,0
N1_006_C,7,30,13.379,0.301596535,3.613,5.030408041,44.36058916,16.67926335,0.316080729,0.396158854,FALSE,0
N1_006_C,8,32,19.622,0.402786228,4.59915,7.479534955,48.71566765,18.56949032,0.438151042,0.595052083,FALSE,0
N1_006_C,9,1,10.005,0.361419051,2.61,2.770753943,27.68254737,7.666319569,0.024739583,0,TRUE,1
N1_006_C,10,2,7.461,0.234325491,2.2879,1.967338543,31.84032591,8.39575129,0.057291667,0,TRUE,1
N1_006_C,11,3,13.193,0.218030154,2.8062,6.62772506,60.50997878,30.3982038,0.732096354,0.939127604,TRUE,1
N1_006_C,12,4,3.634,0.689994473,0.62835,1.780337755,5.266708854,2.580220313,0,0,TRUE,1
N1_006_C,13,5,20.009,0.393806174,5.62905,4.928798564,50.80925924,12.51579809,0.500976563,0.004882813,TRUE,1
N1_006_C,14,6,10.121,0.396512671,1.0324,1.444687163,25.52503549,3.643482968,0.015299479,0,TRUE,1
N1_006_C,15,7,11.159,0.311109212,2.8907,2.798393188,35.86843328,8.994890165,0.114583333,0,TRUE,1
N1_006_C,16,8,3.497,0.500973763,0.575,2.721019039,6.980405482,5.431460171,0,0,TRUE,1
N1_006_C,17,9,21.949,0.513692465,8.9752,5.629143659,42.72789949,10.95819784,0.271158854,0.000325521,TRUE,1
N1_006_C,18,10,12.049,0.378642855,1.0681,1.523335906,31.82154328,4.023147103,0.056966146,0,TRUE,1
N1_007_C,1,11,8.73,0.180595225,1.4165,3.044311159,48.3401486,16.85709666,0.428385417,0.419921875,FALSE,0
N1_007_C,2,23,6.932,0.164974609,1.2957,2.596892397,42.01858717,15.7411641,0.25,0.278971354,FALSE,0
N1_007_C,3,33,21.141,0.448375866,6.611,10.5252352,47.15017373,23.47413407,0.390299479,0.827148438,FALSE,0
N1_007_C,4,36,7.811,0.145004616,1.77995,2.296697091,53.86725062,15.83878605,0.583333333,0.291666667,FALSE,0
N1_007_C,5,8,8.205,0.196617016,1.344,4.8086001,41.7308744,24.45668334,0.241861979,0.877604167,FALSE,1
N1_007_C,6,1,7.814,0.318907914,1.8861,3.844821248,24.50237096,12.05621148,0.010416667,0.001302083,TRUE,3
N1_007_C,7,2,5.924,0.245770143,1.0688,5.577690192,24.10382294,22.69474288,0.008138021,0.795572917,TRUE,3
N1_007_C,8,3,10.25,0.366784091,1.46,4.633498384,27.94559594,12.63276816,0.026041667,0.006184896,TRUE,3
N1_007_C,9,4,2.808,0.422546946,0.6107,1.945289358,6.645415442,4.603723626,0,0,TRUE,3
N1_007_C,10,5,4.366,0.212727415,0.8395,2.271576224,20.52391788,10.67834262,0.002929688,0,TRUE,3
N1_007_C,11,6,8.623,0.453446553,1.196,2.878416962,19.01657416,6.347863809,0.000976563,0,TRUE,3
RM_001_C,1,1,13.454,0.375406384,2.2098,6.270327241,35.83849551,16.70277201,0.113932292,0.40234375,FALSE,0
RM_001_C,2,1,12.287,0.2156435,1.921,7.084190065,56.9782999,32.85139628,0.657877604,0.9453125,TRUE,1
RM_001_C,3,2,11.973,0.599615108,2.12,8.417103914,19.96780907,14.03751139,0.002604167,0.074869792,TRUE,1
RM_002_C,1,1,14.234,0.591635636,2.301,9.904534138,24.05872659,16.74093571,0.008138021,0.405598958,TRUE,1
RM_002_C,2,2,3.714,0.499147898,0.59415,3.332478225,7.44068043,6.67633428,0,0,TRUE,1
RM_003_C,1,6,10.125,0.206471546,2.15675,3.965709572,49.03823413,19.20705131,0.44921875,0.630533854,FALSE,0
RM_003_C,2,8,14.312,0.221549879,2.421,4.640204523,64.5994484,20.9442882,0.805013021,0.71875,FALSE,0
RM_003_C,3,17,15.303,0.421874068,2.4765,7.210740007,36.27385787,17.0921622,0.119791667,0.44921875,FALSE,0
RM_003_C,4,18,10.201,0.174993742,2.1462,2.720258902,58.29351329,15.5448925,0.689453125,0.255859375,FALSE,0
RM_003_C,5,2,15.581,0.44977727,2.091,7.727907443,34.64159047,17.18163178,0.094075521,0.457356771,TRUE,1
RM_003_C,6,4,13.867,0.436626782,2.887,5.175827947,31.75938942,11.85412384,0.056640625,0.000976563,TRUE,1
RM_003_C,7,5,11.101,0.505281863,2.168,5.11039798,21.96991583,10.11395491,0.004231771,0,TRUE,1
RM_003_C,8,6,11.854,0.341194414,1.908,5.238933904,34.74265551,15.35468836,0.096028646,0.231445313,TRUE,1
RM_003_C,9,7,11.637,0.376137848,2.0903,3.497229971,30.93812562,9.297734827,0.047851563,0,TRUE,1
RM_003_C,10,8,17.229,0.411196928,4.119,5.734631636,41.89963208,13.94619279,0.245768229,0.065755208,TRUE,1
RM_004_C,1,1,13.521,0.417956012,2.75,9.710946558,32.3502943,23.23437461,0.063802083,0.814453125,TRUE,1
RM_004_C,2,2,3.567,0.236170512,1.11485,2.07182645,15.10349436,8.772587358,0.000325521,0,TRUE,1
RM_004_C,3,3,12.822,0.378556981,2.34015,6.224180859,33.87072655,16.44185992,0.081705729,0.371744792,TRUE,1
RM_004_C,4,4,16.062,0.640286678,3.153,8.007178451,25.0856383,12.50561464,0.013020833,0.004557292,TRUE,1
RM_004_C,5,5,14.135,0.579870448,4.10345,5.878401059,24.37613443,10.13743859,0.009440104,0,TRUE,1
RM_004_C,6,6,11.766,0.327370301,2.1699,8.928725564,35.94095117,27.27408546,0.115559896,0.930338542,TRUE,1
RM_005_C,1,5,15.207,0.275996232,2.21125,5.621215931,55.09857834,20.36700245,0.616536458,0.692708333,FALSE,0
RM_005_C,2,9,19.4,0.4049097,2.245,8.253420023,47.91191716,20.38335961,0.413085938,0.6953125,FALSE,0
RM_005_C,3,12,12.84,0.274594001,2.56,5.781169312,46.75994368,21.05351647,0.380859375,0.724934896,FALSE,0
RM_005_C,4,2,14.406,0.397993519,2.16265,6.320064054,36.19656933,15.87981652,0.118815104,0.296549479,FALSE,1
RM_005_C,5,5,8.538,0.226556594,1.491,4.096261628,37.6859479,18.08052264,0.151692708,0.545572917,FALSE,2
RM_005_C,6,7,11.182,0.255497999,2.311,4.594107197,43.76550908,17.9809909,0.300455729,0.537434896,FALSE,2
RM_005_C,7,1,13.506,0.254470233,2.5213,3.157626007,53.07497014,12.40862624,0.563476563,0.003580729,TRUE,4
RM_005_C,8,2,8.822,0.423454309,1.2716,2.8005531,20.83341655,6.613589809,0.003255208,0,TRUE,4
RM_005_C,9,3,12.303,0.496537723,2.032,5.673828978,24.77757364,11.42678333,0.011067708,0.000325521,TRUE,4
RM_005_C,10,4,7.034,0.400039677,1.807,6.842580447,17.58325587,17.10475445,0.000325521,0.452148438,TRUE,4
RM_006_C,1,2,6.824,0.189008521,1.2312,3.238644196,36.10419239,17.13491107,0.116861979,0.452148438,FALSE,0
RM_006_C,2,13,13.046,0.350348851,2.156,6.761498705,37.23717074,19.29933173,0.143229167,0.635742188,FALSE,0
RM_006_C,3,1,6.516,0.242435652,1.114,4.310325414,26.87723505,17.77925557,0.020182292,0.51953125,TRUE,1
RM_006_C,4,2,6.525,0.290352395,0.679,4.133565931,22.47269219,14.23637621,0.004882813,0.090820313,TRUE,1
RM_007_C,1,1,17.221,0.430297037,2.7187,5.062635194,40.02119125,11.76544285,0.205403646,0.000651042,TRUE,1
RM_007_C,2,2,9.681,0.293372251,1.789,3.419408176,32.99903098,11.65552694,0.070963542,0.000325521,TRUE,1
RM_007_C,3,3,2.104,0.504297873,0.6284,1.266113079,4.172137368,2.510645288,0,0,TRUE,1
RM_007_C,4,4,9.491,0.422836004,0.60975,5.003836189,22.44605452,11.83398798,0.004882813,0.000976563,TRUE,1
RM_007_C,5,5,1.399,0.250707062,0.7676,0.924566788,5.580217761,3.687837035,0,0,TRUE,1
RM_007_C,6,6,5.317,0.21788955,0.88405,2.52766794,24.40227169,11.60068456,0.009440104,0.000325521,TRUE,1
RM_007_C,7,7,6.209,0.244422852,1.5657,1.692476221,25.40269846,6.924378016,0.014648438,0,TRUE,1
RM_007_C,8,8,2.067,0.521977751,1.031,4.21225666,3.959938896,8.069801155,0,0,TRUE,1
RM_007_C,9,9,15.052,0.510878814,4.295,4.802446624,29.46295597,9.400363635,0.036458333,0,TRUE,1
RM_007_C,10,10,13.816,0.498098028,2.581,6.135404654,27.73751197,12.31766503,0.024739583,0.002929688,TRUE,1
RM_007_C,11,11,4.728,0.509588752,1.5855,3.152285489,9.278069779,6.185940087,0,0,TRUE,1
RM_008_C,1,4,11.788,0.292625356,2.6283,5.334483491,40.2835905,18.22973774,0.207356771,0.5625,FALSE,0
RM_008_C,2,5,12.453,0.354016869,2.906,5.566671155,35.17628989,15.72431047,0.103190104,0.275065104,FALSE,0
RM_008_C,3,18,6.807,0.187160285,2.3056,2.741735459,36.36989551,14.64913062,0.122395833,0.137044271,FALSE,0
RM_008_C,4,4,10.139,0.200436341,1.5705,3.08882312,50.58463915,15.41049442,0.492513021,0.241210938,FALSE,1
RM_008_C,5,7,12.293,0.347477364,3.4837,5.988572734,35.37784411,17.2344255,0.107096354,0.462239583,FALSE,1
RM_008_C,6,2,12.179,0.341666432,2.198,6.448977716,35.64587811,18.87506968,0.110351563,0.611328125,FALSE,2
RM_008_C,7,1,11.455,0.51452099,2.046,4.894139281,22.26342604,9.512030372,0.004557292,0,TRUE,4
RM_008_C,8,2,5.807,0.431121397,0.87695,1.942488759,13.46952399,4.505665393,0,0,TRUE,4
RM_008_C,9,3,11.717,0.201548763,1.40585,2.73028717,58.13481464,13.54653397,0.686197917,0.038736979,TRUE,4
RM_008_C,10,4,12.818,0.242333967,2.886,7.593423434,52.89394688,31.33454016,0.559570313,0.941080729,TRUE,4
RM_008_C,11,5,5.511,0.190569147,1.0925,1.459470234,28.91863713,7.658481238,0.033203125,0,TRUE,4
RM_008_C,12,6,6.819,0.292342405,0.9465,1.779557515,23.32538793,6.087237043,0.005859375,0,TRUE,4
RM_009_C,1,1,8.354,0.481795908,2.897,6.212412401,17.33929215,12.89428221,0.000325521,0.010416667,TRUE,1
RM_009_C,2,2,14.908,0.494656821,3.34585,7.277429104,30.13806616,14.71207673,0.040690104,0.145507813,TRUE,1
RM_009_C,3,3,15.112,0.602308988,2.8978,6.012757467,25.09011205,9.982845326,0.013020833,0,TRUE,1
RM_009_C,4,4,10.831,0.575368956,4.894,6.103490896,18.82444279,10.60796004,0.000976563,0,TRUE,1
RM_009_C,5,5,11.42,0.574000275,1.8422,3.192516998,19.89546085,5.561873638,0.002604167,0,TRUE,1
RM_009_C,6,6,13.322,0.538785507,2.21125,7.905582684,24.72598061,14.67296834,0.011067708,0.141601563,TRUE,1
RM_009_C,7,7,8.321,0.321562252,1.46525,5.607958696,25.87679355,17.43972953,0.015950521,0.480794271,TRUE,1
RM_010_C,1,2,10.313,0.260563524,2.0108,4.858605988,39.57959973,18.64653158,0.192057292,0.598958333,FALSE,0
RM_010_C,2,1,11.451,0.415533826,1.983,7.489241882,27.55732334,18.02318226,0.024739583,0.543294271,TRUE,1
RM_010_C,3,2,16.253,0.487545842,3.114,6.617300425,33.3363524,13.57267328,0.076497396,0.041015625,TRUE,1
RM_010_C,4,3,10.711,0.341014046,1.785,6.975119015,31.40926346,20.45405198,0.053710938,0.6953125,TRUE,1
RM_011_C,1,2,13.209,0.487128527,2.1247,8.636579132,27.11604691,17.7295696,0.021158854,0.51171875,TRUE,1
RM_012_C,1,5,9.203,0.19986231,2.195,3.732095801,46.04670092,18.67333469,0.362630208,0.603190104,FALSE,0
RM_012_C,2,10,12.812,0.358751933,1.839,6.391446293,35.71269951,17.81578215,0.111653646,0.51953125,FALSE,0
RM_012_C,3,1,8.381,0.434425324,2.19465,5.397310797,19.2921534,12.42402432,0.000976563,0.003580729,TRUE,1
RM_012_C,4,2,8.842,0.326222591,1.2476,2.50812648,27.10419282,7.688389927,0.021158854,0,TRUE,1
RM_012_C,5,3,12.103,0.38449164,2.237,6.394863822,31.47792754,16.63199703,0.053710938,0.393880208,TRUE,1
RM_012_C,6,4,16.683,0.501992155,1.9256,6.898584339,33.2335871,13.74241465,0.075195313,0.052408854,TRUE,1
RM_013_C,1,3,16.728,0.351859363,3.8598,5.569684027,47.54172195,15.82929037,0.401692708,0.289713542,FALSE,0
RM_013_C,2,6,14.922,0.411994968,2.21725,6.976991672,36.21888896,16.93465264,0.118815104,0.427083333,FALSE,0
RM_013_C,3,1,12.355,0.404386564,2.528,5.085293822,30.55244932,12.57532835,0.043294271,0.005533854,TRUE,1
RM_013_C,4,2,10.903,0.318468026,2.491,5.757208685,34.23577603,18.07782327,0.087239583,0.545572917,TRUE,1
RM_013_C,5,3,14.714,0.439611907,3.311,6.345863387,33.470431,14.43514901,0.077148438,0.109049479,TRUE,1
RM_013_C,6,4,13.298,0.469764657,2.116,7.881281358,28.30779158,16.77708453,0.028320313,0.410807292,TRUE,1
RM_014_C,1,1,10.109,0.199350704,2.11155,3.613736593,50.70962786,18.12753366,0.498697917,0.553385417,FALSE,0
RM_014_C,2,9,7.817,0.146032453,2.06445,2.788213391,53.52919729,19.09310793,0.576497396,0.619466146,FALSE,0
RM_014_C,3,11,5.763,0.138184956,1.6553,2.152474728,41.70497394,15.57676599,0.241861979,0.261393229,FALSE,0
RM_014_C,4,12,12.719,0.246904348,2.21,5.949669004,51.51387622,24.09706051,0.522135417,0.861002604,FALSE,0
RM_014_C,5,18,9.412,0.192201915,1.9493,4.125146671,48.9693351,21.46256796,0.448242188,0.743164063,FALSE,0
RM_014_C,6,20,18.392,0.511807128,3.1785,9.354284597,35.93541195,18.27697208,0.115559896,0.5625,FALSE,0
RM_014_C,7,1,11.342,0.219724933,3.051,3.486543729,51.61908508,15.86776559,0.5234375,0.291666667,FALSE,1
RM_014_C,8,1,6.757,0.252744092,2.1901,4.841573837,26.73455176,19.15603172,0.01953125,0.625,TRUE,3
RM_014_C,9,2,4.656,0.441825399,0.73675,0.913684433,10.53809947,2.067976254,0,0,TRUE,3
RM_014_C,10,3,5.711,0.284974246,1.4545,2.593343679,20.04040746,9.10027386,0.002604167,0,TRUE,3
RM_014_C,11,4,5.19,0.235724396,1.5962,3.631985946,22.01723745,15.40776435,0.004231771,0.241210938,TRUE,3
RM_015_C,1,9,14.305,0.377435783,2.739,7.118105612,37.90048705,18.85911706,0.157877604,0.611328125,FALSE,0
RM_015_C,2,10,13.117,0.305074699,2.614,5.463476821,42.99602705,17.90865267,0.279622396,0.52734375,FALSE,0
RM_015_C,3,16,12.296,0.341548464,2.676,8.029345878,36.00074752,23.50865758,0.116210938,0.827148438,FALSE,0
RM_015_C,4,1,16.568,0.537515499,4.491,7.091630204,30.82329727,13.19335019,0.045572917,0.020833333,TRUE,1
RM_015_C,5,2,10.777,0.463410819,1.77955,3.581376911,23.25582302,7.728298005,0.005859375,0,TRUE,1
RM_015_C,6,3,4.155,0.239367022,1.31305,2.249804846,17.35828089,9.398975803,0.000325521,0,TRUE,1
RM_015_C,7,4,12.054,0.39466001,2.7663,4.787781617,30.54274488,12.13140803,0.042643229,0.001627604,TRUE,1
RM_015_C,8,5,11.723,0.472016176,2.434,6.840872149,24.83601323,14.4928765,0.011067708,0.120442708,TRUE,1
RM_015_C,9,6,16.756,0.750950072,2.8931,11.34488441,22.31306796,15.10737508,0.004557292,0.198567708,TRUE,1
SC_U1_009_C,1,9,14.401,0.390170743,4.975,5.778915221,36.90948194,14.81124693,0.135091146,0.154947917,FALSE,0
SC_U1_009_C,2,12,3.809,0.294531697,0.9039,2.149782203,12.93239419,7.298984211,0,0,TRUE,0
SC_U1_009_C,3,13,3.404,0.567089169,0.6972,2.471557126,6.002583339,4.358321863,0,0,TRUE,0
SC_U1_009_C,4,14,5.501,0.455171563,1.0571,3.133637142,12.08555289,6.88451871,0,0,TRUE,0
SC_U1_010_C,1,3,10.608,0.231792993,1.79915,4.159956698,45.76497265,17.94686129,0.353841146,0.537434896,FALSE,0
SC_U1_010_C,2,10,9.922,0.181590059,2.09665,3.271645448,54.63955481,18.01665499,0.603515625,0.543294271,FALSE,0
SC_U1_010_C,3,1,9.322,0.25506604,1.54395,3.565963733,36.54739772,13.98055083,0.127278646,0.069010417,TRUE,1
SC_U1_010_C,4,2,2.157,0.382744435,0.592,0.913021573,5.635614273,2.385460086,0,0,TRUE,1
SC_U1_010_C,5,3,2.949,0.418615186,0.59255,1.898634674,7.044656045,4.535513134,0,0,TRUE,1
SC_U1_010_C,6,4,4.966,0.286609889,0.786,4.038053955,17.32668754,14.0890252,0.000325521,0.077799479,TRUE,1
SC_U1_010_C,7,5,10.137,0.29085202,2.168,3.388732959,34.85277491,11.65105525,0.097005208,0.000325521,TRUE,1
SC_U2_008_C,1,3,7.737,0.216660742,0.96665,3.464210141,35.71020733,15.98909944,0.111653646,0.312174479,FALSE,0
SC_U2_008_C,2,8,14.394,0.314326655,5.199,5.583158147,45.7931256,17.76228027,0.354817708,0.517578125,FALSE,0
SC_U2_008_C,3,10,13.8,0.323125352,3.195,5.383148205,42.70788383,16.65962813,0.26953125,0.393880208,FALSE,0
SC_U2_008_C,4,1,2.047,0.494823952,0.57,2.778940521,4.136824807,5.616018605,0,0,TRUE,1
SC_U2_008_C,5,2,10.068,0.302518331,0.831,4.704321754,33.28062784,15.55053452,0.075846354,0.255859375,TRUE,1
SC_U2_008_C,6,3,15.534,0.356478932,3.8945,4.348862607,43.5762077,12.19949403,0.295898438,0.001627604,TRUE,1
SC_U2_008_C,7,4,3.649,0.337335976,0.5963,3.287548921,10.81710895,9.745622046,0,0,TRUE,1
SC_U2_009_C,1,10,16.368,0.403285259,3.37745,7.641343563,40.5866558,18.94773833,0.21484375,0.614583333,FALSE,0
SC_U2_009_C,2,11,14.451,0.277905788,2.227,6.368935073,51.99963667,22.91760499,0.534505208,0.800455729,FALSE,0
SC_U2_009_C,3,15,15.143,0.408285914,2.599,9.375446237,37.08920511,22.96294318,0.138997396,0.808919271,FALSE,0
SC_U2_009_C,4,1,10.866,0.360503417,1.6051,5.239086892,30.14118449,14.5326969,0.040690104,0.124348958,TRUE,1
SC_U2_009_C,5,2,12.011,0.313694679,1.86965,4.098687557,38.2888229,13.0658498,0.1640625,0.015950521,TRUE,1
SC_U2_009_C,6,3,9.534,0.279242307,1.6134,3.8323849,34.14239092,13.72422733,0.086914063,0.049804688,TRUE,1
SC_U2_009_C,7,4,9.341,0.29448894,1.486,7.507945204,31.7193576,25.49482912,0.055989583,0.908528646,TRUE,1
SC_U2_009_C,8,5,7.881,0.215305808,1.3861,2.640016026,36.60375018,12.26170373,0.127929688,0.002278646,TRUE,1
SC_U2_009_C,9,6,15.064,0.397791044,2.993,5.39345188,37.86912814,13.55850507,0.156575521,0.039388021,TRUE,1
SC_U2_010_C,1,7,6.717,0.185429135,1.63045,2.777166934,36.22408096,14.97697184,0.118815104,0.180664063,FALSE,0
SC_U2_010_C,2,9,16.299,0.277743571,2.9706,4.4708468,58.68362665,16.09703076,0.695638021,0.32421875,FALSE,0
SC_U2_010_C,3,1,15.505,0.414159708,2.2508,5.388616919,37.43724874,13.01096369,0.145833333,0.014648438,TRUE,1
SC_U2_010_C,4,2,6.3,0.259532108,1.461,2.798225064,24.27445317,10.78180687,0.009440104,0,TRUE,1
SC_U2_010_C,5,3,7.429,0.333558314,1.671,2.936688673,22.27196774,8.804123756,0.004557292,0,TRUE,1
SC_U2_010_C,6,4,7.902,0.48585428,1.519,5.044351516,16.26413581,10.38243712,0.000325521,0,TRUE,1
SC_U2_010_C,7,5,15.038,0.702494298,2.9724,4.230092889,21.40657945,6.021533415,0.00390625,0,TRUE,1
SC_U3_007_C,1,1,9.911,0.206349086,2.94385,3.233755943,48.03025883,15.67128795,0.421875,0.270182292,FALSE,0
SC_U3_007_C,2,10,11.264,0.270227874,2.8795,6.54598051,41.68333863,24.22392776,0.241536458,0.872395833,FALSE,0
SC_U3_007_C,3,12,8.809,0.226188477,2.0133,3.60677377,38.94539679,15.94587758,0.178059896,0.306315104,FALSE,0
SC_U3_007_C,4,14,10.985,0.236723151,1.715,4.928058725,46.40441772,20.8178148,0.373046875,0.713216146,FALSE,0
SC_U3_007_C,5,18,11.213,0.287103246,4.2498,5.098301599,39.05563649,17.75772888,0.180989583,0.517578125,FALSE,0
SC_U3_007_C,6,37,8.718,0.18256358,2.6106,2.971724233,47.75322649,16.27774953,0.411132813,0.350260417,FALSE,0
SC_U3_007_C,7,1,2.748,0.396667838,0.591,3.774218993,6.92771063,9.514809694,0,0,TRUE,1
SC_U3_007_C,8,2,2.048,0.173596506,0.6635,0.722051584,11.79747243,4.159367018,0,0,TRUE,1
SC_U3_007_C,9,3,5.531,0.240771407,0.7651,2.934138106,22.97199687,12.18640596,0.005533854,0.001627604,TRUE,1
SC_U3_007_C,10,4,4.801,0.304181324,0.6783,3.368320208,15.78334903,11.07339585,0.000325521,0.000325521,TRUE,1
SC_U3_007_C,11,5,12.911,0.515565145,1.45185,4.472218054,25.04242212,8.674399528,0.012695313,0,TRUE,1
SC_U3_007_C,12,6,2.437,0.377397353,0.939,1.629764715,6.457384991,4.318431764,0,0,TRUE,1
SC_U3_007_C,13,7,13.278,0.53403354,1.8924,6.42865959,24.86360688,12.03793228,0.011067708,0.001302083,TRUE,1
SC_U3_007_C,14,8,12.522,0.157429468,4.6352,4.077022094,79.54038209,25.89745209,0.94140625,0.916992188,TRUE,1
SC_U3_007_C,15,9,9.505,0.379546575,1.8042,4.348816788,25.04303986,11.45792658,0.012695313,0.000325521,TRUE,1
SC_U3_008_C,1,27,10.3,0.265645439,1.86045,4.15850858,38.77348711,15.65435717,0.174804688,0.270182292,FALSE,0
SC_U3_008_C,2,1,2.607,0.505178616,0.6954,3.762964857,5.160550975,7.44878096,0,0,TRUE,1
SC_U3_008_C,3,2,10.948,0.315279386,1.4144,7.496493766,34.72475681,23.77730389,0.095703125,0.848958333,TRUE,1
SC_U3_008_C,4,3,5.138,0.323934543,1.0915,2.548147498,15.86122912,7.866241979,0.000325521,0,TRUE,1
SC_U3_008_C,5,4,2.135,0.426999287,0.568,1.96184741,5.000008353,4.594498099,0,0,TRUE,1
SC_U3_008_C,6,5,6.152,0.492817412,0.587,5.579238243,12.48332518,11.32110618,0,0.000325521,TRUE,1
SC_U3_008_C,7,6,4.451,0.394836902,0.663,3.025575519,11.27300914,7.662848905,0,0,TRUE,1
SC_U3_008_C,8,7,7.469,0.293546812,0.69,4.705264751,25.4439827,16.0290099,0.014973958,0.317708333,TRUE,1
SC_U3_009_C,1,12,14.024,0.29901902,3.452,5.503177789,46.9000267,18.40410619,0.383463542,0.575520833,FALSE,0
SC_U3_009_C,2,20,11.642,0.287695048,1.905,6.061930511,40.46645951,21.07068077,0.211588542,0.724934896,FALSE,0
SC_U3_009_C,3,21,12.036,0.282697854,2.4026,4.135962514,42.57549117,14.63032864,0.265950521,0.135091146,FALSE,0
SC_U3_009_C,4,23,11.439,0.26186442,1.2662,4.041237569,43.68291037,15.43255691,0.299153646,0.241861979,FALSE,0
SC_U3_009_C,5,26,11.031,0.262323561,6.1035,5.27736923,42.05112172,20.11778586,0.250325521,0.681966146,FALSE,0
SC_U3_009_C,6,27,12.253,0.300979318,3.8268,5.459649978,40.71043844,18.13961841,0.219726563,0.553385417,FALSE,0
SC_U3_009_C,7,29,11.615,0.241819784,0.77275,4.178863697,48.03163675,17.28090083,0.421875,0.462239583,FALSE,0
SC_U3_009_C,8,33,10.737,0.287049264,1.69325,4.650623601,37.4047293,16.20148243,0.145507813,0.339192708,FALSE,0
SC_U3_009_C,9,39,11.666,0.220574086,2.785,3.935186795,52.88925913,17.84065782,0.559570313,0.5234375,FALSE,0
SC_U3_009_C,10,40,6,0.153162515,0.7777,3.531948371,39.17407586,23.06013557,0.181966146,0.808919271,FALSE,0
SC_U3_009_C,11,4,12.805,0.250903472,2.318,4.525026201,51.03556327,18.03492862,0.506510417,0.543294271,FALSE,1
SC_U3_009_C,12,10,9.414,0.234461901,1.8461,3.489450408,40.15151278,14.88280355,0.205403646,0.166341146,FALSE,1
SC_U3_009_C,13,1,9.399,0.451242141,1.0344,1.730134066,20.82917162,3.834158889,0.003255208,0,TRUE,3
SC_U3_009_C,14,2,11.725,0.229872239,2.2208,2.15230658,51.00659414,9.363055712,0.505859375,0,TRUE,3
SC_U3_009_C,15,3,2.352,0.248526652,0.7748,1.705074453,9.463773727,6.860730785,0,0,TRUE,3
SC_U3_009_C,16,4,13.125,0.30708408,1.607,3.899221195,42.74073729,12.69756867,0.271484375,0.007161458,TRUE,3
SC_U3_009_C,17,5,4.906,0.179642296,0.9974,2.455837481,27.30982689,13.67070862,0.0234375,0.047526042,TRUE,3
SC_U3_010_C,1,2,9.917,0.271702099,2.14,5.303708885,36.49953403,19.52030886,0.125976563,0.648763021,FALSE,0
SC_U3_010_C,2,4,9.093,0.185510997,3.09525,3.129285548,49.01596206,16.86846384,0.448567708,0.419921875,FALSE,0
SC_U3_010_C,3,16,11.223,0.25513954,2.207,4.759281618,43.9876939,18.6536419,0.306315104,0.598958333,FALSE,0
SC_U3_010_C,4,24,12.044,0.188991736,3.28295,4.715015826,63.72765409,24.9482645,0.791992188,0.891927083,FALSE,0
SC_U3_010_C,5,26,13.327,0.247714505,2.848,4.604517625,53.79983708,18.58800165,0.583333333,0.595052083,FALSE,0
SC_U3_010_C,6,27,11.16,0.318028235,2.895,5.452182824,35.09122395,17.14370686,0.101888021,0.452148438,FALSE,0
SC_U3_010_C,7,29,11.448,0.278986192,2.731,4.067725437,41.03428895,14.58038268,0.226236979,0.130208333,FALSE,0
SC_U3_010_C,8,34,11.005,0.2396911,1.47355,4.442461956,45.9132609,18.53411311,0.359049479,0.584309896,FALSE,0
SC_U3_010_C,9,1,9.138,0.619867942,1.216,5.939926463,14.74184965,9.582567612,0,0,TRUE,1
SC_U3_010_C,10,2,2.726,0.286104192,0.584,1.431755768,9.527997394,5.004315931,0,0,TRUE,1
SC_U3_010_C,11,3,9.732,0.296382856,1.027,7.377189476,32.83590737,24.89074294,0.069661458,0.885416667,TRUE,1
SC_U3_010_C,12,4,12.126,0.413204233,2.12205,5.184897791,29.34626275,12.54802679,0.035807292,0.005208333,TRUE,1
SC_U3_010_C,13,5,14.158,0.369861466,4.8733,4.684853242,38.27919722,12.66650807,0.1640625,0.006510417,TRUE,1
SC_U3_010_C,14,6,11.249,0.579333927,0.804,8.549055611,19.41712623,14.75669766,0.001302083,0.151041667,TRUE,1
SC_U3_010_C,15,7,11.966,0.249010906,3.1101,2.837628402,48.05412012,11.39559887,0.421875,0.000325521,TRUE,1
SR_CC_MX_002_C,1,10,16.47,0.236151146,3.00185,5.585460578,69.74346835,23.65205787,0.869140625,0.838867188,FALSE,0
SR_CC_MX_002_C,2,13,17.411,0.254308485,4.686,4.680213462,68.4640939,18.40368583,0.854817708,0.575520833,FALSE,0
SR_CC_MX_002_C,3,15,22.226,0.450864764,6.8156,9.025521641,49.29637841,20.01824575,0.456054688,0.677408854,FALSE,0
SR_CC_MX_002_C,4,17,17.743,0.31667603,5.6764,5.588490489,56.02886959,17.64734289,0.639322917,0.508789063,FALSE,0
SR_CC_MX_002_C,5,21,19.301,0.378388832,3.30825,6.033288614,51.00837645,15.94467939,0.505859375,0.306315104,FALSE,0
SR_CC_MX_002_C,6,22,9.136,0.141116523,2.1401,2.149880664,64.74082401,15.23479047,0.807291667,0.215169271,FALSE,0
SR_CC_MX_002_C,7,28,9.239,0.166004883,3.6195,3.193522165,55.65498938,19.23751945,0.6328125,0.630533854,FALSE,0
SR_CC_MX_002_C,8,36,8.619,0.225826059,2.2818,3.680208697,38.166543,16.29665199,0.162434896,0.352539063,FALSE,0
SR_CC_MX_002_C,9,43,6.205,0.164296788,3.146,2.919311214,37.76701962,17.76852279,0.153645833,0.517578125,FALSE,0
SR_CC_MX_002_C,10,48,16.15,0.240019498,4.8482,4.806118766,67.28620024,20.02386809,0.84375,0.677408854,FALSE,0
SR_CC_MX_002_C,11,50,13.197,0.239453771,3.1384,4.217867667,55.11293456,17.61453851,0.616861979,0.499023438,FALSE,0
SR_CC_MX_002_C,12,1,13.047,0.328772412,0.7025,5.326858988,39.68398666,16.2022688,0.194010417,0.339192708,FALSE,1
SR_CC_MX_002_C,13,1,17.34,0.315832143,1.953,4.247531246,54.90258162,13.44869844,0.61328125,0.032226563,TRUE,3
SR_CC_MX_002_C,14,3,10.513,0.402929718,2.0923,4.714381056,26.09139887,11.7002565,0.016927083,0.000325521,TRUE,3
SR_CC_MX_002_C,15,4,8.717,0.187038149,0.58635,1.073213165,46.60546541,5.737937255,0.377929688,0,TRUE,3
SR_CC_MX_002_C,16,5,2.441,0.265618493,0.7558,1.488746117,9.189872199,5.604828573,0,0,TRUE,3
SR_CC_MX_002_C,17,6,5.918,0.285766712,0.79195,3.275384539,20.70920003,11.46174275,0.002929688,0.000325521,TRUE,3
SR_CC_MX_002_C,18,7,7.209,0.26062869,1.46415,2.058521447,27.66004009,7.89829182,0.024739583,0,TRUE,3
SR_CC_MX_002_C,19,8,19.241,0.257882501,0.586,8.891283803,74.61149925,34.47804245,0.914388021,0.948567708,TRUE,3
SR_CC_MX_002_C,20,9,18.583,0.250417906,8.016,7.124820034,74.20795228,28.45171959,0.910481771,0.933268229,TRUE,3
SR_CC_MX_002_C,21,10,20.854,0.385682565,1.0508,10.87648314,54.07037263,28.20060882,0.587890625,0.932291667,TRUE,3
SR_CC_MX_002_C,22,11,4.844,0.383420805,0.7154,0.37538158,12.63363891,0.979032892,0,0,TRUE,3
SR_CC_MX_002_C,23,12,17.542,0.198052915,9.2094,5.825924194,88.57228899,29.41599825,0.972981771,0.935221354,TRUE,3
SR_CC_MX_003_C,1,11,19.806,0.326402881,1.937,6.382584422,60.67961155,19.55431402,0.734375,0.648763021,FALSE,0
SR_CC_MX_003_C,2,12,8.675,0.145518687,1.47,2.464766659,59.6143365,16.93780162,0.712890625,0.427083333,FALSE,0
SR_CC_MX_003_C,3,19,22.353,0.499971505,6.6304,10.57792654,44.70854796,21.15705883,0.325195313,0.724934896,FALSE,0
SR_CC_MX_003_C,4,23,15.658,0.271661367,1.2458,4.658227598,57.63793423,17.14718457,0.674153646,0.452148438,FALSE,0
SR_CC_MX_003_C,5,26,18.547,0.260875971,2.275,4.397918855,71.09508748,16.85827496,0.8828125,0.419921875,FALSE,0
SR_CC_MX_003_C,6,34,16.321,0.383451616,3.607,7.288591569,42.56338821,19.007852,0.265950521,0.618489583,FALSE,0
SR_CC_MX_003_C,7,38,18.909,0.350580223,5.5501,7.907032374,53.93629972,22.55413126,0.584960938,0.787434896,FALSE,0
SR_CC_MX_003_C,8,43,19.889,0.313745095,2.9271,5.941753539,63.39222615,18.93815597,0.78515625,0.614583333,FALSE,0
SR_CC_MX_003_C,9,1,7.606,0.332001595,0.593,6.859242937,22.90952852,20.66027106,0.005208333,0.708658854,TRUE,1
SR_CC_MX_003_C,10,2,17.992,0.488102495,3.2144,3.974490775,36.86111046,8.142738078,0.134765625,0,TRUE,1
SR_CC_MX_003_C,11,3,3.422,0.495801495,0.9055,1.987501773,6.901955785,4.008664337,0,0,TRUE,1
SR_CC_MX_003_C,12,4,2.125,0.347882988,0.7,2.261520148,6.108375731,6.500806959,0,0,TRUE,1
SR_CC_MX_003_C,13,5,3.061,0.354308696,0.57215,5.474980486,8.639358947,15.45257159,0,0.244791667,TRUE,1
SR_CC_MX_003_C,14,6,3.349,0.45192864,0.55325,2.558233292,7.410461965,5.660701854,0,0,TRUE,1
SR_CC_MX_003_C,15,7,17.919,0.468840984,2.2712,4.53207512,38.2197816,9.666550659,0.163736979,0,TRUE,1
SR_CC_MX_003_C,16,8,2.219,0.536270994,0.6006,1.406379899,4.137833343,2.622517188,0,0,TRUE,1
SR_CC_MX_003_C,17,9,2.908,0.322114033,0.696,3.317033749,9.027858767,10.29770021,0,0,TRUE,1
SR_CC_MX_003_C,18,10,12.038,0.287000596,0.85115,3.264784022,41.94416381,11.37553047,0.248046875,0.000325521,TRUE,1
SR_CC_MX_003_C,19,11,19.755,0.246417885,3.6883,5.276467549,80.16869379,21.4126809,0.947916667,0.735677083,TRUE,1
SR_CC_MX_003_C,20,12,2.707,0.315177289,1,7.121770499,8.588816824,22.59607768,0,0.795572917,TRUE,1
SR_CC_MX_003_C,21,13,9.504,0.251756832,0.62365,2.753802827,37.75071336,10.93834398,0.152994792,0.000325521,TRUE,1
SR_CC_MX_003_C,22,14,2.062,0.329905432,0.593,1.810572015,6.250275993,5.488154608,0,0,TRUE,1
SR_CC_MX_003_C,23,15,3.348,0.314829507,0.57,1.82895975,10.63432724,5.809365737,0,0,TRUE,1
SR_CC_MX_003_C,24,16,2.849,0.387894143,0.56605,1.85225133,7.344787368,4.775146427,0,0,TRUE,1
SR_CC_MX_003_C,25,17,2.312,0.229927028,0.553,3.198979417,10.05536418,13.91302035,0,0.063151042,TRUE,1
SR_CC_MX_003_C,26,18,2.549,0.26435573,0.7285,0.918177944,9.642310379,3.47326666,0,0,TRUE,1
SR_CC_MX_003_C,27,19,3.554,0.273731656,0.6,5.53947548,12.98351841,20.23688291,0,0.685872396,TRUE,1
SR_CC_MX_003_C,28,20,2.602,0.372366106,0.57675,1.858775478,6.987746626,4.99179557,0,0,TRUE,1
SR_CC_MX_003_C,29,21,3.102,0.2445219,1.1804,1.744009203,12.68598029,7.132323136,0,0,TRUE,1
SR_CC_MX_003_C,30,22,4.003,0.373090721,0.8532,3.172416506,10.72929391,8.503069975,0,0,TRUE,1
SR_CC_MX_003_C,31,23,3.829,0.306509508,0.685,2.865224899,12.49227151,9.347915223,0,0,TRUE,1
SR_CC_MX_005_C,1,14,13.137,0.195223295,1.2326,4.799000577,67.29217448,24.58211039,0.84375,0.878255208,FALSE,1
SR_CC_MX_005_C,2,24,7.712,0.218073079,0.5798,3.919658884,35.36429175,17.97406124,0.106119792,0.537434896,FALSE,1
SR_CC_MX_005_C,3,1,11.298,0.385244628,2.45105,6.081099518,29.32682038,15.78503393,0.035807292,0.282877604,TRUE,3
SR_CC_MX_005_C,4,2,5.709,0.288688794,0.5973,2.750661401,19.77562041,9.528119765,0.002278646,0,TRUE,3
SR_CC_MX_005_C,5,3,8.122,0.238138681,0.584,8.852546893,34.10617697,37.17391418,0.086263021,0.956054688,TRUE,3
SR_CC_MX_005_C,6,4,2.944,0.374045912,0.63265,6.954694306,7.870691543,18.59315681,0,0.595052083,TRUE,3
SR_CC_MX_005_C,7,5,2.935,0.346752437,0.9414,3.416759135,8.46425197,9.853598037,0,0,TRUE,3
SR_CC_MX_005_C,8,6,11.226,0.355351429,2.1486,4.680547932,31.59126177,13.17160297,0.055013021,0.020182292,TRUE,3
SR_CC_MX_005_C,9,7,2.607,0.267842141,0.56145,3.492634836,9.733345147,13.03990039,0,0.015299479,TRUE,3
SR_CC_MX_005_C,10,8,10.963,0.180210695,2.4192,6.541326392,60.83434724,36.2982141,0.73828125,0.953450521,TRUE,3
SR_CC_MX_005_C,11,9,3.134,0.280145648,0.591,1.822991097,11.18703795,6.507297573,0,0,TRUE,3
SR_CC_MX_005_C,12,10,7.167,0.251968553,1.3573,3.612169163,28.44402573,14.33579358,0.029622396,0.103190104,TRUE,3
SR_CC_MX_005_C,13,11,2.947,0.320145868,0.593,5.547283042,9.205178923,17.32736102,0,0.470703125,TRUE,3
SR_CC_MX_005_C,14,12,2.354,0.206185095,0.56665,1.958696417,11.41692614,9.499699378,0,0,TRUE,3
SR_CC_MX_006_C,1,6,16.253,0.299130517,3.5905,5.354264018,54.33414199,17.89942419,0.59375,0.52734375,FALSE,0
SR_CC_MX_006_C,2,9,16.281,0.266219549,1.5771,5.012347898,61.15629031,18.82787318,0.747721354,0.611328125,FALSE,0
SR_CC_MX_006_C,3,13,18.067,0.317142426,6.3796,6.752106192,56.96809548,21.29045388,0.657552083,0.729492188,FALSE,0
SR_CC_MX_006_C,4,21,17.862,0.357075595,1.25135,7.056400341,50.02302104,19.76164275,0.474934896,0.662760417,FALSE,0
SR_CC_MX_006_C,5,27,16.911,0.281153493,0.65,4.610640883,60.14863924,16.39901692,0.730794271,0.365234375,FALSE,0
SR_CC_MX_006_C,6,30,18.327,0.352594748,5.8233,6.221001541,51.97751843,17.64348896,0.534505208,0.508789063,FALSE,0
SR_CC_MX_006_C,7,34,18.094,0.295421226,1.327,4.520751115,61.24813792,15.30272951,0.749348958,0.227213542,FALSE,0
SR_CC_MX_006_C,8,40,17.415,0.347917234,5.3474,5.813476871,50.05500818,16.70936735,0.474934896,0.40234375,FALSE,0
SR_CC_MX_006_C,9,41,16.029,0.425792713,0.86615,7.040872846,37.64507825,16.53591673,0.150716146,0.380533854,FALSE,0
SR_CC_MX_006_C,10,2,16.61,0.294129436,4.71475,5.285526698,56.4717364,17.97007046,0.646484375,0.537434896,FALSE,1
SR_CC_MX_006_C,11,1,11.772,0.264744373,3.17915,4.013930827,44.46553425,15.16153403,0.319661458,0.206380208,FALSE,2
SR_CC_MX_006_C,12,5,16.454,0.277268874,2.5842,4.367101372,59.34311976,15.75042055,0.7109375,0.279622396,FALSE,2
SR_CC_MX_006_C,13,7,15.13,0.37182847,5.7902,6.490903105,40.6908056,17.45671358,0.218098958,0.480794271,FALSE,2
SR_CC_MX_006_C,14,3,16.477,0.399902631,1.268,5.804897905,41.20252967,14.51577825,0.230143229,0.12109375,FALSE,3
SR_CC_MX_006_C,15,1,15.769,0.230484492,0.675,17.08909823,68.41675058,74.1442432,0.854817708,0.9921875,TRUE,5
SR_SM_MX_001_C,1,25,6.18,0.160131237,0.7058,3.132712134,38.59334454,19.56340432,0.171549479,0.648763021,FALSE,0
SR_SM_MX_001_C,2,1,8.401,0.374446212,0.80595,2.957795733,22.43579911,7.899120449,0.004882813,0,TRUE,1
SR_SM_MX_001_C,3,2,4.277,0.298089284,0.783,4.008107712,14.34805014,13.44599729,0,0.032226563,TRUE,1
SR_SM_MX_001_C,4,3,3.6,0.373496763,0.6945,3.065198548,9.63863774,8.206760668,0,0,TRUE,1
SR_SM_MX_001_C,5,4,2.927,0.210866976,0.73175,2.147988818,13.88078899,10.1864638,0,0,TRUE,1
SR_SM_MX_001_C,6,5,4.313,0.471082975,0.6277,3.085576611,9.155499619,6.549964175,0,0,TRUE,1
SR_SM_MX_001_C,7,6,3.76,0.26986851,0.6068,4.869425544,13.93271118,18.04369673,0,0.543294271,TRUE,1
SR_SM_MX_001_C,8,7,4.848,0.330613057,0.602,4.622812664,14.6636677,13.98254718,0,0.069010417,TRUE,1
SR_SM_MX_001_C,9,8,3.501,0.258856215,0.65,3.566081916,13.52488289,13.776304,0,0.055013021,TRUE,1
SR_SM_MX_001_C,10,9,4.006,0.424512046,0.696,1.897749433,9.436716914,4.470425404,0,0,TRUE,1
SR_SM_MX_001_C,11,10,3.527,0.480345827,0.9337,0.998070987,7.342626507,2.077817547,0,0,TRUE,1
SR_SM_MX_001_C,12,12,4.612,0.271036438,0.8976,3.156600838,17.01616222,11.64640762,0.000325521,0.000325521,TRUE,1
SR_SM_MX_001_C,13,13,2.472,0.227280548,0.5913,5.897751865,10.87642573,25.94921527,0,0.916992188,TRUE,1
SR_SM_MX_001_C,14,14,2.516,0.194894407,0.59425,2.197532551,12.90955465,11.27550341,0,0.000325521,TRUE,1
SR_SM_MX_001_C,15,15,4.515,0.438924043,0.604,4.499507398,10.28651785,10.25122108,0,0,TRUE,1
SR_SM_MX_001_C,16,16,3.511,0.346763937,0.59525,4.473171483,10.12504366,12.89975978,0,0.010742188,TRUE,1
SR_SM_MX_001_C,17,17,4.502,0.3388204,0.6987,4.949568816,13.28727552,14.60823735,0,0.133463542,TRUE,1
SR_SM_MX_001_C,18,18,2.304,0.385312902,0.65975,2.56989724,5.979555806,6.669637136,0,0,TRUE,1
SR_SM_MX_001_C,19,19,4.328,0.34804034,0.6277,2.021273259,12.43534011,5.807583278,0,0,TRUE,1
SR_SM_MX_001_C,20,20,4.747,0.325546759,0.70885,2.959090301,14.58162268,9.089601484,0,0,TRUE,1
SR_SM_MX_001_C,21,21,3.226,0.205329546,0.6302,2.68767814,15.71132874,13.08958302,0.000325521,0.016276042,TRUE,1
SR_SM_MX_001_C,22,22,4.01,0.656553554,0.55915,3.25130518,6.107651045,4.952079173,0,0,TRUE,1
SR_SM_MX_001_C,23,23,4.3,0.370640593,0.6396,4.0098075,11.6015355,10.81858699,0,0,TRUE,1
SR_SM_MX_001_C,24,24,3.249,0.220308474,0.596,4.26723239,14.74750356,19.36935207,0,0.636393229,TRUE,1
SR_SM_MX_001_C,25,25,3.813,0.279983747,0.599,3.249322644,13.61864765,11.60539737,0,0.000325521,TRUE,1
SR_SM_MX_001_C,26,26,2.4,0.386460487,0.8514,4.097134734,6.210207978,10.60169117,0,0,TRUE,1
SR_SM_MX_001_C,27,27,4.701,0.265123442,1.1626,2.870093466,17.73136305,10.82549867,0.000325521,0,TRUE,1
SR_SM_MX_001_C,28,28,4.306,0.218361599,0.556,4.02793448,19.71958447,18.44616679,0.001953125,0.580078125,TRUE,1
SR_SM_MX_001_C,29,29,5.318,0.362673106,0.68285,3.152945813,14.6633426,8.693630057,0,0,TRUE,1
SR_SM_MX_002_C,1,2,14.894,0.373374314,0.96435,6.807987455,39.89026409,18.23367916,0.196614583,0.5625,FALSE,0
SR_SM_MX_002_C,2,12,10.755,0.243828704,1.40675,4.903319705,44.10883464,20.10969019,0.310221354,0.681966146,FALSE,0
SR_SM_MX_002_C,3,37,12.662,0.207284579,1.0203,4.161527767,61.08510354,20.07639824,0.744140625,0.681966146,FALSE,0
SR_SM_MX_002_C,4,44,13.258,0.19069742,2.208,3.774998701,69.52375141,19.79575134,0.867513021,0.662760417,FALSE,0
SR_SM_MX_002_C,5,2,8.715,0.16265952,1.213,3.384128204,53.57817355,20.80498086,0.577799479,0.713216146,FALSE,1
SR_SM_MX_002_C,6,13,13.81,0.276846607,1.10325,6.869100048,49.88321935,24.81193515,0.469401042,0.885416667,FALSE,2
SR_SM_MX_002_C,7,1,2.615,0.238930894,0.5648,0.891003444,10.9445872,3.729126155,0,0,TRUE,4
SR_SM_MX_002_C,8,2,9.635,0.337251802,1.546,4.842932138,28.56915794,14.35998891,0.030273438,0.104166667,TRUE,4
SR_SM_MX_002_C,9,3,12.351,0.284103325,0.793,9.361435791,43.47362005,32.95081392,0.294270833,0.9453125,TRUE,4
SR_SM_MX_002_C,10,4,14.631,0.23891523,1.8413,7.861419155,61.23929408,32.90463806,0.749348958,0.9453125,TRUE,4
SR_SM_MX_002_C,11,5,5.162,0.199451348,0.6924,1.882267177,25.88099825,9.437224625,0.015950521,0,TRUE,4
SR_SM_MX_002_C,12,6,2.705,0.307971621,0.877,3.004598394,8.783276826,9.756088521,0,0,TRUE,4
SR_SM_MX_002_C,13,7,4.012,0.264170104,0.586,1.026632518,15.1871841,3.886255496,0.000325521,0,TRUE,4
SR_SM_MX_002_C,14,8,7.542,0.392712592,0.7139,2.367993814,19.2048846,6.029839289,0.000976563,0,TRUE,4
SR_SM_MX_002_C,15,9,8.113,0.219056211,1.2998,1.692270832,37.03615605,7.725281231,0.137369792,0,TRUE,4
SR_SM_MX_002_C,16,10,11.011,0.377585577,0.597,8.993316142,29.16160117,23.81795464,0.034830729,0.848958333,TRUE,4
SR_SM_MX_002_C,17,11,2.605,0.396376647,1.005,3.147199897,6.572031983,7.939922603,0,0,TRUE,4
SR_SM_MX_002_C,18,12,5.06,0.243078831,0.5578,2.754337721,20.81629233,11.33104727,0.002929688,0.000325521,TRUE,4
SR_SM_MX_002_C,19,13,3.492,0.382938892,0.59035,1.203417836,9.118948402,3.142584524,0,0,TRUE,4
SR_SM_MX_002_C,20,14,7.752,0.285144933,0.8831,3.52032844,27.18617481,12.34575134,0.021809896,0.003255208,TRUE,4
SR_SM_MX_002_C,21,15,9.885,0.355115213,0.9746,2.132459003,27.8360364,6.00497789,0.025065104,0,TRUE,4
SR_SM_MX_002_C,22,16,2.418,0.293366242,0.81,1.729880524,8.24225712,5.896658421,0,0,TRUE,4
SR_SM_MX_002_C,23,17,8.68,0.315198025,0.6261,2.03065665,27.53824366,6.442478987,0.024739583,0,TRUE,4
SR_SM_MX_003_C,1,8,9.204,0.20618455,0.9753,3.199053546,44.63962017,15.51548622,0.322916667,0.251953125,FALSE,0
SR_SM_MX_003_C,2,43,16.754,0.307160893,4.8424,6.105022255,54.54470398,19.8756495,0.598958333,0.669921875,FALSE,0
SR_SM_MX_003_C,3,48,14.013,0.228780743,1.057,5.212642061,61.25078456,22.78444415,0.749348958,0.800130208,FALSE,0
SR_SM_MX_003_C,4,1,2.719,0.298967533,0.685,2.512685436,9.094633038,8.404542841,0,0,TRUE,1
SR_SM_MX_003_C,5,2,2.16,0.353345614,0.685,4.077651869,6.112995083,11.54012307,0,0.000325521,TRUE,1
SR_SM_MX_003_C,6,3,9.906,0.315129242,1.28945,3.875923638,31.43472165,12.29947312,0.053710938,0.002604167,TRUE,1
SR_SM_MX_003_C,7,4,3.351,0.228928196,0.6788,1.183313377,14.6377775,5.168928058,0,0,TRUE,1
SR_SM_MX_003_C,8,5,2.112,0.690467592,0.5831,3.339606997,3.058796714,4.836732438,0,0,TRUE,1
SR_SM_MX_003_C,9,6,13.61,0.343764118,2.09165,4.835894861,39.59110127,14.06748003,0.192708333,0.076497396,TRUE,1
SR_SM_MX_003_C,10,7,18.158,0.356118147,2.69015,9.616721624,50.98869623,27.004301,0.505533854,0.929361979,TRUE,1
SR_SM_MX_003_C,11,8,2.523,0.314290206,0.5769,2.09081748,8.027612544,6.652505996,0,0,TRUE,1
SR_SM_MX_003_C,12,9,1.569,0.225473786,1.118,3.370431079,6.958680334,14.94821699,0,0.17578125,TRUE,1
SR_SM_MX_003_C,13,10,3.975,0.321407715,0.615,2.4398835,12.36746915,7.591241234,0,0,TRUE,1
SR_SM_MX_003_C,14,11,10.654,0.327608303,0.674,4.055711188,32.52054332,12.37975703,0.065755208,0.003580729,TRUE,1
SR_SM_MX_003_C,15,12,3.735,0.3108942,0.57455,4.159398541,12.01373329,13.37882322,0,0.027669271,TRUE,1
SR_SM_MX_003_C,16,13,4.21,0.249359906,0.571,3.700125282,16.88322744,14.83849328,0.000325521,0.16015625,TRUE,1
SR_SM_MX_003_C,17,14,10.104,0.2771313,1.59855,1.730291914,36.45925239,6.243581711,0.124674479,0,TRUE,1
SR_SM_MX_003_C,18,15,12.229,0.386407412,4.392,4.665022511,31.64794361,12.07280803,0.055338542,0.001302083,TRUE,1
SR_SM_MX_003_C,19,16,9.548,0.392100014,0.6695,2.19391937,24.35093004,5.595305518,0.009440104,0,TRUE,1
SR_SM_MX_003_C,20,17,2.518,0.701536201,0.7359,0.909702476,3.589265953,1.296729199,0,0,TRUE,1
SR_SM_MX_003_C,21,18,6.936,0.561235664,0.8847,3.491002456,12.35844484,6.220207797,0,0,TRUE,1
SR_SM_MX_003_C,22,19,2.013,0.493658498,0.6662,1.183644468,4.077717708,2.39769896,0,0,TRUE,1
SR_SM_MX_004_C,1,2,9.784,0.184340769,0.601,2.949501556,53.07561683,16.00026722,0.563476563,0.312174479,FALSE,0
SR_SM_MX_004_C,2,14,12.641,0.313791721,2.81765,6.343392916,40.284683,20.21529727,0.207356771,0.685872396,FALSE,0
SR_SM_MX_004_C,3,25,15.71,0.294177029,2.47705,4.407783974,53.40321801,14.98344039,0.573893229,0.180664063,FALSE,0
SR_SM_MX_004_C,4,29,14.487,0.243031334,0.698,5.010048675,59.60959751,20.61482605,0.712890625,0.702799479,FALSE,0
SR_SM_MX_004_C,5,32,16.856,0.390079176,2.398,6.44802908,43.21174013,16.53005203,0.285481771,0.380533854,FALSE,0
SR_SM_MX_004_C,6,41,6.141,0.135619775,0.612,2.346083867,45.281007,17.29898062,0.339518229,0.465494792,FALSE,0
SR_SM_MX_004_C,7,8,14.391,0.271492342,2.8173,5.174507757,53.00701999,19.05949803,0.562174479,0.619466146,FALSE,1
SR_SM_MX_004_C,8,2,16.897,0.422307526,0.654,5.725888732,40.01112686,13.55857611,0.205403646,0.039388021,TRUE,3
SR_SM_MX_004_C,9,3,7.551,0.300258234,0.8565,3.589178051,25.14835282,11.95363739,0.013020833,0.001302083,TRUE,3
SR_SM_MX_004_C,10,5,8.138,0.280978791,0.7218,3.916598075,28.96304009,13.9391235,0.033528646,0.065755208,TRUE,3
SR_SM_MX_004_C,11,6,11.236,0.384375871,1.50565,2.924936302,29.23180366,7.609573131,0.034830729,0,TRUE,3
SR_SM_MX_004_C,12,7,2.423,0.667046124,0.96,5.42040109,3.632432472,8.125976446,0,0,TRUE,3
SR_SM_MX_004_C,13,8,13.316,0.612761701,1.966,4.220810458,21.73112318,6.888176027,0.004231771,0,TRUE,3
SR_SM_MX_004_C,14,9,6.425,0.300349902,0.9484,2.114235557,21.39171666,7.039241711,0.00390625,0,TRUE,3
SR_SM_MX_004_C,15,10,6.939,0.398238607,1.2633,2.820572707,17.4242273,7.082619967,0.000325521,0,TRUE,3
SR_SM_MX_004_C,16,11,7.81,0.485468526,0.96725,2.840064238,16.08755167,5.85015111,0.000325521,0,TRUE,3
SR_SM_MX_004_C,17,12,4.415,0.350917044,0.7066,2.676625984,12.58132107,7.627517755,0,0,TRUE,3
SR_SM_MX_004_C,18,13,2.904,0.236554988,0.9685,4.588928295,12.27621547,19.39899191,0,0.641601563,TRUE,3
SR_SM_MX_004_C,19,14,15.715,0.540821186,0.729,5.479782812,29.05766343,10.13233755,0.034505208,0,TRUE,3
SR_SM_MX_004_C,20,15,8.608,0.335669147,0.58415,8.802638337,25.64429913,26.22415086,0.015299479,0.927083333,TRUE,3
SR_SM_MX_006_C,1,6,14.513,0.3214601,1.46935,5.78268546,45.14712706,17.98881246,0.336914063,0.537434896,FALSE,0
SR_SM_MX_006_C,2,8,11.293,0.238546725,0.877,4.183448909,47.3408302,17.53723053,0.395507813,0.491210938,FALSE,0
SR_SM_MX_006_C,3,29,14.937,0.315718913,1.59125,7.49598621,47.31107122,23.74259473,0.394205729,0.848958333,FALSE,0
SR_SM_MX_006_C,4,33,16.02,0.411517148,1.473,7.612568425,38.92911891,18.49878785,0.178059896,0.584309896,FALSE,0
SR_SM_MX_006_C,5,37,12.158,0.192949367,3.079,4.826244894,63.01134935,25.01301226,0.777669271,0.892252604,FALSE,0
SR_SM_MX_006_C,6,12,7.403,0.193469262,0.93615,4.879272396,38.26447626,25.21988421,0.1640625,0.899739583,FALSE,1
SR_SM_MX_006_C,7,1,3.241,0.318088491,0.58925,3.794953535,10.18898857,11.9304962,0,0.000976563,TRUE,3
SR_SM_MX_006_C,8,2,3.388,0.275883882,0.601,6.494334563,12.28052894,23.5401014,0,0.836914063,TRUE,3
SR_SM_MX_006_C,9,3,4.301,0.52948294,0.71,4.337259081,8.12301904,8.191499209,0,0,TRUE,3
SR_SM_MX_006_C,10,4,4.811,0.286234841,0.5978,4.583925826,16.80787699,16.01456276,0.000325521,0.312174479,TRUE,3
SR_SM_MX_006_C,11,5,5.364,0.417483789,0.605,4.769826912,12.84840309,11.42517875,0,0.000325521,TRUE,3
SR_SM_MX_006_C,12,6,6.804,0.215381262,0.614,5.713753902,31.59049181,26.52855612,0.055013021,0.927734375,TRUE,3
SR_SM_MX_006_C,13,7,3.657,0.270780732,0.565,9.709959385,13.50539227,35.85912235,0,0.951171875,TRUE,3
SR_SM_MX_006_C,14,8,3.547,0.389535642,0.6924,4.454666461,9.105713619,11.43583791,0,0.000325521,TRUE,3
SR_SM_MX_006_C,15,9,2.477,0.269535337,0.5666,1.680906834,9.189889643,6.236313404,0,0,TRUE,3
SR_SM_MX_008_C,1,1,2.454,0.338490768,0.56725,2.043867545,7.249828453,6.03817811,0,0,TRUE,1
SR_SM_MX_008_C,2,2,2.129,0.51189345,1.086,4.51887956,4.159068647,8.827773742,0,0,TRUE,1
SR_SM_MX_008_C,3,3,8.705,0.425590488,1.1774,6.997689279,20.45393457,16.44230657,0.002604167,0.371744792,TRUE,1
SR_SM_MX_008_C,4,5,6.865,0.30861115,1.4135,1.928429048,22.24482166,6.248734195,0.004557292,0,TRUE,1
SR_SM_MX_008_C,5,7,5.024,0.165486057,0.6929,1.509762471,30.35905307,9.12320043,0.042317708,0,TRUE,1
SR_SM_MX_008_C,6,8,3.915,0.313818647,0.677,5.43957833,12.47535809,17.33350895,0,0.470703125,TRUE,1
SR_SM_MX_008_C,7,9,3.437,0.563608745,0.6756,1.53055182,6.098202046,2.715628235,0,0,TRUE,1
SR_SM_MX_008_C,8,10,2.885,0.286962992,0.76925,4.030284963,10.05356118,14.04461575,0,0.074869792,TRUE,1
SR_SM_MX_008_C,9,12,7.168,0.711282079,1.0024,2.352739429,10.07757712,3.307744564,0,0,TRUE,1
SR_SM_MX_008_C,10,13,2.144,0.328769427,0.87,8.267863503,6.521287632,25.14790858,0,0.892252604,TRUE,1
SR_SM_MX_008_C,11,14,2.431,0.324281655,0.886,10.50004599,7.496569601,32.37940171,0,0.944661458,TRUE,1
SR_SM_MX_008_C,12,15,5.322,0.916556428,0.5768,4.407651096,5.806516478,4.808924975,0,0,TRUE,1
SR_SM_MX_008_C,13,16,4.889,0.293677296,0.7442,2.676301069,16.64752456,9.113067658,0.000325521,0,TRUE,1
SR_SM_MX_008_C,14,17,4.2,0.32702036,0.633,2.349535125,12.84323705,7.184675372,0,0,TRUE,1
SR_SM_MX_008_C,15,18,4.227,0.375168787,0.79395,1.710480275,11.26692876,4.559228627,0,0,TRUE,1
SR_SM_MX_008_C,16,19,4.827,0.239925194,0.659,3.077696634,20.11877088,12.82773429,0.002604167,0.009765625,TRUE,1
SR_SM_MX_008_C,17,20,4.908,0.309026191,0.6898,0.866155418,15.88214895,2.802854392,0.000325521,0,TRUE,1
SR_SM_MX_008_C,18,21,3.187,0.28353802,0.553,3.826395814,11.24011516,13.49517716,0,0.034505208,TRUE,1
SR_SM_MX_008_C,19,22,2.277,0.380918337,0.598,5.443538983,5.9776592,14.29056692,0,0.096679688,TRUE,1
